"","LU1049766626","IE00B7TWVK27","LU0229949994","IE00B12V2W34","LU0756523055"
"2014-01-02",,126.02,17.9,17.3946,6.674
"2014-01-03",,123.91,17.88,17.4194,6.662
"2014-01-06",,123.36,17.82,17.5008,6.655
"2014-01-07",,122.2,17.8,17.5134,6.649
"2014-01-08",,123.77,17.84,17.4785,6.643
"2014-01-09",,122.07,17.86,17.4392,6.645
"2014-01-10",,122.15,17.89,17.4601,6.652
"2014-01-13",,122.11,17.94,17.4801,6.655
"2014-01-14",,121.54,17.96,17.4936,6.656
"2014-01-15",,121.7,17.88,17.5165,6.665
"2014-01-16",,121.5,17.88,17.5022,6.671
"2014-01-17",,121.15,17.86,17.4991,6.678
"2014-01-20",,120.74,17.84,17.495,6.679
"2014-01-21",,122.06,17.79,17.4864,6.662
"2014-01-22",,122.13,17.79,17.4327,6.65
"2014-01-23",,120.29,17.72,17.3076,6.631
"2014-01-24",,117.95,17.6,17.1906,6.607
"2014-01-27",,115.94,17.55,17.1823,6.596
"2014-01-28",,116.28,17.62,17.2569,6.616
"2014-01-29",,116.59,17.6,17.1929,6.63
"2014-01-30",,116.33,17.58,17.124,6.626
"2014-01-31",,116.07,17.54,17.0245,6.623
"2014-02-03",,,17.5,17.0322,6.628
"2014-02-04",,114.21,17.58,17.1065,6.617
"2014-02-05",,113.11,17.62,17.1538,6.62
"2014-02-06",,113.69,17.63,17.1894,6.639
"2014-02-07",,115.57,17.64,17.2325,6.647
"2014-02-10",,115.6,17.63,17.2503,6.653
"2014-02-11",,117.28,17.68,17.2613,6.668
"2014-02-12",,118.22,17.75,17.2771,6.687
"2014-02-13",,117.91,17.72,17.2358,6.68
"2014-02-14",,117.84,17.82,17.2674,6.699
"2014-02-17",,119.46,17.88,17.2897,6.703
"2014-02-18",,120.09,17.84,17.2738,6.712
"2014-02-19",,120.63,17.86,17.2432,6.718
"2014-02-20",,119.69,17.82,17.248,6.72
"2014-02-21",,119.21,17.85,17.3309,6.727
"2014-02-24",,118.2,17.88,17.4202,6.722
"2014-02-25",,116.76,17.87,17.4472,6.722
"2014-02-26",,118.28,17.9,17.4365,6.723
"2014-02-27",,118.94,17.87,17.4952,6.73
"2014-02-28",,118.23,17.91,17.5667,6.737
"2014-03-03",,116.99,17.87,17.4565,6.743
"2014-03-04",,117.44,17.92,17.5236,6.744
"2014-03-05",,117.28,17.98,17.5408,6.749
"2014-03-06",,118.23,18.1,17.5661,6.761
"2014-03-07",,119.61,18.12,17.5357,6.772
"2014-03-10",,118.1,18.09,17.5036,6.774
"2014-03-11",,117.99,18.09,17.508,6.771
"2014-03-12",,116.44,18.03,17.445,6.764
"2014-03-13",,115.33,18.03,17.454,6.766
"2014-03-14",,112.49,18.03,17.4299,6.748
"2014-03-17",,112.32,18.08,,6.728
"2014-03-18",,113.31,18.07,17.4838,6.717
"2014-03-19",,112.95,18.07,17.5034,6.7
"2014-03-20",,111.73,17.95,17.4587,6.695
"2014-03-21",,112.93,17.93,17.482,6.714
"2014-03-24",,114.09,17.97,17.5042,6.726
"2014-03-25",,112.8,17.99,17.5504,6.742
"2014-03-26",,113.15,18.01,17.6227,6.775
"2014-03-27",,112.63,18.03,17.6983,6.791
"2014-03-28",,114.08,18.14,17.7182,6.8
"2014-03-31",,114.69,18.19,17.7592,6.809
"2014-04-01",,115.47,18.27,17.794,6.81
"2014-04-02",,116.16,18.29,17.7884,6.844
"2014-04-03",,115.56,18.26,17.7734,6.841
"2014-04-04",,114.75,18.25,17.8422,6.841
"2014-04-07",,114.38,18.26,17.8519,6.849
"2014-04-08",,115.57,18.34,17.8984,6.861
"2014-04-09",,115.67,18.41,17.9115,6.871
"2014-04-10",,117.09,18.4,17.9787,6.873
"2014-04-11",,114.72,18.38,17.942,6.864
"2014-04-14",,114.33,18.34,17.9099,6.862
"2014-04-15",,113.05,18.35,17.8894,6.863
"2014-04-16",,112.6,18.37,17.8977,6.874
"2014-04-17",,113.27,18.41,17.9212,6.882
"2014-04-21",,113.34,18.38,,
"2014-04-22",,113.75,18.34,17.9292,6.886
"2014-04-23",,112.86,18.29,17.9171,6.886
"2014-04-24",,112.99,18.28,17.9241,6.886
"2014-04-25",,111.97,18.3,17.8766,6.888
"2014-04-28",,109.81,18.35,17.8757,6.88
"2014-04-29",99.71,110.21,18.39,17.934,6.878
"2014-04-30",99.66,109.9,18.35,17.9522,6.878
"2014-05-01",,109.96,18.36,17.9973,
"2014-05-02",99.86,110.59,18.37,18.0302,6.887
"2014-05-05",99.47,109.74,18.42,,6.891
"2014-05-06",99.49,109.55,18.43,18.0566,6.898
"2014-05-07",98.78,107.92,18.46,18.1189,6.883
"2014-05-08",98.19,107.22,18.49,18.1974,6.879
"2014-05-09",98.72,106.86,18.52,18.1924,6.893
"2014-05-12",98.9,108.94,18.52,18.192,6.896
"2014-05-13",99.59,109.72,18.57,18.2207,6.901
"2014-05-14",100.46,110.66,18.59,18.2549,6.919
"2014-05-15",100.01,110.48,18.58,18.2887,6.935
"2014-05-16",100.26,110,18.62,18.2821,6.936
"2014-05-19",100.46,109.23,18.67,18.2853,6.936
"2014-05-20",100.3,109.68,18.62,18.2823,6.933
"2014-05-21",100.39,110.79,18.63,18.3027,6.939
"2014-05-22",101.34,112.06,18.67,18.339,6.956
"2014-05-23",102.13,113.08,18.65,18.3642,6.957
"2014-05-26",101.9,113.52,18.65,18.366,6.971
"2014-05-27",102.09,113,18.61,18.3672,6.99
"2014-05-28",102.22,114.03,18.58,18.4152,6.993
"2014-05-29",,114.13,18.62,18.492,
"2014-05-30",102.54,113.59,18.62,18.4731,7.011
"2014-06-02",102.55,113.32,18.61,,7.012
"2014-06-03",102.88,114.09,18.62,18.4242,7.018
"2014-06-04",102.63,112.89,18.6,18.3932,7.019
"2014-06-05",102.3,114.15,18.65,18.4301,7.019
"2014-06-06",102.58,114.66,18.7,18.5657,7.029
"2014-06-09",,115.35,18.75,18.6067,
"2014-06-10",103.09,116.25,18.74,18.5739,7.048
"2014-06-11",102.95,116.13,18.72,18.5395,7.055
"2014-06-12",103,115.93,18.71,18.5303,7.067
"2014-06-13",102.63,116.67,18.69,18.52,7.067
"2014-06-16",102.37,116.41,18.64,18.4601,7.071
"2014-06-17",101.87,116.27,18.62,18.41,7.056
"2014-06-18",101.45,116.24,18.56,18.4362,7.056
"2014-06-19",101.32,116.1,18.65,18.5206,7.061
"2014-06-20",100.47,116.16,18.63,18.5174,7.062
"2014-06-23",,114.71,18.64,18.5473,
"2014-06-24",101.19,115.26,18.63,18.6008,7.069
"2014-06-25",101.12,115.27,18.59,18.6191,7.074
"2014-06-26",101.21,116.62,18.6,18.6289,7.074
"2014-06-27",101.05,116.37,18.63,18.6423,7.081
"2014-06-30",101.54,117.71,18.67,18.6376,7.091
"2014-07-01",101.8,117.95,18.71,18.6322,7.092
"2014-07-02",102.79,119.46,18.72,18.6159,7.091
"2014-07-03",102.94,120.78,18.74,18.6072,7.102
"2014-07-04",103.32,121.27,18.76,18.6206,7.116
"2014-07-07",103.7,121.96,18.75,18.6361,7.121
"2014-07-08",103.55,120.86,18.79,18.6809,7.133
"2014-07-09",103.23,120.23,18.8,18.6907,7.131
"2014-07-10",102.89,120.4,18.77,18.6873,7.133
"2014-07-11",102.22,120.33,18.73,18.6914,7.136
"2014-07-14",101.94,121.09,18.74,18.676,7.138
"2014-07-15",102.33,121.72,18.71,18.6602,7.14
"2014-07-16",102.73,122.11,18.7,18.6844,7.138
"2014-07-17",102.59,121.18,18.71,18.6287,7.134
"2014-07-18",102.81,121.23,18.72,18.6349,7.138
"2014-07-21",103.09,121.46,18.78,18.6241,7.136
"2014-07-22",103.47,124.18,18.8,18.6815,7.14
"2014-07-23",104.02,125.78,18.85,18.7311,7.146
"2014-07-24",104.32,126.63,18.83,18.7284,7.156
"2014-07-25",104.41,126.72,18.85,18.7033,7.165
"2014-07-28",104.58,128.33,18.87,18.659,7.168
"2014-07-29",104.6,128.19,18.88,18.6063,7.173
"2014-07-30",104.44,127.24,18.9,18.5717,7.174
"2014-07-31",104.42,126.43,18.85,18.4904,7.167
"2014-08-01",103.81,125.61,18.73,18.4517,7.168
"2014-08-04",104,127.87,18.77,,7.147
"2014-08-05",103.79,127.09,18.82,18.3677,7.143
"2014-08-06",103.24,127.54,18.73,18.2944,7.147
"2014-08-07",103.07,127.11,18.69,18.2969,7.136
"2014-08-08",102.29,127.32,18.71,18.2799,7.126
"2014-08-11",103.13,130.2,18.78,18.354,7.113
"2014-08-12",103.71,131.03999,18.81,18.3831,7.121
"2014-08-13",104.62,133.23,18.83,18.4357,7.129
"2014-08-14",104.64,132.42,18.92,18.4937,7.148
"2014-08-15",,132.41,18.94,18.5064,
"2014-08-18",104.33,133.10001,18.97,18.5262,7.178
"2014-08-19",104.76,133.83,18.97,18.5552,7.182
"2014-08-20",104.76,134.53,18.95,18.5292,7.185
"2014-08-21",104.55,134.17,18.93,18.5364,7.185
"2014-08-22",105.15,137.03999,18.97,18.5082,7.183
"2014-08-25",105.1,138.53999,18.95,18.5089,7.189
"2014-08-26",105.02,138.56,18.98,18.567,7.194
"2014-08-27",105.23,137.03999,19.01,18.6152,7.205
"2014-08-28",104.75,135.35001,18.99,18.5649,7.203
"2014-08-29",105.05,136.28999,19.01,18.5817,7.214
"2014-09-01",104.77,137.55,19.01,18.5696,7.216
"2014-09-02",104.55,138.39999,18.96,18.5114,7.216
"2014-09-03",105.82,141,18.96,18.5885,7.216
"2014-09-04",105.87,142.03,19,18.5874,7.219
"2014-09-05",105.83,142.09,18.97,18.5906,7.219
"2014-09-08",106.01,142.95,19.02,18.573,7.221
"2014-09-09",105.62,141.66,18.94,18.4803,7.219
"2014-09-10",104.92,139.91,18.91,18.399,7.218
"2014-09-11",104.89,138.96001,18.92,18.3999,7.207
"2014-09-12",104.71,138.47,18.93,18.3079,7.205
"2014-09-15",103.94,136.53,18.83,18.2425,7.194
"2014-09-16",103.07,135.08,18.84,18.2402,7.17
"2014-09-17",103.43,136.52,18.89,18.2595,7.171
"2014-09-18",104.05,136.36,18.86,18.1998,7.172
"2014-09-19",104.24,137.81,18.87,18.2205,7.171
"2014-09-22",103.89,135.78,18.85,18.1955,7.174
"2014-09-23",103.2,136.25,18.86,18.1876,7.172
"2014-09-24",103.04,138.37,18.89,18.2143,7.166
"2014-09-25",101.68,138.00999,18.83,18.1723,7.162
"2014-09-26",101.34,136.84,18.81,18.0804,7.162
"2014-09-29",100.77,134.41,18.7,17.9546,7.159
"2014-09-30",100.5,134.74001,18.68,17.9248,7.124
"2014-10-01",100.26,134.17,18.65,17.9451,7.124
"2014-10-02",100.14,134.25999,18.7,17.9678,7.126
"2014-10-03",100.74,135.25999,18.69,17.9302,7.129
"2014-10-06",100.87,137.42999,18.66,18.0282,7.13
"2014-10-07",100.74,137.64999,18.64,18.0563,7.124
"2014-10-08",99.89,138.21001,18.6,18.0272,7.125
"2014-10-09",100.76,139.00999,18.7,18.1149,7.123
"2014-10-10",99.55,136.19,18.63,18.0339,7.126
"2014-10-13",99.12,133.5,18.65,18.0637,7.09
"2014-10-14",99.31,133.39,18.6,18.0508,7.09
"2014-10-15",99.96,134.52,18.58,18.0018,7.08
"2014-10-16",99.04,135.2,18.56,17.9186,7.067
"2014-10-17",99.84,136.11,18.6,18.0323,7.037
"2014-10-20",100.65,136.16,18.64,18.0547,7.037
"2014-10-21",100.69,136.17,18.69,18.0849,7.073
"2014-10-22",101.36,137.63,18.7,18.0843,7.109
"2014-10-23",102.33,138.00999,18.69,18.0655,7.138
"2014-10-24",101.95,137.84,18.7,18.0939,7.151
"2014-10-27",101.84,136.8,18.72,,7.158
"2014-10-28",102.26,139.11,18.75,18.1335,7.158
"2014-10-29",103.05,139.52,18.75,18.1646,7.166
"2014-10-30",102.93,139.00999,18.69,18.1951,7.165
"2014-10-31",104.07,141.09,18.7,18.1366,7.182
"2014-11-03",104.41,141.17999,18.67,18.0808,7.19
"2014-11-04",103.96,143.17999,18.67,18.0423,7.185
"2014-11-05",104.16,141.33,18.61,17.9762,7.179
"2014-11-06",104.02,141.66,18.61,17.8946,7.175
"2014-11-07",104.18,141.58,18.59,17.8486,7.163
"2014-11-10",104.47,143.34,18.62,17.8941,7.169
"2014-11-11",104.36,143.85001,18.6,17.8533,7.165
"2014-11-12",104.45,146.41,18.62,17.8803,7.166
"2014-11-13",104.44,149.34,18.61,17.8377,7.172
"2014-11-14",104.45,150.64999,18.58,17.7952,7.17
"2014-11-17",104.59,148.22,18.6,17.7591,7.176
"2014-11-18",104.73,147.96001,18.61,17.7813,7.176
"2014-11-19",104.54,146.5,18.56,17.774,7.173
"2014-11-20",104.78,146.82001,18.57,17.7916,7.154
"2014-11-21",105.14,148.41,18.59,17.8928,7.156
"2014-11-24",105.4,149.97,18.58,17.9144,7.158
"2014-11-25",105.53,149.17999,18.59,17.9061,7.19
"2014-11-26",105.6,152.5,18.61,17.9014,7.19
"2014-11-27",105.17,151.53,18.62,17.8815,7.191
"2014-11-28",105.68,152.39,18.53,17.8046,7.191
"2014-12-01",105.35,147.37,18.48,17.6692,7.18
"2014-12-02",105.84,150.41,18.5,17.5603,7.168
"2014-12-03",106.69,148.64999,18.47,17.5194,7.142
"2014-12-04",106.68,152.25999,18.47,17.484,7.146
"2014-12-05",106.94,152,18.44,17.413,7.141
"2014-12-08",106.52,152.58,18.41,17.2833,7.137
"2014-12-09",105.75,145.95,18.42,17.2057,7.123
"2014-12-10",105.72,147.99001,18.39,17.0673,7.116
"2014-12-11",104.69,145.92999,18.37,16.9493,7.1
"2014-12-12",104.98,147.85001,18.32,16.7751,7.092
"2014-12-15",104.03,147.42999,18.22,16.5181,7.09
"2014-12-16",102.61,147.56,18.24,16.2216,7.076
"2014-12-17",102.02,145.03,18.24,16.4852,7.028
"2014-12-18",103.31,144.22,18.3,16.7109,7.002
"2014-12-19",103.58,144.91,18.31,16.8242,7.016
"2014-12-22",104.36,146.25,18.32,16.9293,7.01
"2014-12-23",104.18,147.13,18.31,16.9235,7.016
"2014-12-24",,,18.32,16.9294,
"2014-12-26",,,18.32,,
"2014-12-29",105.14,150.64999,18.31,16.9085,7.024
"2014-12-30",105.38,150.02,18.32,16.9206,7.008
"2014-12-31",105.71,153.81,18.35,16.8756,7.011
"2015-01-02",106.28,158.13,18.25,16.8553,
"2015-01-05",105.75,157.66,18.16,16.7208,6.968
"2015-01-06",104.64,155.55,18.12,16.5712,6.957
"2015-01-07",104.86,156.56,18.1,16.5742,6.836
"2015-01-08",106.24,157.35001,18.19,16.7044,6.79
"2015-01-09",107.41,157.39,18.23,16.7114,6.813
"2015-01-12",107.65,155.37,18.23,16.6469,6.841
"2015-01-13",107.8,155.64999,18.21,16.5889,6.84
"2015-01-14",107.63,154.92,18.17,16.589,6.875
"2015-01-15",108.14,156.50999,18.18,16.6288,6.842
"2015-01-16",107.02,156.08,18.23,16.6341,6.795
"2015-01-19",106.27,148.85001,18.19,16.6331,6.781
"2015-01-20",106.95,151.75999,18.13,16.6596,6.778
"2015-01-21",107.06,154.55,18.17,16.6756,6.815
"2015-01-22",107.09,153.74001,18.2,16.7236,6.867
"2015-01-23",107.92,154.87,18.24,16.8328,6.898
"2015-01-26",107.63,155.03,18.2,16.7834,6.895
"2015-01-27",108.5,153.88,18.24,16.7871,6.899
"2015-01-28",108.73,153.67,18.13,16.7987,6.949
"2015-01-29",108.4,152.28999,18.09,16.7491,6.949
"2015-01-30",107.88,151.81,18.03,16.7205,6.966
"2015-02-02",106.87,149.92,18.05,16.7607,6.962
"2015-02-03",106.89,151.47,18.17,16.8636,6.968
"2015-02-04",107.31,151.3,18.22,16.8409,6.977
"2015-02-05",107.53,151.19,18.27,16.8621,6.968
"2015-02-06",107.36,150.23,18.27,16.8761,6.981
"2015-02-09",106.93,148.78999,18.23,16.8753,6.987
"2015-02-10",107.24,148.7,18.22,16.7633,6.989
"2015-02-11",107.37,148.72,18.13,16.7181,6.987
"2015-02-12",107.29,150.25999,18.11,16.801,6.987
"2015-02-13",107.96,152.12,18.17,16.9018,7.002
"2015-02-16",107.32,152.03,18.17,16.9073,7.005
"2015-02-17",107.34,151.94,18.19,16.9076,7.006
"2015-02-18",107.83,152.60001,18.12,16.9032,7.015
"2015-02-19",108.1,,18.09,16.8854,7.018
"2015-02-20",108.21,,18.08,16.8854,7.02
"2015-02-23",107.72,152.87,18.1,16.8506,7.023
"2015-02-24",107.89,153.66,18.1,16.8949,7.026
"2015-02-25",107.89,153.66,18.18,16.9622,7.055
"2015-02-26",107.79,154.24001,18.27,16.9845,7.057
"2015-02-27",107.78,153.82001,18.24,16.9951,7.08
"2015-03-02",107.58,153.16,18.23,16.9725,7.085
"2015-03-03",107.43,150.89,18.24,16.9635,7.094
"2015-03-04",106.89,149.61,18.17,16.9299,7.096
"2015-03-05",106.47,149.66,18.15,16.941,7.098
"2015-03-06",106.77,150.3,18.1,16.8644,7.093
"2015-03-09",105.65,149.31,18.07,16.8141,7.088
"2015-03-10",105.32,147.67,17.92,16.7167,7.077
"2015-03-11",104.21,146.25,17.93,16.705,7.056
"2015-03-12",105.9,147.46001,17.97,16.735,7.056
"2015-03-13",105.59,147.56,17.89,16.6242,7.049
"2015-03-16",104.29,148.60001,17.9,16.5709,7.051
"2015-03-17",105.39,149.67,17.91,,7.037
"2015-03-18",104.74,151.45,17.98,16.5648,7.007
"2015-03-19",105.85,151.92,17.93,16.6853,7.036
"2015-03-20",105.8,152.35001,17.92,16.7798,7.03
"2015-03-23",106.24,154.11,18.03,16.8766,7.04
"2015-03-24",106.3,153.88,18.06,16.9434,7.054
"2015-03-25",106.02,152.55,18.05,16.9657,7.055
"2015-03-26",105.39,150.86,18.03,16.9235,7.069
"2015-03-27",105.73,151.42,18,16.9184,7.068
"2015-03-30",106.09,156.25999,17.98,16.9081,7.074
"2015-03-31",107.2,157.07001,18,16.913,7.085
"2015-04-01",108.33,160.02,18.07,16.9992,7.089
"2015-04-02",108.42,163.23,18.13,17.0748,7.131
"2015-04-06",,163.31,18.22,17.1928,
"2015-04-07",108.36,163.34,18.19,17.2069,7.144
"2015-04-08",109.25,176.89,18.26,17.2777,7.14
"2015-04-09",110.01,180.63,18.28,17.3304,7.169
"2015-04-10",110.7,183.3,18.24,17.3661,7.17
"2015-04-13",111.21,189.83,18.16,17.2706,7.186
"2015-04-14",110.59,183.71001,18.19,17.3286,7.224
"2015-04-15",110.86,183.7,18.18,17.328,7.224
"2015-04-16",111.47,186.72,18.26,17.3745,7.228
"2015-04-17",111.47,186.99001,18.28,17.3252,7.224
"2015-04-20",110.56,181.56,18.26,17.2906,7.224
"2015-04-21",111.21,186.87,18.27,17.2908,7.208
"2015-04-22",111.63,191.24001,18.34,17.3071,7.2
"2015-04-23",111.63,192.46001,18.29,17.3534,7.202
"2015-04-24",111.72,192.12,18.33,17.4079,7.216
"2015-04-27",111.81,193.95,18.36,17.4471,7.225
"2015-04-28",111.8,192.95,18.41,17.4662,7.23
"2015-04-29",111.03,191.46001,18.42,17.4759,7.242
"2015-04-30",110.6,188.91,18.37,17.4354,7.245
"2015-05-01",,188.85001,18.34,17.3975,
"2015-05-04",110.67,191.19,18.34,,7.244
"2015-05-05",110.23,186.34,18.34,17.3907,7.244
"2015-05-06",109.53,183.64999,18.35,17.4201,7.236
"2015-05-07",108.25,179.22,18.18,17.3813,7.231
"2015-05-08",109.2,186.22,18.21,17.4767,7.211
"2015-05-11",109.3,188.78,18.2,17.4196,7.227
"2015-05-12",108.51,185.02,18.16,17.3651,7.233
"2015-05-13",109.1,184.14,18.24,17.4799,7.251
"2015-05-14",,183.53,18.31,17.5063,
"2015-05-15",110.07,186.34,18.3,17.5911,7.273
"2015-05-18",110,185.45,18.29,17.5637,7.276
"2015-05-19",110.49,190.17999,18.31,17.4938,7.293
"2015-05-20",110.62,190.28999,18.32,17.4832,7.283
"2015-05-21",110.49,188.17999,18.34,17.5153,7.286
"2015-05-22",110.97,190.25999,18.36,17.4805,7.299
"2015-05-25",,190.19,,17.4698,
"2015-05-26",110.71,195.71001,18.22,17.3834,7.294
"2015-05-27",110.16,194.73,18.22,17.3363,7.289
"2015-05-28",109.58,189.48,18.24,17.3062,7.29
"2015-05-29",109.59,189.91,18.19,17.3144,7.265
"2015-06-01",110.51,194.33,18.21,,7.263
"2015-06-02",109.2,191.72,18.22,17.2829,7.274
"2015-06-03",108.99,190.63,18.24,17.243,7.276
"2015-06-04",109.15,189.23,18.17,17.1928,7.274
"2015-06-05",108.96,186.91,18.07,17.0948,7.258
"2015-06-08",108.45,187.63,18.05,17.028,7.252
"2015-06-09",107.9,182.14,18.09,17.0439,7.244
"2015-06-10",108.21,182.2,18.14,17.0405,7.219
"2015-06-11",108.07,182.8,18.08,17.0306,7.227
"2015-06-12",108.1,186.14999,18.07,17.0754,7.244
"2015-06-15",107.48,182.34,18.06,17.0476,7.238
"2015-06-16",107.42,178.08,18.05,17.0237,7.222
"2015-06-17",108.05,180.58,18.11,17.0042,7.23
"2015-06-18",109.03,179.32001,18.2,17.1029,7.26
"2015-06-19",109.1,175.88,18.16,17.1087,7.27
"2015-06-22",109.67,177.81,18.23,17.1551,7.28
"2015-06-23",,181.11,18.22,17.1582,
"2015-06-24",109.41,182.88,18.19,17.1462,7.303
"2015-06-25",109.37,181.78,18.18,17.1262,7.301
"2015-06-26",108.87,175.82001,18.15,17.0862,7.299
"2015-06-29",108.11,169.72,18.07,17.0207,7.27
"2015-06-30",108.67,173.87,18.09,17.0128,7.274
"2015-07-01",109.19,173.64999,18.14,17.0467,7.273
"2015-07-02",109.5,170.75999,18.12,17.0599,7.292
"2015-07-03",109.67,166.07001,18.12,17.0544,7.294
"2015-07-06",108.87,153.97,18.06,17.0296,7.279
"2015-07-07",108.55,144.31,18,16.9818,7.253
"2015-07-08",105.81,133.75,17.92,16.9603,7.159
"2015-07-09",106.94,149.46001,17.99,16.9642,7.201
"2015-07-10",108.07,157.52,18.06,17.0165,7.248
"2015-07-13",108.47,161.66,18.04,17.0155,7.256
"2015-07-14",108.52,159.16,18.01,17.0312,7.258
"2015-07-15",108.53,155.45,17.98,17.008,7.265
"2015-07-16",108.92,156.92999,17.98,17.0348,7.273
"2015-07-17",109,159.61,17.97,17.0383,7.283
"2015-07-20",109.03,160.53,17.95,17.0137,7.296
"2015-07-21",108.73,163.37,17.96,17.0291,7.307
"2015-07-22",109.19,161.12,17.93,17.007,7.308
"2015-07-23",109.61,162.36,17.86,16.9519,7.296
"2015-07-24",109.31,159.2,17.79,16.8759,7.288
"2015-07-27",108.12,150.02,17.75,16.8115,7.26
"2015-07-28",107.9,148.96001,17.8,16.7767,7.261
"2015-07-29",108.02,150.39999,17.79,16.8175,7.264
"2015-07-30",108.15,149.37,17.71,16.8083,7.271
"2015-07-31",108.58,149.52,17.7,16.838,7.273
"2015-08-03",107.85,146.67,17.64,,7.274
"2015-08-04",107.69,146.81,17.67,16.793,7.261
"2015-08-05",108.23,147.49001,17.65,16.7472,7.256
"2015-08-06",107.9,146.97,17.63,16.7089,7.257
"2015-08-07",107.67,148.85001,17.58,16.7205,7.256
"2015-08-10",108.02,152.75,17.61,16.7091,7.258
"2015-08-11",107.47,152.13,17.39,16.6809,7.253
"2015-08-12",104.54,147.64,17.26,16.6694,7.211
"2015-08-13",104.43,148.24001,17.24,16.6515,7.216
"2015-08-14",104.72,148.02,17.16,16.6349,7.21
"2015-08-17",103.77,147.14,17.09,16.61,7.198
"2015-08-18",103.45,145.47,17.11,16.57,7.18
"2015-08-19",102.5,143.55,17.08,16.515,7.166
"2015-08-20",101.14,140.25999,16.98,16.4564,7.14
"2015-08-21",99.05,136.42,16.81,16.3957,7.098
"2015-08-24",94.25,127.16,16.57,16.2064,7.001
"2015-08-25",95.3,126.53,16.66,16.2385,6.987
"2015-08-26",95.76,126.71,16.68,16.1751,6.97
"2015-08-27",98.23,135.28,16.81,16.2892,7.032
"2015-08-28",99.4,135.16,16.84,16.3487,7.079
"2015-08-31",98.35,132.69,16.84,16.323,7.065
"2015-09-01",96.7,128.41,16.76,16.3085,7.051
"2015-09-02",96.17,127.51,16.76,16.2231,7.029
"2015-09-03",96.1,127.5,16.7,16.2277,7.027
"2015-09-04",95.01,127.95,16.57,16.2084,7.023
"2015-09-07",93.37,126.91,16.48,16.1704,7.023
"2015-09-08",94.79,132.27,16.57,16.1791,7.03
"2015-09-09",96.59,136.98,16.55,16.2078,7.044
"2015-09-10",96.34,135.52,16.57,16.1654,7.043
"2015-09-11",95.77,135.86,16.58,16.1779,7.05
"2015-09-14",95.86,135.89,16.56,16.185,7.052
"2015-09-15",95.38,134.09,16.67,16.1855,7.046
"2015-09-16",96.94,137,16.67,16.2162,7.045
"2015-09-17",96.96,137.8,16.73,16.2246,7.052
"2015-09-18",97.89,138.58,16.76,16.29,7.07
"2015-09-21",97.46,137.39,16.73,16.208,7.063
"2015-09-22",97.56,138.42999,16.63,16.0892,7.089
"2015-09-23",96.2,134.61,16.52,16.0415,7.076
"2015-09-24",95.91,134.7,16.46,15.948,7.063
"2015-09-25",95.92,134.61,16.49,15.9519,7.031
"2015-09-28",95.33,134.55,16.38,15.8873,7.027
"2015-09-29",94.65,130.60001,16.33,15.7912,6.948
"2015-09-30",96.11,133.39999,16.45,15.8389,6.966
"2015-10-01",96.63,133.66,16.46,15.8934,6.976
"2015-10-02",97.5,137.48,16.49,15.9354,6.992
"2015-10-05",98.79,138.75999,16.68,16.0543,7.023
"2015-10-06",99.76,138.47,16.7,16.1464,7.054
"2015-10-07",100.64,142.96001,16.94,16.2589,7.108
"2015-10-08",100.28,140.84,17.07,16.2487,7.109
"2015-10-09",100.95,142.47,17.16,16.3753,7.154
"2015-10-12",102.1,144.83,17.16,16.3721,7.157
"2015-10-13",101.5,144.34,17.01,16.3149,7.188
"2015-10-14",101.3,143.50999,17.04,16.3278,7.19
"2015-10-15",102.39,146.08,17.19,16.415,7.209
"2015-10-16",102.36,147.48,17.14,16.4643,7.222
"2015-10-19",102.73,147.71001,17.05,16.4383,7.24
"2015-10-20",102.74,147.94,17.01,16.4207,7.24
"2015-10-21",102.52,147.25999,16.94,16.3501,7.236
"2015-10-22",102.37,146.17999,17.07,16.3655,7.235
"2015-10-23",103.6,147.61,17.07,16.3976,7.255
"2015-10-26",103.41,147.33,17.09,,7.284
"2015-10-27",103.34,146.67,17.01,16.3629,7.288
"2015-10-28",102.77,145.60001,17.06,16.3813,7.291
"2015-10-29",102.53,143.3,17,16.2965,7.281
"2015-10-30",102.53,143.39,16.97,16.3306,7.279
"2015-11-02",101.91,141.58,16.99,16.3757,7.28
"2015-11-03",103.06,143.25999,17.05,16.4484,7.288
"2015-11-04",103.84,146,17.07,16.4509,7.309
"2015-11-05",103.25,146.84,17.03,16.4531,7.306
"2015-11-06",103.04,148.25999,17.04,16.3553,7.296
"2015-11-09",102.2,147.91,16.94,16.2919,7.267
"2015-11-10",100.74,145.95,16.95,16.2676,7.247
"2015-11-11",100.68,144.42999,16.98,16.2762,7.248
"2015-11-12",101.16,145.8,16.95,16.2492,7.233
"2015-11-13",100.15,144.13,16.87,16.2087,7.218
"2015-11-16",100.18,141.85001,16.87,16.1945,7.208
"2015-11-17",100.79,142.19,16.85,16.2157,7.233
"2015-11-18",100.64,140.56,16.89,16.2283,7.239
"2015-11-19",101.13,141.96001,16.95,16.293,7.255
"2015-11-20",101.32,144.53999,16.95,16.3284,7.261
"2015-11-23",100.99,143.98,16.9,16.3108,7.265
"2015-11-24",100.74,144.46001,16.96,16.3205,7.261
"2015-11-25",101.01,142.75999,17.01,16.2834,7.261
"2015-11-26",100.85,142.48,16.98,16.2752,7.261
"2015-11-27",99.68,139.14999,16.92,16.2625,7.249
"2015-11-30",99.01,138.69,16.92,16.2163,7.251
"2015-12-01",99.65,140.12,16.93,16.2205,7.246
"2015-12-02",100.09,140.48,16.94,16.1969,7.248
"2015-12-03",100.16,139.56,16.96,16.1612,7.241
"2015-12-04",100.23,138.71001,16.97,16.1468,7.239
"2015-12-07",100.36,138.33,16.85,16.0991,7.238
"2015-12-08",100.07,136.36,16.83,16.0016,7.218
"2015-12-09",99.55,135.32001,16.76,16.0136,7.204
"2015-12-10",99.1,133.28999,16.76,15.931,7.193
"2015-12-11",98.2,130.83,16.55,15.7919,7.173
"2015-12-14",97.15,131.28,16.53,15.7245,7.134
"2015-12-15",98.24,131.03,16.66,15.7476,7.126
"2015-12-16",98.92,132.64,16.78,15.7303,7.13
"2015-12-17",100.41,134.13,16.74,15.7817,7.151
"2015-12-18",100.04,133.35001,16.74,15.7807,7.154
"2015-12-21",99.89,133.96001,16.78,15.7444,7.154
"2015-12-22",100.08,133.84,16.81,15.7469,7.164
"2015-12-23",100.63,135.21001,16.81,15.7676,7.164
"2015-12-24",,,16.8,15.7888,
"2015-12-28",101.22,,16.81,,7.171
"2015-12-29",101.68,135.42,16.8,15.8018,7.169
"2015-12-30",101.43,134.8,16.77,15.7747,7.173
"2015-12-31",101.88,135.49001,16.76,15.768,7.17
"2016-01-04",99.79,131.16,16.59,15.7578,7.18
"2016-01-05",99.24,129.5,16.63,15.7719,7.199
"2016-01-06",98.85,128.89,16.48,15.7444,7.212
"2016-01-07",96.25,123.16,16.47,15.6989,7.195
"2016-01-08",96.35,124.28,16.41,15.6639,7.193
"2016-01-11",94.69,119.82,16.46,15.6057,7.182
"2016-01-12",94,118.68,16.4,15.5558,7.169
"2016-01-13",94.16,119.83,16.47,15.5422,7.171
"2016-01-14",92.88,118.82,16.41,15.4998,7.14
"2016-01-15",91.6,116.4,16.31,15.4017,7.132
"2016-01-18",90.23,115.15,16.37,15.3733,7.134
"2016-01-19",91.57,118.89,16.41,15.3902,7.131
"2016-01-20",89.81,114.13,16.31,15.274,7.099
"2016-01-21",89.21,110.74,16.33,15.2835,7.06
"2016-01-22",90.61,114.53,16.56,15.4233,7.074
"2016-01-25",91.18,115.23,16.5,15.4083,7.062
"2016-01-26",90.2,111.2,16.53,15.4195,7.035
"2016-01-27",90.43,112.65,16.47,15.4647,7.05
"2016-01-28",90.44,112.13,16.56,15.5463,7.064
"2016-01-29",91.93,115.37,16.72,15.6394,7.11
"2016-02-01",92.25,115.23,16.74,15.6405,7.118
"2016-02-02",91.7,115.12,16.55,15.5776,7.109
"2016-02-03",90.77,112.24,16.53,15.5902,7.1
"2016-02-04",91.77,113.57,16.64,15.6914,7.109
"2016-02-05",92.35,113.59,16.59,15.6968,7.106
"2016-02-08",92.37,113.59,16.47,15.6389,7.106
"2016-02-09",91.65,113.59,16.51,15.626,7.105
"2016-02-10",91.03,113.59,16.53,15.6339,7.099
"2016-02-11",88.55,108.85,16.37,15.586,7.064
"2016-02-12",87.27,107.25,16.39,15.5651,7.042
"2016-02-15",88.75,111.22,16.49,15.5878,7.047
"2016-02-16",88.67,113.4,16.43,15.6156,7.082
"2016-02-17",88.57,112.72,16.31,15.7055,7.081
"2016-02-18",89.46,115.86,16.31,15.7564,7.108
"2016-02-19",89.38,116.76,16.21,15.7512,7.121
"2016-02-22",90.03,117.62,16.23,15.8011,7.132
"2016-02-23",89.27,117.14,16.18,15.8075,7.139
"2016-02-24",88.84,116.15,16.16,15.7791,7.128
"2016-02-25",88.16,113.33,16.16,15.8162,7.118
"2016-02-26",89.18,115.52,16.27,15.8251,7.14
"2016-02-29",89.18,113.63,16.28,15.8581,7.15
"2016-03-01",90.51,114.91,16.46,15.9174,7.162
"2016-03-02",91.94,118.87,16.5,15.9668,7.195
"2016-03-03",92.73,118.91,16.6,16.0319,7.22
"2016-03-04",93.7,121.04,16.74,16.0954,7.241
"2016-03-07",93.94,120.92,16.75,16.1295,7.274
"2016-03-08",93,119.79,16.64,16.1154,7.258
"2016-03-09",93.3,118.43,16.68,16.1282,7.248
"2016-03-10",93.25,117.79,16.7,16.1594,7.263
"2016-03-11",94.26,118.77,16.83,16.2191,7.287
"2016-03-14",95.69,121.75,16.82,16.218,7.314
"2016-03-15",94.45,121.21,16.73,16.1457,7.304
"2016-03-16",94.39,120.85,16.63,16.1423,7.296
"2016-03-17",95.73,,16.83,,7.336
"2016-03-18",96.86,124.98,16.82,16.4768,7.352
"2016-03-21",96.62,127.44,16.83,16.4812,7.366
"2016-03-22",96.19,126.06,16.88,16.4929,7.368
"2016-03-23",95.51,125.84,16.9,16.4217,7.368
"2016-03-24",95.53,124.25,16.86,16.3582,7.366
"2016-03-28",,,16.87,,
"2016-03-29",94.97,124.07,16.81,16.4005,7.372
"2016-03-30",96.46,127.44,16.95,16.5488,7.396
"2016-03-31",96.21,127.75,17.05,16.6247,7.428
"2016-04-01",95.88,125.52,17.01,16.621,7.495
"2016-04-04",96.23,125.43,17.02,16.6101,7.448
"2016-04-05",95.51,124.55,16.92,16.5271,7.444
"2016-04-06",96.02,125.49,16.9,16.5229,7.447
"2016-04-07",96.28,124.43,16.87,16.5125,7.462
"2016-04-08",96.63,124.25,16.9,16.5863,7.466
"2016-04-11",96.9,125.11,16.91,16.6629,7.477
"2016-04-12",97.31,125.04,16.94,16.7095,7.483
"2016-04-13",98.12,128.12,16.99,16.7828,7.5
"2016-04-14",98.32,128.95,16.94,16.832,7.525
"2016-04-15",98.4,128.8,16.88,16.8243,7.539
"2016-04-18",98.8,127.14,16.88,16.8121,7.531
"2016-04-19",99.44,128.33,16.96,16.9024,7.538
"2016-04-20",99.23,125.7,17.05,16.9251,7.528
"2016-04-21",99.15,126.52,16.97,16.9109,7.553
"2016-04-22",98.96,125.46,17.04,16.8454,7.549
"2016-04-25",98.57,124.23,17,16.8043,7.542
"2016-04-26",98.74,123.55,17.01,16.8051,7.547
"2016-04-27",99.12,123.33,17.08,16.8271,7.566
"2016-04-28",98.4,122.95,16.93,16.9257,7.576
"2016-04-29",99.23,121.33,16.84,16.9526,7.59
"2016-05-02",99.22,,16.83,,7.597
"2016-05-03",98.83,119.97,16.83,16.8501,7.595
"2016-05-04",97.97,120.27,16.71,16.7842,7.569
"2016-05-05",,119.83,16.72,16.7781,
"2016-05-06",98.08,117.46,16.75,16.7809,7.572
"2016-05-09",98.34,116.22,16.74,16.7645,7.582
"2016-05-10",98.48,116.15,16.83,16.7914,7.586
"2016-05-11",98.58,116.61,16.82,16.8288,7.595
"2016-05-12",98.65,116.04,16.88,16.8549,7.616
"2016-05-13",97.82,114.71,16.88,16.8458,7.625
"2016-05-16",,115.19,16.91,16.8363,
"2016-05-17",98.83,116.08,16.94,16.844,7.645
"2016-05-18",98.69,114.07,16.91,16.7654,7.644
"2016-05-19",97.65,113.1,16.81,16.6463,7.625
"2016-05-20",97.23,114.16,16.8,16.6773,7.628
"2016-05-23",96.9,114.26,16.77,16.6503,7.629
"2016-05-24",96.5,113.61,16.68,16.6545,7.623
"2016-05-25",97.44,114.8,16.8,16.6642,7.635
"2016-05-26",97.58,114.99,16.83,16.6877,7.64
"2016-05-27",98.04,116.35,16.89,16.6911,7.64
"2016-05-30",97.83,116.7,16.82,16.6824,7.644
"2016-05-31",98.23,119.34,16.77,16.6815,7.7
"2016-06-01",98.16,118.46,16.69,16.6969,7.704
"2016-06-02",98.8,118.3,16.67,16.732,7.651
"2016-06-03",99.08,119.11,16.65,16.8317,7.663
"2016-06-06",99.51,,16.79,,7.676
"2016-06-07",100.89,120.8,16.82,16.9619,7.693
"2016-06-08",101.42,120.25,16.81,17.0272,7.701
"2016-06-09",101.24,120.16,16.82,17.0168,7.704
"2016-06-10",100.39,117.44,16.76,16.9696,7.705
"2016-06-13",99.22,114.85,16.68,16.9195,7.643
"2016-06-14",99.37,114.66,16.63,16.8386,7.704
"2016-06-15",99.44,115.58,16.6,16.8591,7.703
"2016-06-16",99.28,113.51,16.52,16.8546,7.618
"2016-06-17",99.49,114.05,16.54,16.9024,7.673
"2016-06-20",99.56,115.35,16.58,16.9745,7.694
"2016-06-21",99.93,115.53,16.67,16.9896,7.708
"2016-06-22",99.88,117.05,16.62,17.0165,7.66
"2016-06-23",,117.16,16.72,17.0754,
"2016-06-24",97.97,114.69,16.3,16.9663,7.696
"2016-06-27",97.57,114.63,16.3,16.9467,7.7
"2016-06-28",98.12,114.29,16.44,17.0509,7.708
"2016-06-29",99.45,115.52,16.59,17.2009,7.739
"2016-06-30",100.31,117.23,16.56,17.2405,7.76
"2016-07-01",100.86,117.09,16.61,17.3199,7.769
"2016-07-04",101.68,118.82,16.6,17.3201,7.771
"2016-07-05",101.28,118.32,16.53,17.3528,7.8
"2016-07-06",100.82,117.59,16.44,17.342,7.804
"2016-07-07",101.71,118.36,16.43,17.3646,7.82
"2016-07-08",101.56,118.14,16.42,17.4348,7.83
"2016-07-11",102.6,118.98,16.7,17.5126,7.859
"2016-07-12",103.63,121.26,16.8,17.5121,7.875
"2016-07-13",104.26,121.4,16.79,17.5311,7.89
"2016-07-14",105.08,122.37,16.9,17.543,7.897
"2016-07-15",104.55,122.85,16.91,17.5171,7.902
"2016-07-18",104.53,122.85,16.92,17.471,7.906
"2016-07-19",104.78,121.99,16.94,17.4474,7.914
"2016-07-20",105.44,123.55,16.96,17.4493,7.918
"2016-07-21",105.74,124.03,16.89,17.4304,7.927
"2016-07-22",105.42,123.68,16.91,17.441,7.929
"2016-07-25",105.24,123.83,16.84,17.4431,7.949
"2016-07-26",105.24,125.69,16.77,17.425,7.949
"2016-07-27",105.69,125.35,16.81,17.4138,7.951
"2016-07-28",105.86,126.35,16.86,17.4397,7.957
"2016-07-29",105.08,124.49,16.72,17.4776,7.954
"2016-08-01",105.07,,16.8,,7.96
"2016-08-02",104.76,125.44,16.68,17.4799,7.948
"2016-08-03",103.94,125.3,16.65,17.4372,7.943
"2016-08-04",104.21,126.25,16.62,17.5168,7.949
"2016-08-05",104.8,128.08,16.73,17.5647,7.956
"2016-08-08",105.38,129.96001,16.74,17.6174,7.959
"2016-08-09",106.07,129.45,16.71,17.6988,7.964
"2016-08-10",106.76,128.42,16.7,17.7585,7.965
"2016-08-11",107.78,129.86,16.73,17.7598,7.97
"2016-08-12",107.53,131.14,16.69,17.7885,7.98
"2016-08-15",,133.42,16.72,17.8365,
"2016-08-16",107.44,134.39,16.72,17.8477,8
"2016-08-17",106.97,132.67999,16.68,17.8157,7.997
"2016-08-18",107.56,133.00999,16.68,17.8399,8.005
"2016-08-19",107.32,132.89,16.67,17.8202,8.004
"2016-08-22",106.77,131.02,16.59,17.7916,8.008
"2016-08-23",106.66,130.83,16.56,17.81,8.006
"2016-08-24",106.88,130.64999,16.57,17.7533,8.009
"2016-08-25",106.74,129.89,16.64,17.7439,8.004
"2016-08-26",107.57,131.36,16.74,17.7731,8
"2016-08-29",107.39,131.25,16.65,17.7266,7.995
"2016-08-30",107.93,133.61,16.71,17.7132,8.041
"2016-08-31",107.67,133.06,16.7,17.6863,7.978
"2016-09-01",107.36,133.63,16.72,17.6601,7.967
"2016-09-02",107.6,133.8,16.8,17.6881,7.976
"2016-09-05",107.89,135.98,16.85,17.7042,7.979
"2016-09-06",108.98,137.31,16.75,17.7938,7.992
"2016-09-07",108.8,137.50999,16.74,17.8742,8.005
"2016-09-08",109.21,138.67999,16.8,17.8776,8.009
"2016-09-09",108.83,138.67,16.81,17.7368,8.01
"2016-09-12",106.34,134.03999,16.72,17.6398,7.987
"2016-09-13",106.22,133.25999,16.7,17.6003,7.992
"2016-09-14",106.16,133.03,16.7,17.5511,7.974
"2016-09-15",106.17,134.3,16.67,17.5453,7.971
"2016-09-16",105.8,134.14,16.65,17.5229,7.972
"2016-09-19",106.32,135.52,16.63,17.5611,7.974
"2016-09-20",106.1,134.91,16.63,17.5899,7.982
"2016-09-21",106.52,136.42,16.56,17.637,7.989
"2016-09-22",107.53,136.56,16.62,17.8056,8.015
"2016-09-23",107.34,135.77,16.62,17.768,8.019
"2016-09-26",106.39,133.11,16.56,17.7055,8.016
"2016-09-27",107.12,134.23,16.59,17.7277,8.019
"2016-09-28",107.29,134.33,16.6,17.7403,8.019
"2016-09-29",106.34,135.28999,16.59,17.7456,8.021
"2016-09-30",106.04,133.74001,16.59,17.732,8.021
"2016-10-03",107.04,134.8,16.66,17.7605,8.025
"2016-10-04",107.4,135.38,16.77,17.7572,8.033
"2016-10-05",107.21,135.73,16.81,17.7171,8.039
"2016-10-06",107.1,137.48,16.83,17.7037,8.047
"2016-10-07",106.35,136.75,16.75,17.7153,8.047
"2016-10-10",106.28,136.6,16.8,17.7316,8.051
"2016-10-11",105.37,135.68,16.76,17.6595,8.046
"2016-10-12",105.36,134.59,16.76,17.6419,8.039
"2016-10-13",103.76,132.8,16.68,17.639,8.038
"2016-10-14",104.75,133.16,16.74,17.6539,8.037
"2016-10-17",103.9,131.93,16.64,17.6207,8.034
"2016-10-18",104.9,133.98,16.66,17.6574,8.034
"2016-10-19",105.06,133.88,16.68,17.7189,8.037
"2016-10-20",105.58,133.74,16.74,17.7372,8.043
"2016-10-21",105.48,133.54,16.73,17.7309,8.045
"2016-10-24",105.42,133.94,16.8,17.7729,8.055
"2016-10-25",104.75,133.83,16.8,17.754,8.058
"2016-10-26",103.92,132.31,16.82,17.6955,8.058
"2016-10-27",103.64,131.61,16.84,17.5967,8.053
"2016-10-28",103.4,130.05,16.76,17.5795,8.053
"2016-10-31",103.25,,16.78,,8.055
"2016-11-01",,130.45,16.74,17.5325,
"2016-11-02",102.95,128.9,16.67,17.5002,8.047
"2016-11-03",102.88,128.6,16.62,17.5082,8.04
"2016-11-04",102.35,128.42,16.58,17.4856,8.041
"2016-11-07",103.06,130.4,16.66,17.5635,8.038
"2016-11-08",103.71,130.37,16.74,17.624,8.049
"2016-11-09",102.31,128.67,16.78,17.3817,8.033
"2016-11-10",103.21,131.09,16.74,17.0643,8.035
"2016-11-11",101.04,129.5,16.5,16.8417,7.979
"2016-11-14",100.01,128.27,16.59,16.5898,7.929
"2016-11-15",98.23,128.44,16.64,16.7648,7.935
"2016-11-16",98.09,128.81,16.63,16.7677,7.946
"2016-11-17",97.47,128.31,16.68,16.7882,7.95
"2016-11-18",96.93,128.67,16.69,16.704,7.935
"2016-11-21",96.34,129.65,16.65,16.7516,7.929
"2016-11-22",96.43,130.54,16.63,16.7715,7.935
"2016-11-23",97.25,129.88,16.61,16.6972,7.938
"2016-11-24",96.52,130.15,16.6,16.6827,7.939
"2016-11-25",97.39,131.45,16.62,16.6727,7.93
"2016-11-28",96.97,131.87,16.53,16.7264,7.935
"2016-11-29",96.85,131.89,16.52,16.7086,7.937
"2016-11-30",97.1,131.97,16.72,16.7355,7.944
"2016-12-01",97,131.74,16.76,16.6387,7.939
"2016-12-02",96.51,130.68,16.75,16.6443,7.936
"2016-12-05",96.79,129.37,16.82,16.7033,7.936
"2016-12-06",97.35,129.43,16.95,16.7733,7.942
"2016-12-07",97.69,129.65,16.98,16.8668,7.949
"2016-12-08",98.86,129.89,17.04,16.8708,7.96
"2016-12-09",98.95,129,17.11,16.8581,7.958
"2016-12-12",97.99,126.14,17.1,16.8489,7.957
"2016-12-13",97.54,126.97,17.09,16.8795,7.961
"2016-12-14",97.78,126.51,17.17,16.9085,7.96
"2016-12-15",97.12,125.12,17.16,16.7644,7.939
"2016-12-16",97.53,125.16,17.16,16.7799,7.941
"2016-12-19",96.93,124.04,17.14,16.807,7.945
"2016-12-20",96.08,122.88,17.15,16.8305,7.944
"2016-12-21",96.24,124.26,17.15,16.8752,7.949
"2016-12-22",95.33,123.22,17.16,16.8832,7.947
"2016-12-23",95.25,122.95,17.16,16.9058,7.953
"2016-12-27",95.28,,17.15,,7.955
"2016-12-28",95.85,,17.1,16.9135,7.956
"2016-12-29",96.45,123.67,17.08,16.9482,7.961
"2016-12-30",97.2,124.28,17.07,16.9531,7.964
"2017-01-02",97.19,,17.12,,7.967
"2017-01-03",97.57,124.47,17.05,16.9741,7.971
"2017-01-04",98.03,125.23,17.12,17.0218,7.99
"2017-01-05",98.71,127.49,17.07,17.1174,8.018
"2017-01-06",98.75,127.09,17.15,17.149,8.034
"2017-01-09",98.06,127.68,17.06,17.1313,8.038
"2017-01-10",98.54,128.68,17.05,17.1271,8.041
"2017-01-11",99.25,128.99,17.03,17.06,8.039
"2017-01-12",99.18,128.83,17.04,17.1792,8.046
"2017-01-13",99.32,129.73,17.01,17.1799,8.046
"2017-01-16",98.72,127.98,16.98,17.1642,8.051
"2017-01-17",99.05,128.39,16.89,17.2333,8.059
"2017-01-18",99.3,130.49,17.03,17.2114,8.06
"2017-01-19",98.97,130.53,17.04,17.1257,8.055
"2017-01-20",98.49,130.27,17.02,17.1419,8.048
"2017-01-23",98.46,130.62,16.97,17.1918,8.057
"2017-01-24",99.44,132.32,17.03,17.2016,8.061
"2017-01-25",99.81,132.26,17.03,17.1668,8.061
"2017-01-26",100.09,132.81,17.1,17.1524,8.06
"2017-01-27",100.03,132.5,17.11,17.189,8.062
"2017-01-30",99.97,,17.08,17.1948,8.066
"2017-01-31",99.89,,17.01,17.2058,8.064
"2017-02-01",101.32,132.18,17.05,17.2136,8.063
"2017-02-02",101.05,131.4,17.03,17.2875,8.073
"2017-02-03",101.16,132.14,17.04,17.337,8.077
"2017-02-06",101.7,133.39,16.99,17.3588,8.092
"2017-02-07",102.23,133.47,16.99,17.3369,8.102
"2017-02-08",102.78,135.26,16.94,17.3541,8.061
"2017-02-09",103.01,136.22,17.05,17.3798,8.118
"2017-02-10",102.85,135.78,17.04,17.398,8.119
"2017-02-13",102.93,137.06,17.08,17.4118,8.133
"2017-02-14",102.77,137.23,17.13,17.4212,8.147
"2017-02-15",102.62,136.94,17.12,17.4061,8.149
"2017-02-16",102.61,136.87,17.06,17.4214,8.158
"2017-02-17",102.07,135.97,17.03,17.3913,8.163
"2017-02-20",102.46,137.21,17.03,17.4049,8.175
"2017-02-21",102.84,136.83,17.06,17.4166,8.178
"2017-02-22",103.24,138.92,17.01,17.4689,8.184
"2017-02-23",103.3,138.44,17.02,17.535,8.182
"2017-02-24",103.29,136.89,16.98,17.531,8.244
"2017-02-27",103.06,136.51,17.04,17.5331,8.194
"2017-02-28",103.13,135.84,17.03,17.5263,8.201
"2017-03-01",103.11,135.76,17.1,17.4919,8.2
"2017-03-02",102.93,135.28,17.21,17.467,8.2
"2017-03-03",102.15,134.96,17.16,17.4764,8.2
"2017-03-06",102.79,135.73,17.2,17.5022,8.187
"2017-03-07",103.81,136.31,17.2,17.5174,8.181
"2017-03-08",104.51,137.16,17.26,17.43,8.172
"2017-03-09",104.07,135.45,17.29,17.3217,8.143
"2017-03-10",104.49,135.59,17.27,17.3721,8.133
"2017-03-13",105.17,137.65,17.34,17.3784,8.146
"2017-03-14",106.44,137.98,17.36,17.3306,8.143
"2017-03-15",107.05,138.81,17.23,17.3917,8.146
"2017-03-16",108.09,140.76,17.31,17.5302,8.173
"2017-03-17",108.52,,17.27,,8.18
"2017-03-20",108.82,141.64,17.29,17.597,8.187
"2017-03-21",108.97,142.14,17.25,17.6177,8.192
"2017-03-22",108.31,141.74,17.21,17.6227,8.193
"2017-03-23",109,142.59,17.23,17.6432,8.197
"2017-03-24",109.07,142.36,17.25,17.6876,8.2
"2017-03-27",108.32,141.31,17.27,17.675,8.209
"2017-03-28",109.06,141.09,17.3,17.6787,8.21
"2017-03-29",109.03,140.89,17.29,17.6918,8.212
"2017-03-30",108.85,140.17,17.38,17.7318,8.219
"2017-03-31",108.84,140.16,17.35,17.6649,8.215
"2017-04-03",109.65,140.99,17.31,17.6799,8.219
"2017-04-04",109.98,140.78,17.31,17.6884,8.221
"2017-04-05",110.55,142.22,17.3,17.7079,8.229
"2017-04-06",110.77,141.49,17.31,17.7193,8.231
"2017-04-07",111.16,141.81,17.38,17.7298,8.234
"2017-04-10",110.98,141.24,17.36,17.7148,8.236
"2017-04-11",111.31,140.24,17.27,17.72,8.24
"2017-04-12",111.35,140.49,17.24,17.7498,8.24
"2017-04-13",111.42,140.66,17.27,17.8185,8.24
"2017-04-17",,,17.25,,
"2017-04-18",109.89,140,17.18,17.8672,8.241
"2017-04-19",110.32,140.42,17.22,17.8401,8.242
"2017-04-20",110.66,142.61,17.24,17.8474,8.244
"2017-04-21",110.91,142.97,17.22,17.8641,8.248
"2017-04-24",111.03,142.71,17.28,17.9443,8.254
"2017-04-25",111.32,144.47,17.46,17.9205,8.255
"2017-04-26",111.64,144.76,17.45,17.8919,8.258
"2017-04-27",111.2,144.26,17.45,17.8966,8.263
"2017-04-28",111.33,144.37,17.43,17.9258,8.265
"2017-05-01",,,17.46,,
"2017-05-02",111.33,145.34,17.48,17.9879,8.265
"2017-05-03",111.23,145.18,17.57,18.0187,8.271
"2017-05-04",111.76,143.72,17.55,17.9346,8.271
"2017-05-05",111.75,141.56,17.52,17.9366,8.276
"2017-05-08",112.36,141.69,17.61,17.9214,8.277
"2017-05-09",112.14,143.74,17.6,17.8946,8.274
"2017-05-10",112.3,144.39,17.58,17.9357,8.279
"2017-05-11",112.57,143.51,17.58,17.961,8.264
"2017-05-12",111.58,143.15,17.58,18.0307,8.231
"2017-05-15",111.63,144.57,17.66,18.1059,8.191
"2017-05-16",111.66,146.09,17.63,18.1445,8.178
"2017-05-17",111.29,144.63,17.45,18.1202,8.187
"2017-05-18",109.78,143.42,17.38,17.9135,8.148
"2017-05-19",110.12,144.43,17.44,18.0111,8.175
"2017-05-22",110.71,146.39,17.47,18.0419,8.18
"2017-05-23",109.89,145.92,17.51,18.0722,8.155
"2017-05-24",109.79,145.24,17.49,18.0959,8.147
"2017-05-25",,146.53,17.55,18.1264,
"2017-05-26",111.43,145.9,17.56,18.1463,8.158
"2017-05-29",110.72,145.74,17.53,18.1281,8.191
"2017-05-30",110.46,145.68,17.47,18.1144,8.164
"2017-05-31",111.49,146.26,17.48,18.1362,8.159
"2017-06-01",111.85,147.25,17.54,18.1736,8.148
"2017-06-02",112.44,148.05,17.47,18.2273,8.158
"2017-06-05",,,17.5,,
"2017-06-06",112.71,148.39,17.41,18.2733,8.157
"2017-06-07",112.67,150.07,17.44,18.2566,8.162
"2017-06-08",112.54,151.43,17.48,18.2253,8.162
"2017-06-09",112.87,151.31,17.52,18.24,8.163
"2017-06-12",111.93,149.89,17.46,18.2534,8.168
"2017-06-13",112.22,150.4,17.51,18.2494,8.169
"2017-06-14",112.59,149.43,17.47,18.3238,8.183
"2017-06-15",112.32,147.65,17.52,18.2217,8.179
"2017-06-16",112.39,147.3,17.49,18.2569,8.185
"2017-06-19",112.44,150.06,17.58,18.2359,8.185
"2017-06-20",112.1,149.55,17.54,18.127,8.188
"2017-06-21",111.68,150.31,17.52,18.1025,8.184
"2017-06-22",111.83,149.74,17.49,18.1166,8.177
"2017-06-23",,150.42,17.52,18.1886,
"2017-06-26",111.4,150.76,17.55,18.2354,8.161
"2017-06-27",111.31,150.58,17.59,18.2205,8.158
"2017-06-28",111.33,149.91,17.58,18.1946,8.154
"2017-06-29",111.81,151.24,17.57,18.1805,8.141
"2017-06-30",111.68,151.33,17.61,18.1418,8.14
"2017-07-03",112.1,151.09,17.65,18.1004,8.129
"2017-07-04",112.04,148.23,17.65,18.0958,8.127
"2017-07-05",111.78,149.07,17.65,18.0172,8.127
"2017-07-06",112.25,149.25,17.66,17.9515,8.14
"2017-07-07",112.15,148.64,17.68,17.9409,8.146
"2017-07-10",112.13,148.88,17.7,18.0049,8.147
"2017-07-11",111.72,150.63,17.66,18.0095,8.151
"2017-07-12",111.85,151.12,17.62,18.1247,8.154
"2017-07-13",113.03,152.39,17.64,18.1465,8.158
"2017-07-14",113.43,153.03,17.6,18.237,8.168
"2017-07-17",113.15,153.18,17.62,18.2639,8.168
"2017-07-18",113.01,154.1,17.57,18.3169,8.168
"2017-07-19",113.33,156.02,17.56,18.3243,8.17
"2017-07-20",113.38,156.44,17.57,18.3603,8.17
"2017-07-21",113.17,155.72,17.55,18.3765,8.174
"2017-07-24",113.45,156.84,17.56,18.3283,8.179
"2017-07-25",113.92,156.48,17.63,18.2913,8.178
"2017-07-26",114.4,155.63,17.56,18.3071,8.176
"2017-07-27",115.28,156.04,17.62,18.3653,8.179
"2017-07-28",114.74,155.05,17.55,18.3733,8.185
"2017-07-31",114.87,156.59,17.52,18.3687,8.186
"2017-08-01",114.74,156.2,17.54,18.4094,8.197
"2017-08-02",114.46,155.8,17.62,18.4055,8.205
"2017-08-03",114.21,155.51,17.57,18.4354,8.208
"2017-08-04",114.68,156.38,17.64,18.4179,8.212
"2017-08-07",114.55,,17.64,,8.217
"2017-08-08",114.48,160.75,17.64,18.423,8.217
"2017-08-09",113.85,161.88,17.6,18.3738,8.222
"2017-08-10",112.05,159.74,17.5,18.37,8.191
"2017-08-11",110.97,155.55,17.47,18.3608,8.223
"2017-08-14",112.01,159.36,17.53,18.4205,8.219
"2017-08-15",,157.99,17.58,18.3861,
"2017-08-16",111.83,159.05,17.51,18.4381,8.218
"2017-08-17",111.68,159.19,17.46,18.4546,8.228
"2017-08-18",111.38,158.67,17.45,18.4484,8.205
"2017-08-21",111.52,160.06,17.43,18.511,8.208
"2017-08-22",111.65,160.96,17.51,18.507,8.239
"2017-08-23",111.96,160.6,17.46,18.5096,8.241
"2017-08-24",112.29,160.53,17.52,18.5481,8.246
"2017-08-25",112.52,161.37,17.51,18.6175,8.244
"2017-08-28",112.9,160.08,17.52,18.6233,8.252
"2017-08-29",112.34,158.92,17.54,18.6312,8.263
"2017-08-30",113.11,161.02,17.61,18.6304,8.268
"2017-08-31",113.86,161.08,17.59,18.6621,8.303
"2017-09-01",114.13,162.65,17.63,18.7018,8.274
"2017-09-04",113.56,161.8,17.6,18.6875,8.281
"2017-09-05",113.76,162.1,17.51,18.753,8.286
"2017-09-06",114.04,162.42,17.57,18.7686,8.289
"2017-09-07",114.51,162.5,17.51,18.8364,8.293
"2017-09-08",114.73,161.8,17.56,18.8531,8.298
"2017-09-11",115.36,161.64,17.72,18.8409,8.303
"2017-09-12",115.73,163.64,17.74,18.775,8.306
"2017-09-13",115.41,165.85,17.79,18.7457,8.311
"2017-09-14",115.73,164.38,17.73,18.7507,8.308
"2017-09-15",115.95,164.67,17.76,18.7959,8.312
"2017-09-18",116.79,167.5,17.83,18.7518,8.311
"2017-09-19",116.87,167.34,17.81,18.7217,8.316
"2017-09-20",116.22,170.25,17.85,18.7493,8.316
"2017-09-21",116.11,171.91,17.85,18.672,8.317
"2017-09-22",114.87,172.23,17.8,18.7448,8.32
"2017-09-25",113.21,165.43,17.76,18.6534,8.322
"2017-09-26",113.2,164.29,17.73,18.5914,8.319
"2017-09-27",112.94,167.15,17.7,18.4929,8.313
"2017-09-28",112.64,163.5,17.67,18.5046,8.311
"2017-09-29",113.79,164.93,17.75,18.5773,8.307
"2017-10-02",113.89,164.69,17.73,18.54,8.312
"2017-10-03",114.72,168.3,17.72,18.5527,8.31
"2017-10-04",115.5,170.34,17.78,18.5948,8.314
"2017-10-05",115.7,170.32001,17.81,18.574,8.315
"2017-10-06",116.17,172.09,17.75,18.4775,8.312
"2017-10-09",115.79,172.27,17.75,18.413,8.317
"2017-10-10",116.75,173.2,17.73,18.5111,8.325
"2017-10-11",116.17,171.78,17.73,18.5074,8.331
"2017-10-12",117.29,172.21,17.72,18.5495,8.334
"2017-10-13",117.74,173.09,17.71,18.6069,8.377
"2017-10-16",118.29,172.18,17.76,18.5946,8.349
"2017-10-17",117.83,170.78,17.7,18.556,8.354
"2017-10-18",117.9,170.72,17.77,18.5801,8.354
"2017-10-19",117.19,167.96,17.74,18.6192,8.36
"2017-10-20",116.86,170.38,17.81,18.5335,8.357
"2017-10-23",116.67,170.28,17.8,18.4974,8.365
"2017-10-24",117.01,169.2,17.84,18.4247,8.394
"2017-10-25",116.66,170.91,17.84,18.3812,8.362
"2017-10-26",117.62,169.34,17.88,18.2876,8.365
"2017-10-27",117.55,168.24,17.82,18.2606,8.36
"2017-10-30",117.71,,17.8,,8.396
"2017-10-31",117.52,169.68,17.87,18.3092,8.365
"2017-11-01",,170.49,17.9,18.3101,
"2017-11-02",118.88,171.06,17.91,18.3433,8.367
"2017-11-03",119.01,170.76,17.95,18.2311,8.368
"2017-11-06",118.95,171.52,17.89,18.2499,8.372
"2017-11-07",118.79,173.09,17.87,18.2164,8.371
"2017-11-08",119.25,172.16,17.87,18.2151,8.371
"2017-11-09",119.27,174.61,17.86,18.2042,8.37
"2017-11-10",119.11,174.94,17.87,18.1802,8.359
"2017-11-13",118.81,177,17.85,18.1276,8.348
"2017-11-14",118.27,176.5,17.83,18.1156,8.336
"2017-11-15",117.34,173.63,17.81,18.1265,8.34
"2017-11-16",118.45,176.78,17.85,18.1885,8.331
"2017-11-17",118.54,176.73,17.85,18.2366,8.334
"2017-11-20",118.85,177.17,17.89,18.2139,8.337
"2017-11-21",119.81,181.6,17.9,18.2126,8.342
"2017-11-22",120.52,181.67,17.81,18.2832,8.344
"2017-11-23",120.46,177.63,17.85,18.3379,8.351
"2017-11-24",120.44,178.09,17.89,18.3566,8.347
"2017-11-27",120.34,174.82,17.89,18.3904,8.35
"2017-11-28",120.87,176.34,17.92,18.3775,8.349
"2017-11-29",121.42,175.64,18,18.3605,8.343
"2017-11-30",120.43,172.54,18.02,18.3451,8.336
"2017-12-01",120.11,172.39,17.96,18.3406,8.336
"2017-12-04",120.08,173.42,17.99,18.3704,8.337
"2017-12-05",119.71,170.95,17.99,18.4096,8.337
"2017-12-06",118.65,165.84,17.96,18.3815,8.343
"2017-12-07",118.66,165.06,18.01,18.3233,8.34
"2017-12-08",119.57,168.86,18.05,18.319,8.341
"2017-12-11",119.81,173.22,18.08,18.34,8.34
"2017-12-12",119.14,170.35,18.04,18.2889,8.337
"2017-12-13",119.07,171.54,17.95,18.3351,8.336
"2017-12-14",120.24,170.89,17.94,18.3382,8.337
"2017-12-15",120.49,168.69,17.97,18.3657,8.339
"2017-12-18",120.87,169.08,17.98,18.4408,8.342
"2017-12-19",121.33,170.56,18.04,18.411,8.369
"2017-12-20",121.61,170.14,18.09,18.4298,8.336
"2017-12-21",121.76,172.72,18.09,18.4098,8.337
"2017-12-22",122.16,173.58,18.07,18.4073,8.337
"2017-12-26",,,18.05,,
"2017-12-27",122.68,,18.01,18.4362,8.344
"2017-12-28",123.22,174.17,17.99,18.4603,8.346
"2017-12-29",123.09,174.68,18.02,18.4827,8.347
"2018-01-02",124.92,180.21,18.09,18.5523,8.35
"2018-01-03",125.75,181.95,18.12,18.6155,8.362
"2018-01-04",126.7,183.19,18.17,18.6809,8.363
"2018-01-05",127.97,183.07,18.25,18.6911,8.37
"2018-01-08",129.13,184.65,18.23,18.6731,8.377
"2018-01-09",129.88,185.9,18.21,18.6353,8.378
"2018-01-10",130.24,185.93,18.14,18.6186,8.378
"2018-01-11",131.05,185.22,18.13,18.6643,8.375
"2018-01-12",130.82,187.05,18.17,18.7101,8.378
"2018-01-15",130.89,185.29,18.14,18.7453,8.385
"2018-01-16",130.63,188.44,18.09,18.7322,8.386
"2018-01-17",129.89,186.75,18.15,18.7414,8.382
"2018-01-18",129.76,186.6,18.17,18.7408,8.384
"2018-01-19",130.59,187.41,18.22,18.7047,8.384
"2018-01-22",131.67,190.64,18.19,18.7101,8.382
"2018-01-23",132.67,192.21,18.17,18.7269,8.382
"2018-01-24",132.64,192.01,18.13,18.8087,8.41
"2018-01-25",133.1,189.65,18.14,18.8764,8.375
"2018-01-26",133.43,191.91,18.09,18.8456,8.373
"2018-01-29",132.74,188.13,18.06,18.7634,8.371
"2018-01-30",131.18,185.66,18.03,18.7356,8.33
"2018-01-31",131.19,187.74,18.1,18.7946,8.354
"2018-02-01",130.96,183.97,18.09,18.816,8.354
"2018-02-02",129.2,184,18.15,18.7138,8.343
"2018-02-05",126.92,180.17,18.01,18.6631,8.336
"2018-02-06",124.63,172.08,18.06,18.6084,8.33
"2018-02-07",124.47,168.65,18.1,18.6282,8.32
"2018-02-08",124.87,169.28,18.04,18.5078,8.313
"2018-02-09",123.12,164.73,18.03,18.4109,8.305
"2018-02-12",124.45,167.55,17.99,18.4272,8.283
"2018-02-13",124.9,170.7,17.94,18.424,8.273
"2018-02-14",125.33,174.33,17.96,18.4306,8.271
"2018-02-15",125.87,,17.92,18.505,8.267
"2018-02-16",125.23,,17.9,18.5716,8.272
"2018-02-19",125.57,176.79,17.92,18.5608,8.277
"2018-02-20",124.71,177.36,17.88,18.5037,8.274
"2018-02-21",125.25,179.24,17.96,18.527,8.279
"2018-02-22",124.19,179.04,17.82,18.4968,8.274
"2018-02-23",125.51,180.66,17.85,18.5405,8.308
"2018-02-26",126.48,182.63,17.84,18.5565,8.281
"2018-02-27",126.08,179.03,17.88,18.5239,8.283
"2018-02-28",125.92,177.54,17.75,18.4955,8.28
"2018-03-01",126.2,178.97,17.67,18.464,8.285
"2018-03-02",125.71,176.95,17.69,18.4538,8.28
"2018-03-05",125.39,174.65,17.75,18.4601,8.28
"2018-03-06",126.22,178.14,17.73,18.5141,8.277
"2018-03-07",125.53,177.04,17.74,18.4912,8.273
"2018-03-08",126.5,179.55,17.69,18.4527,8.265
"2018-03-09",127.08,182.44,17.74,18.4833,8.26
"2018-03-12",127.98,185.71,17.72,18.4757,8.259
"2018-03-13",128.39,185.29,17.77,18.4957,8.257
"2018-03-14",128.27,185.76,17.74,18.4879,8.255
"2018-03-15",129.02,187.59,17.75,18.4486,8.255
"2018-03-16",128.73,186.28,17.8,18.429,8.252
"2018-03-19",128.1,,17.78,,8.249
"2018-03-20",128.09,188.45,17.84,18.3599,8.235
"2018-03-21",128.07,185.18,17.79,18.3753,8.227
"2018-03-22",127.51,181.22,17.74,18.4036,8.231
"2018-03-23",126.17,175.05,17.7,18.3844,8.219
"2018-03-26",127.02,177.35,17.78,18.4359,8.22
"2018-03-27",128.13,178.15,17.75,18.4771,8.217
"2018-03-28",127.6,172.63,17.81,18.4729,8.192
"2018-03-29",128.28,173.19,17.79,18.4947,8.23
"2018-04-02",,,17.78,,
"2018-04-03",129.89,172.45,17.86,18.5084,8.235
"2018-04-04",129.59,170.88,17.88,18.5019,8.237
"2018-04-05",130.27,171.06,17.99,18.5223,8.24
"2018-04-06",130.67,171.34,17.91,18.5018,8.242
"2018-04-09",131.19,173.08,17.89,18.4824,8.248
"2018-04-10",131.85,177.12,17.91,18.4566,8.256
"2018-04-11",131.52,176.65,17.84,18.4749,8.257
"2018-04-12",130.95,176.52,17.88,18.5062,8.258
"2018-04-13",130.91,174.07,17.89,18.4995,8.258
"2018-04-16",130.17,172.87,17.85,18.4835,8.26
"2018-04-17",128.91,169.73,17.83,18.5015,8.251
"2018-04-18",129.27,170.17,17.85,18.5345,8.246
"2018-04-19",129.46,172.47,17.86,18.4892,8.235
"2018-04-20",128.43,170.63,17.82,18.3904,8.219
"2018-04-23",128.41,168.54,17.82,18.2916,8.212
"2018-04-24",128.22,169.86,17.87,18.2761,8.191
"2018-04-25",127.06,169.92,17.85,18.165,8.18
"2018-04-26",126.89,167.4,17.82,18.1762,8.169
"2018-04-27",127.57,168.3,17.81,18.2096,8.164
"2018-04-30",128.58,169.64,17.86,18.1688,8.164
"2018-05-01",,169.75,17.87,18.0928,
"2018-05-02",128.06,169.76,17.86,17.9484,8.153
"2018-05-03",127.14,170.06,17.81,17.86,8.137
"2018-05-04",126.69,170.13001,17.79,17.8474,8.132
"2018-05-07",126.8,,17.74,,8.114
"2018-05-08",126.99,175.08,17.75,17.68,8.08
"2018-05-09",126.5,175.23,17.71,17.6188,8.046
"2018-05-10",,177.41,17.67,17.7795,
"2018-05-11",126.37,177.45,17.69,17.8369,8.047
"2018-05-14",126.44,180.35001,17.71,17.7969,8.06
"2018-05-15",126.04,180.55,17.73,17.6064,8.067
"2018-05-16",125.92,180.97,17.75,17.6222,8.065
"2018-05-17",124.91,180.22,17.79,17.5845,8.064
"2018-05-18",124.28,179.55,17.69,17.4874,8.055
"2018-05-21",,179.52,17.65,17.4619,
"2018-05-22",123.17,180.01,17.65,17.5597,8.064
"2018-05-23",121.91,178.58,17.5,17.5349,8.069
"2018-05-24",122.89,177.96001,17.46,17.607,8.072
"2018-05-25",123.2,179.17,17.53,17.6151,8.077
"2018-05-28",123.63,182.05,17.66,17.6285,8.083
"2018-05-29",122.45,178.35001,17.49,17.5861,8.085
"2018-05-30",122.14,177.28,17.55,17.5732,8.089
"2018-05-31",123.59,181.26,17.64,17.5221,8.074
"2018-06-01",123.6,180.27,17.74,17.4824,8.065
"2018-06-04",124.31,,17.79,,8.058
"2018-06-05",124.26,186.52,17.78,17.4605,8.047
"2018-06-06",125.65,186.79,17.82,17.4569,8.042
"2018-06-07",126.65,185.3,17.69,17.4112,8.04
"2018-06-08",125.83,183.71,17.67,17.3651,8.044
"2018-06-11",126.06,183.83,17.72,17.3591,8.047
"2018-06-12",126.38,186.2,17.75,17.2887,8.039
"2018-06-13",126.37,183.86,17.73,17.2447,8.044
"2018-06-14",125.5,182.88,17.75,17.2202,8.035
"2018-06-15",124.79,181.52,17.7,17.1369,8.038
"2018-06-18",124.14,181.36,17.73,17.0511,8.041
"2018-06-19",121.58,175.81,17.67,16.9694,8.035
"2018-06-20",122.05,178.2,17.73,17.0402,8.029
"2018-06-21",121.4,175.84,17.6,17.0445,8.023
"2018-06-22",122.03,175.98,17.56,17.1518,8.011
"2018-06-25",120.25,172.66,17.5,17.1367,8.002
"2018-06-26",119.36,171.98,17.47,17.1325,8
"2018-06-27",117.22,165.73,17.43,17.0822,7.984
"2018-06-28",114.97,164.43,17.29,17.0379,7.96
"2018-06-29",117.14,169.26,17.38,17.0694,7.932
"2018-07-02",116.01,168.48,17.37,16.9993,7.93
"2018-07-03",114.85,165.22,17.32,17.0652,7.925
"2018-07-04",113.83,161.95,17.34,17.0778,7.904
"2018-07-05",113.79,160.87,17.32,17.1688,7.902
"2018-07-06",114.21,162.72,17.32,17.2272,7.861
"2018-07-09",115.95,167.09,17.43,17.311,7.854
"2018-07-10",116.36,166.26,17.44,17.289,7.839
"2018-07-11",114.97,164.68,17.47,17.252,7.834
"2018-07-12",115.98,167.71,17.51,17.2457,7.835
"2018-07-13",116.13,168.4,17.48,17.3019,7.84
"2018-07-16",114.97,168.89,17.49,17.3127,7.863
"2018-07-17",115.11,167.32,17.55,17.2996,7.864
"2018-07-18",115.11,167.73,17.52,17.2817,7.869
"2018-07-19",114.7,165.03,17.4,17.2449,7.877
"2018-07-20",115.07,165.5,17.4,17.3108,7.897
"2018-07-23",116.21,163.98,17.44,17.3002,7.92
"2018-07-24",118.71,164.47,17.39,17.317,7.948
"2018-07-25",118.37,166.83,17.44,17.3506,7.95
"2018-07-26",118.88,165.62,17.48,17.4023,7.982
"2018-07-27",119.17,164.72,17.5,17.4342,8.015
"2018-07-30",118.72,162.01,17.53,17.4312,8.044
"2018-07-31",118.44,160.36,17.56,17.3975,8.058
"2018-08-01",118.16,158.95,17.61,17.3509,8.059
"2018-08-02",116.46,156.36,17.58,17.2372,8.034
"2018-08-03",116.75,154.44,17.52,17.2907,8.018
"2018-08-06",117.25,,17.51,,8.016
"2018-08-07",118.19,155.44,17.55,17.2448,8.025
"2018-08-08",117.75,153.91,17.53,17.1918,8.042
"2018-08-09",118.07,156.18,17.55,17.0734,8.045
"2018-08-10",118.07,155.89,17.49,16.8522,8.07
"2018-08-13",115.83,154.59,17.32,16.6119,8.044
"2018-08-14",115.65,152.14,17.38,16.669,8.051
"2018-08-15",,148.34,17.29,16.6159,
"2018-08-16",113.72,148.93,17.28,16.7068,8.016
"2018-08-17",114.16,147.93,17.25,16.6672,8.014
"2018-08-20",114.82,150.01,17.26,16.6659,8.018
"2018-08-21",116.47,152.38,17.31,16.7532,8.017
"2018-08-22",116.26,151.74,17.3,16.7899,8.037
"2018-08-23",115.87,151.56,17.32,16.7619,8.006
"2018-08-24",115.11,151.3,17.3,16.7863,8.011
"2018-08-27",116.6,154.9,17.32,16.819,8.019
"2018-08-28",116.83,154.59,17.36,16.7926,8.029
"2018-08-29",116.58,155.11,17.36,16.7295,8.051
"2018-08-30",116.46,153.96,17.27,16.5823,8.031
"2018-08-31",115.92,153.15,17.25,16.5645,8.032
"2018-09-03",114.7,152.75,17.17,16.5472,8.026
"2018-09-04",113.58,152.71,17.11,16.4297,8.016
"2018-09-05",111.53,149.29,17.07,16.4154,7.997
"2018-09-06",110.72,148.03,16.99,16.4547,7.99
"2018-09-07",111.01,148.89,17.13,16.5058,7.99
"2018-09-10",109.91,147.29,17.05,16.4552,7.98
"2018-09-11",109.23,146.37,17.09,16.4256,7.973
"2018-09-12",108.69,145.45,17.08,16.4813,7.976
"2018-09-13",109.33,147.45,17.14,16.5628,7.977
"2018-09-14",110.53,148.21,17.2,16.606,7.987
"2018-09-17",108.64,146.85,17.13,16.5996,7.991
"2018-09-18",108.53,147.95,17.18,16.5961,7.992
"2018-09-19",109.22,149.69,17.24,16.6308,7.998
"2018-09-20",109.67,150.21,17.28,16.699,8.007
"2018-09-21",109.63,151.8,17.28,16.7689,8.021
"2018-09-24",107.68,149.6,17.26,16.7923,8.032
"2018-09-25",107.38,149.58,17.26,16.7676,8.034
"2018-09-26",107.55,151.46,17.24,16.8188,8.039
"2018-09-27",106.92,151.38,17.3,16.9027,8.072
"2018-09-28",106.14,151.92,17.35,16.8998,8.059
"2018-10-01",106.54,151.69,17.39,16.8893,8.07
"2018-10-02",105.41,149.74,17.29,16.8926,8.069
"2018-10-03",104.85,149.53,17.35,16.8774,8.063
"2018-10-04",102.83,146.96,17.26,16.7366,8.077
"2018-10-05",101,146.53,17.3,16.7049,8.036
"2018-10-08",99.37,144.33,17.23,16.693,8.026
"2018-10-09",98.95,143.92,17.14,16.6927,8.025
"2018-10-10",99.13,144.2,17.14,16.6665,8.023
"2018-10-11",95.19,140.88,17.09,16.6609,8.02
"2018-10-12",97.08,142.96,17.14,16.6823,8.017
"2018-10-15",96.42,141.78,17.11,16.7325,8.018
"2018-10-16",97.29,142.09,17.18,16.7864,8.017
"2018-10-17",96.95,141.74,17.27,16.7993,8.01
"2018-10-18",96.2,141.06,17.22,16.7647,8.006
"2018-10-19",96,141.6,17.26,16.7209,7.994
"2018-10-22",96.43,144.5,17.27,16.7137,7.987
"2018-10-23",94.71,141.6,17.24,16.6773,7.985
"2018-10-24",94.76,140.04,17.23,16.683,7.974
"2018-10-25",94.48,139.99,17.27,16.646,7.957
"2018-10-26",94.3,138.01,17.17,16.6463,7.938
"2018-10-29",93.62,,17.22,,7.929
"2018-10-30",94.19,134.75,17.24,16.5716,7.914
"2018-10-31",95.73,138.39,17.27,16.555,7.876
"2018-11-01",,140.25,17.3,16.591,
"2018-11-02",101.68,145.21,17.57,16.6339,7.872
"2018-11-05",100.42,142.55,17.5,16.6515,7.88
"2018-11-06",100.4,143.88,17.6,16.6724,7.888
"2018-11-07",100.77,144,17.74,16.7107,7.919
"2018-11-08",101.21,144.21,17.81,16.679,7.909
"2018-11-09",100.22,141.18,17.7,16.656,7.916
"2018-11-12",99.39,141.3,17.62,16.6353,7.919
"2018-11-13",100.05,142.4,17.62,16.5915,7.91
"2018-11-14",99.8,141.49,17.64,16.5869,7.89
"2018-11-15",100.52,143.41,17.71,16.5796,7.889
"2018-11-16",100.83,143.09,17.68,16.5995,7.889
"2018-11-19",102.01,143.97,17.7,16.6026,7.885
"2018-11-20",100.81,141.9,17.74,16.5234,7.881
"2018-11-21",101.5,142.75,17.77,16.5179,7.863
"2018-11-22",101.2,142.06,17.83,16.5296,7.862
"2018-11-23",100.38,141.57,17.85,16.5073,7.863
"2018-11-26",101.24,142.93,17.93,16.4723,7.867
"2018-11-27",101.46,142.85,17.92,16.4269,7.863
"2018-11-28",101.78,145.41,17.91,16.4422,7.868
"2018-11-29",102.86,144.3,18.01,16.5284,7.881
"2018-11-30",103.39,144.26,18.06,16.5251,7.896
"2018-12-03",105.33,147,18,16.6355,7.91
"2018-12-04",105.65,147.45,17.88,16.6286,7.94
"2018-12-05",104.88,145.21,17.89,16.6121,7.945
"2018-12-06",102.48,140.67,17.78,16.5716,7.951
"2018-12-07",103.1,139.21,17.79,16.6139,7.927
"2018-12-10",101.07,138.03,17.62,16.5745,7.958
"2018-12-11",101.43,139.18,17.62,16.5723,7.95
"2018-12-12",102.81,140.53,17.69,16.6298,7.956
"2018-12-13",104.75,142.19,17.79,16.6438,7.974
"2018-12-14",104.2,139.39,17.72,16.6305,7.992
"2018-12-17",103.83,138.4,17.7,16.6522,8.001
"2018-12-18",103.97,137.03,17.73,16.6566,8.002
"2018-12-19",104.34,135.65,17.8,16.6781,8.009
"2018-12-20",104.04,134.02,17.76,16.6546,8.017
"2018-12-21",102.78,133.4,17.77,16.6252,8.011
"2018-12-24",,133.68,17.68,16.6103,
"2018-12-26",,,17.78,,
"2018-12-27",100.68,,17.75,16.6114,8.007
"2018-12-28",101.32,133.59,17.69,16.6366,8.011
"2018-12-31",102.05,134.64,17.76,16.6315,8.013
"2019-01-02",100.85,131.8,17.7,16.6529,8.02
"2019-01-03",100.27,129.43,17.57,16.693,8.014
"2019-01-04",101.25,132.12,17.75,16.8089,8.001
"2019-01-07",102.06,133.62,17.85,16.8883,8.012
"2019-01-08",101.96,134.28,17.82,16.8762,8.026
"2019-01-09",102.66,136.46,17.78,16.9245,8.056
"2019-01-10",102.94,137.27,17.87,16.9461,8.084
"2019-01-11",103.09,137.24,17.83,16.9617,8.086
"2019-01-14",101.99,135.34,17.81,16.9557,8.092
"2019-01-15",103.67,138.32,17.84,16.9845,8.1
"2019-01-16",103.79,138.98,17.88,17.0275,8.103
"2019-01-17",103.38,138.29,17.85,17.0307,8.138
"2019-01-18",103.98,139.94,17.92,17.0817,8.118
"2019-01-21",103.99,140.75,17.89,17.0763,8.125
"2019-01-22",103.53,139.14,17.87,17.078,8.124
"2019-01-23",103.64,140.41,17.9,17.119,8.142
"2019-01-24",104.79,140.88,17.9,17.1847,8.169
"2019-01-25",105.29,142.68,17.95,17.2119,8.195
"2019-01-28",104.71,141.94,17.96,17.1918,8.228
"2019-01-29",104.81,142.65,17.94,17.1707,8.235
"2019-01-30",105.4,143.12,17.86,17.176,8.219
"2019-01-31",106.44,144.81,17.92,17.3427,8.22
"2019-02-01",106.97,145.35,18.02,17.3591,8.271
"2019-02-04",106.63,145.46,18.06,17.3528,8.279
"2019-02-05",106.74,,18.05,17.4008,8.284
"2019-02-06",107.06,,18.16,17.3923,8.287
"2019-02-07",107.15,,18.1,17.3442,8.293
"2019-02-08",106.69,145.77,18.09,17.3246,8.295
"2019-02-11",106.57,146.95,18.11,17.2661,8.294
"2019-02-12",106.1,147.65,18.13,17.2986,8.295
"2019-02-13",107.14,149.55,18.18,17.3034,8.29
"2019-02-14",107.65,150.21,18.11,17.2508,8.332
"2019-02-15",106.42,147.52,18.03,17.2603,8.345
"2019-02-18",107,150.12,18.08,17.27,8.37
"2019-02-19",107.12,149.06,18.05,17.2938,8.382
"2019-02-20",108.25,149.89,18.12,17.3186,8.382
"2019-02-21",108.85,150.7,18.15,17.3078,8.383
"2019-02-22",109.09,151.79,18.1,17.3591,8.386
"2019-02-25",110.82,153.3,18.18,17.4035,8.38
"2019-02-26",109.67,152.78,18.14,17.4057,8.384
"2019-02-27",108.84,152.74,18.21,17.4371,8.379
"2019-02-28",108.61,152.75,18.25,17.4233,8.388
"2019-03-01",110.92,154.08,18.29,17.3657,8.409
"2019-03-04",111.32,153.84,18.23,17.3511,8.433
"2019-03-05",112.31,154.58,18.24,17.349,8.444
"2019-03-06",112.97,153.14,18.24,17.3431,8.462
"2019-03-07",112.28,150.65,18.21,17.2804,8.468
"2019-03-08",110.92,147.86,18.1,17.2552,8.482
"2019-03-11",112.02,149.93,18.14,17.2958,8.48
"2019-03-12",113.39,150.98,18.1,17.3508,8.501
"2019-03-13",114.96,150.63,18.12,17.3559,8.532
"2019-03-14",114.38,150.56,18.16,17.3591,8.543
"2019-03-15",115.03,151.56,18.13,17.424,8.565
"2019-03-18",116.51,,18.14,,8.609
"2019-03-19",116.12,153.86,18.15,17.4966,8.619
"2019-03-20",116.12,154.22,18.05,17.5018,8.623
"2019-03-21",115.83,153.71,18.09,17.5705,8.638
"2019-03-22",116.63,153.61,17.98,17.4647,8.691
"2019-03-25",114.89,151.49,17.96,17.4996,8.674
"2019-03-26",116.13,151.39,17.98,17.4828,8.683
"2019-03-27",117.74,152.84,17.91,17.4038,8.697
"2019-03-28",117.68,153.66,17.91,17.3723,8.689
"2019-03-29",118.25,155.47,17.97,17.402,8.68
"2019-04-01",119.08,157.27,18.06,17.4916,8.677
"2019-04-02",119.4,156.88,18.06,17.4782,8.663
"2019-04-03",119.9,157.99,18.1,17.4995,8.656
"2019-04-04",119.25,158.35,18.09,17.5056,8.666
"2019-04-05",119.4,158.62,18.1,17.5331,8.668
"2019-04-08",119.01,159.06,18.08,17.5234,8.672
"2019-04-09",120.15,160.94,18.07,17.5477,8.656
"2019-04-10",119.73,161.08,18.03,17.5632,8.655
"2019-04-11",118.6,158.28,18.1,17.5449,8.652
"2019-04-12",119,158.77,18.16,17.5319,8.65
"2019-04-15",119.22,157.87,18.18,17.5169,8.655
"2019-04-16",119.33,159.78,18.19,17.4956,8.658
"2019-04-17",119.24,160.13,18.22,17.5175,8.669
"2019-04-18",118.6,159.28,18.2,17.5072,8.68
"2019-04-22",,,18.2,,
"2019-04-23",116.6,158.83,18.18,17.4821,8.71
"2019-04-24",117.31,158.43,18.18,17.4405,8.71
"2019-04-25",116.45,156.57,18.13,17.377,8.711
"2019-04-26",116.07,156.51,18.12,17.4186,8.685
"2019-04-29",115.91,158.02,18.13,17.415,8.683
"2019-04-30",114.46,157.6,18.08,17.4235,8.688
"2019-05-01",,157.53,18.1,17.4586,
"2019-05-02",114.82,158.13,18.13,17.3973,8.694
"2019-05-03",115.4,158.57,18.08,17.449,8.701
"2019-05-06",112.51,,18.02,,8.708
"2019-05-07",112.42,154.34,17.98,17.386,8.695
"2019-05-08",110.46,152.34,18.01,17.3967,8.693
"2019-05-09",,149.43,17.95,17.3505,
"2019-05-10",110.09,151.85,18.01,17.3937,8.673
"2019-05-13",108.59,150.95,17.92,17.3539,8.673
"2019-05-14",107.12,149.69,17.94,17.3733,8.657
"2019-05-15",107.71,151.22,17.9,17.3889,8.613
"2019-05-16",107.83,150.74,17.92,17.4093,8.645
"2019-05-17",106.45,147.15,17.9,17.3654,8.656
"2019-05-20",108.56,144.43,17.88,17.3656,8.664
"2019-05-21",108.32,145.27,17.9,17.4025,8.662
"2019-05-22",108.91,145.01,17.85,17.4198,8.665
"2019-05-23",108.12,142.2,17.82,17.3968,8.666
"2019-05-24",108.94,142.85,17.85,17.4249,8.66
"2019-05-27",109.49,142.99,17.87,17.4373,8.66
"2019-05-28",110.18,144.1,17.81,17.4287,8.665
"2019-05-29",110.28,143.61,17.8,17.4262,8.693
"2019-05-30",,143.39,17.77,17.4667,
"2019-05-31",110.15,143.17,17.74,17.4696,8.674
"2019-06-03",110.21,,17.72,,8.667
"2019-06-04",109.52,142.88,17.78,17.5279,8.662
"2019-06-05",109.97,142.61,17.82,17.5714,8.656
"2019-06-06",108.52,142.43,17.83,17.5761,8.659
"2019-06-07",108.69,142.74,17.79,17.6265,8.665
"2019-06-10",,145.76,17.88,17.6862,
"2019-06-11",110.48,148.21,17.89,17.722,8.697
"2019-06-12",109.64,146.4,17.89,17.749,8.71
"2019-06-13",109,146.49,17.86,17.7448,8.713
"2019-06-14",108.12,145.37,17.85,17.7416,8.717
"2019-06-17",106.98,145.91,17.84,17.7246,8.718
"2019-06-18",107.24,147.8,17.84,17.8056,8.723
"2019-06-19",108.24,150.98,17.87,17.8462,8.766
"2019-06-20",110.48,153.96,17.96,18.0178,8.76
"2019-06-21",110.51,153.6,18.03,18.0057,8.805
"2019-06-24",110.58,154.01,17.99,18.0122,8.789
"2019-06-25",110.31,152.45,17.96,18.0156,8.795
"2019-06-26",110.62,153.43,17.96,18.0218,8.827
"2019-06-27",111.3,154.87,17.94,18.05,8.801
"2019-06-28",110.9,154.37,17.97,18.1014,8.811
"2019-07-01",111.82,155.96,18.01,18.165,8.831
"2019-07-02",111.99,157.58,17.97,18.1682,8.854
"2019-07-03",111.76,157.16,17.92,18.2157,8.866
"2019-07-04",112.55,156.41,17.93,18.2455,8.872
"2019-07-05",111.58,156.45,18.02,18.2054,8.876
"2019-07-08",109.49,154,18,18.2035,8.887
"2019-07-09",109.27,152.72,18.01,18.1667,8.871
"2019-07-10",109.51,153.38,18.07,18.1604,8.863
"2019-07-11",110.11,154.09,18.18,18.2042,8.856
"2019-07-12",110.36,154.56,18.16,18.1942,8.892
"2019-07-15",110.33,155.24,18.16,18.2365,8.864
"2019-07-16",111.01,155.19,18.2,18.2239,8.825
"2019-07-17",110.34,155.11,18.14,18.219,8.858
"2019-07-18",109.59,153.82,18.13,18.2357,8.842
"2019-07-19",109.9,155.22,18.16,18.2655,8.842
"2019-07-22",109.13,153.81,18.14,18.2723,8.847
"2019-07-23",109.87,154.25,18.14,18.26,8.851
"2019-07-24",109.65,154.75,18.11,18.2804,8.857
"2019-07-25",109.55,155.46,18.14,18.276,8.861
"2019-07-26",109.74,154.8,18.15,18.25,8.868
"2019-07-29",109.39,153.78,18.13,18.2494,8.878
"2019-07-30",108.55,153.61,18.14,18.2319,8.876
"2019-07-31",108.4,152.04,18.14,18.2467,8.877
"2019-08-01",107.06,150.21,18.04,18.1771,8.876
"2019-08-02",105.19,146.9,17.98,18.1135,8.872
"2019-08-05",102.09,,17.83,,8.846
"2019-08-06",102.74,141.66,17.79,18.0169,8.789
"2019-08-07",102.94,142.24,17.79,18.0632,8.781
"2019-08-08",104.39,143.67,17.83,18.1124,8.79
"2019-08-09",104.21,142.5,17.89,18.1457,8.802
"2019-08-12",104.35,142.71,17.77,18.0115,8.807
"2019-08-13",101.82,141.56,17.68,18.0184,8.783
"2019-08-14",102.61,142.32,17.65,17.9605,8.771
"2019-08-15",,143.23,17.49,17.9617,
"2019-08-16",103.81,144.72,17.57,18.0007,8.707
"2019-08-19",104.59,147.34,17.67,17.9682,8.741
"2019-08-20",104.46,147.27,17.6,17.9766,8.755
"2019-08-21",104.57,147.3,17.66,18.0211,8.764
"2019-08-22",102.29,146.36,17.74,18.0391,8.776
"2019-08-23",103.09,147.81,17.71,18.0359,8.783
"2019-08-26",102.52,145.87,17.68,17.996,8.789
"2019-08-27",103.67,146.91,17.61,17.9854,8.773
"2019-08-28",103.08,146.75,17.56,17.9917,8.778
"2019-08-29",102.9,147.43,17.57,17.989,8.769
"2019-08-30",103.84,148.64,17.6,18.0331,8.765
"2019-09-02",103.84,148.64,17.6,18.0296,8.761
"2019-09-03",102.31,148.12,17.55,18.0618,8.732
"2019-09-04",103.83,151.28,17.56,18.1709,8.756
"2019-09-05",104.74,152.26,17.63,18.204,8.75
"2019-09-06",105.19,153.46,17.6,18.2173,8.758
"2019-09-09",105.49,153.22,17.71,18.2018,8.778
"2019-09-10",105.6,152.4,17.72,18.1711,8.788
"2019-09-11",106.96,152.78,17.7,18.1693,8.788
"2019-09-12",107.74,153.69,17.76,18.2471,8.802
"2019-09-13",108.71,154.95,17.85,18.2077,8.811
"2019-09-16",107.71,153.79,17.78,18.1734,8.821
"2019-09-17",105.91,152.27,17.72,18.1702,8.828
"2019-09-18",106.68,153.22,17.73,18.2241,8.832
"2019-09-19",106.01,152.54,17.75,18.2104,8.832
"2019-09-20",108.64,152.54,17.77,18.226,8.821
"2019-09-23",109.47,150.56,17.74,18.2313,8.829
"2019-09-24",108.33,151.02,17.67,18.198,8.82
"2019-09-25",106.86,149.75,17.7,18.1345,8.823
"2019-09-26",107.23,150.09,17.67,18.1541,8.815
"2019-09-27",107.34,148.56,17.68,18.165,8.81
"2019-09-30",106.23,148.57,17.66,18.14,8.807
"2019-10-01",105.15,148.4,17.69,18.1095,8.796
"2019-10-02",104.9,148.22,17.72,18.1068,8.809
"2019-10-03",105.75,149.3,17.7,18.1692,8.815
"2019-10-04",105.72,148.5,17.71,18.2529,8.822
"2019-10-07",105.8,148.31,17.72,18.2404,8.832
"2019-10-08",106.47,148.87,17.72,18.1985,8.834
"2019-10-09",106.76,148.46,17.73,18.1841,8.869
"2019-10-10",106.72,149.45,17.73,18.1861,8.827
"2019-10-11",107.39,151.69,17.72,18.2069,8.824
"2019-10-14",107.83,152.58,17.74,18.209,8.835
"2019-10-15",108.56,152.97,17.74,18.2089,8.846
"2019-10-16",109.45,153.52,17.74,18.1968,8.845
"2019-10-17",110.69,154.14,17.74,18.2334,8.847
"2019-10-18",110.67,153.32,17.75,18.2596,8.849
"2019-10-21",110.53,153.68,17.79,18.2502,8.857
"2019-10-22",110.28,153.71,17.79,18.2993,8.87
"2019-10-23",110.31,152.89,17.78,18.3079,8.889
"2019-10-24",110.11,153.49,17.8,18.3358,8.889
"2019-10-25",110.28,153.96,17.83,18.3512,8.89
"2019-10-28",111,,17.83,,8.89
"2019-10-29",112.39,156.13,17.82,18.3422,8.903
"2019-10-30",112.14,155.71,17.76,18.2965,8.905
"2019-10-31",112.62,157.51,17.78,18.3282,8.912
"2019-11-01",,159.42,17.76,18.378,
"2019-11-04",113.37,161.56,17.82,18.3901,8.934
"2019-11-05",113.75,162.08,17.84,18.3402,8.906
"2019-11-06",113.51,161.79,17.81,18.3272,8.908
"2019-11-07",113.17,162.65,17.84,18.3106,8.909
"2019-11-08",112.73,162.08,17.87,18.2801,8.914
"2019-11-11",111.74,159,17.86,18.2657,8.919
"2019-11-12",112.39,160.07,17.86,18.2234,8.917
"2019-11-13",110.85,159.1,17.85,18.1877,8.922
"2019-11-14",111.01,158.53,17.87,18.2227,8.927
"2019-11-15",110.8,158.49,17.83,18.2574,8.926
"2019-11-18",110.6,160.43,17.84,18.2024,8.935
"2019-11-19",111.73,162.71,17.81,18.1573,8.933
"2019-11-20",111.27,161.6,17.79,18.1646,8.939
"2019-11-21",110.1,159.37,17.81,18.1563,8.937
"2019-11-22",110.15,158.39,17.81,18.1707,8.926
"2019-11-25",110.73,159.52,17.8,18.1593,8.93
"2019-11-26",110.86,160.13,17.77,18.1476,8.933
"2019-11-27",111.43,159.98,17.77,18.132,8.933
"2019-11-28",110.98,159.83,17.78,18.1236,8.934
"2019-11-29",110.17,156.72,17.79,18.1297,8.967
"2019-12-02",110.01,156.73,17.8,18.1038,8.924
"2019-12-03",109.54,156.39,17.76,18.1132,8.929
"2019-12-04",109.45,154.83,17.77,18.1603,8.91
"2019-12-05",109.77,156.88,17.81,18.1701,8.907
"2019-12-06",109.36,158.32,17.85,18.2193,8.903
"2019-12-09",109.71,158.07,17.86,18.2382,8.926
"2019-12-10",108.99,157.95,17.87,18.243,8.854
"2019-12-11",108.8,159.5,17.82,18.2906,8.874
"2019-12-12",109.34,160.53,17.82,18.3505,8.885
"2019-12-13",110.15,163.69,17.8,18.3989,8.927
"2019-12-16",109.75,163.03,17.82,18.4367,8.926
"2019-12-17",110.16,164.83,17.83,18.4733,8.941
"2019-12-18",110.03,165.36,17.87,18.4922,8.952
"2019-12-19",110.39,164.34,17.87,18.4773,8.962
"2019-12-20",111.18,,17.85,18.4831,8.969
"2019-12-23",111.22,,17.86,18.4956,8.981
"2019-12-24",,,17.87,18.5062,
