"","LU0795476117","LU0114722498","LU0390710027","LU0823389852","LU0163747925"
"2014-01-02",6.648,22.244,12.61,218.46001,15.882
"2014-01-03",6.654,22.362,12.62,218.67,15.622
"2014-01-06",6.662,22.372,12.61,218.77,15.483
"2014-01-07",6.672,22.52,12.59,218.98,15.48
"2014-01-08",6.686,22.707,12.54,218.39,15.591
"2014-01-09",6.689,22.657,12.53,218.41,15.517
"2014-01-10",6.693,22.608,12.61,218.66,15.534
"2014-01-13",6.701,22.717,12.63,218.60001,15.722
"2014-01-14",6.703,22.569,12.64,218.3,15.69
"2014-01-15",6.706,22.923,12.57,218.44,15.72
"2014-01-16",6.718,22.776,12.53,218.02,15.703
"2014-01-17",6.726,22.943,12.53,217.92999,15.683
"2014-01-20",6.733,22.815,12.53,217.62,15.634
"2014-01-21",6.734,22.776,12.53,217.16,15.665
"2014-01-22",6.738,22.835,12.53,216.56,15.726
"2014-01-23",6.743,22.391,12.54,215.49001,15.554
"2014-01-24",6.736,21.869,12.5,214.55,15.451
"2014-01-27",6.712,21.564,12.49,214.31,15.109
"2014-01-28",6.704,21.879,12.51,214.63,15.129
"2014-01-29",6.708,21.8,12.47,214.03999,15.232
"2014-01-30",6.703,21.997,12.39,213.78,15.144
"2014-01-31",6.71,21.859,12.36,212.91,15.149
"2014-02-03",6.708,21.367,12.36,212.72,15.045
"2014-02-04",6.704,21.544,12.43,213.53999,14.824
"2014-02-05",6.695,21.475,12.44,214.03999,14.769
"2014-02-06",6.698,21.682,12.5,214.41,14.836
"2014-02-07",6.705,21.869,12.52,215.09,15.008
"2014-02-10",6.722,21.82,12.52,215.02,14.991
"2014-02-11",6.733,22.076,12.59,214.96001,15.132
"2014-02-12",6.744,22.313,12.58,215.16,15.282
"2014-02-13",6.754,22.145,12.59,214.97,15.201
"2014-02-14",6.753,22.135,12.65,214.82001,15.336
"2014-02-17",6.762,22.194,12.66,215.03999,15.462
"2014-02-18",6.763,22.214,12.67,214.66,15.442
"2014-02-19",6.774,22.145,12.64,214.25999,15.471
"2014-02-20",6.786,22.096,12.56,214.78999,15.351
"2014-02-21",6.788,22.175,12.58,215.7,15.467
"2014-02-24",6.799,22.283,12.65,216.39999,15.386
"2014-02-25",6.807,22.194,12.67,216.75,15.399
"2014-02-26",6.819,22.214,12.59,216.69,15.45
"2014-02-27",6.83,22.125,12.64,217.36,15.539
"2014-02-28",6.837,22.224,12.69,217.52,15.59
"2014-03-03",6.85,21.82,12.62,216.44,15.446
"2014-03-04",6.844,22.273,12.64,217.25999,15.458
"2014-03-05",6.851,22.382,12.69,217.3,15.538
"2014-03-06",6.853,22.46,12.78,217.53999,15.661
"2014-03-07",6.849,22.322,12.73,217.16,15.714
"2014-03-10",6.836,22.214,12.72,216.59,15.534
"2014-03-11",6.828,22.185,12.71,216.71001,15.575
"2014-03-12",6.831,21.978,12.72,216.06,15.351
"2014-03-13",6.829,21.781,12.74,216.03,15.321
"2014-03-14",6.83,21.603,12.74,215.47,15.292
"2014-03-17",6.822,21.741,12.78,215.78,15.332
"2014-03-18",6.828,21.85,12.78,216.02,15.355
"2014-03-19",6.839,21.869,12.77,215.87,15.316
"2014-03-20",6.848,22.086,12.64,216.42999,15.049
"2014-03-21",6.836,22.076,12.66,216.88,15.184
"2014-03-24",6.846,21.889,12.67,217.7,15.362
"2014-03-25",6.849,21.958,12.71,218.74001,15.371
"2014-03-26",6.854,22.047,12.73,219.47,15.587
"2014-03-27",6.862,21.879,12.78,220.42999,15.735
"2014-03-28",6.858,22.047,12.77,220.21001,15.888
"2014-03-31",6.862,22.165,12.81,220.23,15.987
"2014-04-01",6.867,22.332,12.81,220.58,16.117
"2014-04-02",6.874,22.451,12.76,220.67,16.186
"2014-04-03",6.874,22.48,12.72,220.92999,16.193
"2014-04-04",6.876,22.579,12.77,221.67999,16.159
"2014-04-07",6.883,22.086,12.78,221.82001,16.192
"2014-04-08",6.881,21.938,12.86,222.46001,16.314
"2014-04-09",6.879,21.938,12.85,222.59,16.467
"2014-04-10",6.883,21.731,12.89,222.86,16.506
"2014-04-11",6.889,21.406,12.85,222.77,16.457
"2014-04-14",6.881,21.475,12.84,222.61,16.436
"2014-04-15",6.885,21.259,12.8,222.34,16.354
"2014-04-16",6.884,21.574,12.8,222.22,16.337
"2014-04-17",6.885,21.771,12.8,222.38,16.393
"2014-04-18",,21.781,12.79,,
"2014-04-21",,21.83,12.79,,
"2014-04-22",6.886,21.968,12.81,222.56,16.35
"2014-04-23",6.89,21.889,12.77,222.78,16.279
"2014-04-24",6.892,21.919,12.76,222.28999,16.294
"2014-04-25",6.896,21.682,12.76,221.48,16.134
"2014-04-28",6.896,21.544,12.77,221.69,16.094
"2014-04-29",6.897,21.869,12.78,221.88,16.177
"2014-04-30",6.899,21.761,12.83,222.35001,16.082
"2014-05-01",,21.909,12.85,,
"2014-05-02",6.908,21.948,12.85,223.14,16.098
"2014-05-05",6.913,21.8,12.85,223.2,16.027
"2014-05-06",6.914,21.702,12.91,223.58,16.038
"2014-05-07",6.919,21.672,12.91,224.48,15.959
"2014-05-08",6.921,21.938,12.94,224.92,16.041
"2014-05-09",6.929,21.909,12.89,224.92999,16.058
"2014-05-12",6.935,22.135,12.89,225.02,16.147
"2014-05-13",6.941,22.244,12.91,225.16,16.281
"2014-05-14",6.945,22.214,12.92,225.11,16.471
"2014-05-15",6.952,21.81,12.88,225.12,16.503
"2014-05-16",6.947,21.948,12.9,225.14,16.602
"2014-05-19",6.953,21.988,12.91,225.42999,16.722
"2014-05-20",6.955,21.997,12.86,225.52,16.674
"2014-05-21",6.958,22.125,12.85,225.85001,16.653
"2014-05-22",6.954,22.263,12.87,225.99001,16.786
"2014-05-23",6.953,22.362,12.86,226.14999,16.843
"2014-05-26",6.954,22.46,12.87,226.28,16.833
"2014-05-27",6.955,22.608,12.84,226.39999,16.767
"2014-05-28",6.96,22.677,12.82,227.53999,16.881
"2014-05-29",,22.638,12.85,,
"2014-05-30",6.968,22.598,12.81,228.56,16.814
"2014-06-02",6.977,22.707,12.78,228.57001,16.873
"2014-06-03",6.981,22.618,12.76,228.35001,17.028
"2014-06-04",6.978,22.707,12.76,228.42999,16.965
"2014-06-05",6.981,22.825,12.79,228.96001,17.013
"2014-06-06",6.986,23.042,12.84,230.58,17.003
"2014-06-09",,23.189,12.82,,
"2014-06-10",7.006,23.219,12.8,230.58,17.176
"2014-06-11",7.011,23.12,12.82,230.64999,17.146
"2014-06-12",7.013,23.061,12.86,230.5,17.123
"2014-06-13",7.014,22.983,12.85,230.89999,17.064
"2014-06-16",7.017,22.776,12.87,229.42999,17.058
"2014-06-17",7.019,22.953,12.83,228.56,17.079
"2014-06-18",7.02,22.864,12.83,228.95,17.009
"2014-06-19",7.023,22.904,12.85,229.33,17.068
"2014-06-20",7.035,22.943,12.84,229.49001,17.02
"2014-06-23",,22.864,12.88,,
"2014-06-24",7.046,22.904,12.86,229.89,17.049
"2014-06-25",7.048,22.697,12.87,230.17,16.988
"2014-06-26",7.043,22.687,12.87,230.37,17.151
"2014-06-27",7.044,22.726,12.88,230.49001,17.145
"2014-06-30",7.044,22.648,12.9,230.14999,17.206
"2014-07-01",7.041,22.884,12.91,230.81,17.214
"2014-07-02",7.045,22.963,12.88,230.92999,17.437
"2014-07-03",7.046,23.17,12.85,230.84,17.459
"2014-07-04",7.046,23.13,12.85,231.14,17.473
"2014-07-07",7.049,23.002,12.85,231.06,17.529
"2014-07-08",7.051,22.756,12.87,231.28999,17.55
"2014-07-09",7.047,22.766,12.89,231.25,17.411
"2014-07-10",7.047,22.628,12.89,231.37,17.506
"2014-07-11",7.03,22.618,12.87,231.31,17.412
"2014-07-14",7.035,22.825,12.88,231.16,17.425
"2014-07-15",7.038,22.874,12.85,231,17.528
"2014-07-16",7.029,23.12,12.86,231.03999,17.536
"2014-07-17",7.023,22.933,12.85,230.94,17.546
"2014-07-18",7.008,23.042,12.85,231.05,17.527
"2014-07-21",6.997,22.933,12.86,231.12,17.553
"2014-07-22",6.993,23.209,12.86,230.99001,17.705
"2014-07-23",6.998,23.308,12.89,231.39,17.819
"2014-07-24",7.007,23.455,12.85,231.72,17.895
"2014-07-25",7.012,23.406,12.83,230.64,17.908
"2014-07-28",7.01,23.406,12.83,230.07001,17.91
"2014-07-29",7.007,23.475,12.79,229.52,18.039
"2014-07-30",6.999,23.465,12.73,230.2,18.142
"2014-07-31",6.988,23.189,12.71,228.92,18.006
"2014-08-01",6.947,22.815,12.72,227.53999,17.788
"2014-08-04",6.905,22.923,12.73,227.44,17.914
"2014-08-05",6.912,22.923,12.69,226.92999,17.84
"2014-08-06",6.93,22.835,12.7,226.37,17.743
"2014-08-07",6.924,22.726,12.7,282.98,17.678
"2014-08-08",6.937,22.588,12.71,225.74001,17.552
"2014-08-11",6.935,22.884,12.73,226.46001,17.789
"2014-08-12",6.954,22.914,12.73,226.92,17.843
"2014-08-13",6.969,23.081,12.75,226.91,17.962
"2014-08-14",6.991,23.15,12.78,227.47,17.991
"2014-08-15",,23.022,12.77,,
"2014-08-18",7.019,23.357,12.78,228.64999,18.056
"2014-08-19",7.029,23.505,12.75,228.97,18.179
"2014-08-20",7.037,23.544,12.72,228.73,18.181
"2014-08-21",7.045,23.682,12.72,228.56,18.064
"2014-08-22",7.049,23.8,12.71,228.03,18.164
"2014-08-25",7.053,24.056,12.7,228.19,18.164
"2014-08-26",7.055,24.115,12.7,228.73,18.161
"2014-08-27",7.057,24.096,12.73,229.28999,18.214
"2014-08-28",7.059,23.928,12.72,228.73,18.174
"2014-08-29",7.06,24.056,12.72,228.57001,18.134
"2014-09-01",7.064,24.096,12.72,228.23,18.185
"2014-09-02",7.064,24.086,12.66,227.5,18.094
"2014-09-03",7.062,24.214,12.68,228.42999,18.303
"2014-09-04",7.061,24.637,12.65,228.39999,18.347
"2014-09-05",7.046,24.44,12.65,228.39999,18.283
"2014-09-08",7.034,24.431,12.6,227.58,18.311
"2014-09-09",7.029,24.293,12.51,226.98,18.295
"2014-09-10",7.017,24.303,12.52,226.31,18.08
"2014-09-11",6.993,24.293,12.49,226.96001,17.987
"2014-09-12",6.981,24.283,12.46,226.71001,17.971
"2014-09-15",6.981,24.174,12.46,225.78999,17.82
"2014-09-16",6.976,24.174,12.51,225.75999,17.672
"2014-09-17",6.965,24.243,12.48,224.53999,17.886
"2014-09-18",6.975,24.549,12.47,223.81,17.775
"2014-09-19",6.987,24.706,12.44,224.58,17.774
"2014-09-22",6.991,24.48,12.42,224.67999,17.6
"2014-09-23",6.982,24.342,12.41,225.00999,17.511
"2014-09-24",6.958,24.44,12.39,225.81,17.537
"2014-09-25",6.938,24.224,12.33,225.85001,17.404
"2014-09-26",6.901,24.322,12.27,225.14,17.322
"2014-09-29",6.871,24.184,12.26,223.61,17.078
"2014-09-30",6.847,24.283,12.26,222.81,16.935
"2014-10-01",6.875,24.125,12.27,222.3,16.861
"2014-10-02",6.885,23.662,12.3,222.25,16.759
"2014-10-03",6.887,24.253,12.18,221.56,16.827
"2014-10-06",6.915,24.204,12.25,222.03999,16.871
"2014-10-07",6.933,23.948,12.28,222.03999,16.885
"2014-10-08",6.918,23.721,12.26,222.17,16.659
"2014-10-09",6.895,23.721,12.32,222.94,16.848
"2014-10-10",6.868,23.544,12.28,221.92999,16.645
"2014-10-13",6.831,23.396,12.32,222,16.586
"2014-10-14",6.831,23.386,12.27,220.86,16.588
"2014-10-15",6.805,22.598,12.29,218.17999,16.568
"2014-10-16",6.766,22.579,12.3,217.36,16.381
"2014-10-17",6.773,23.111,12.29,219.44,16.342
"2014-10-20",6.865,23.101,12.32,219.64999,16.55
"2014-10-21",6.868,23.534,12.32,219.56,16.506
"2014-10-22",6.91,23.761,12.3,219.87,16.657
"2014-10-23",6.921,23.79,12.29,219.87,16.648
"2014-10-24",6.922,23.82,12.3,220.55,16.606
"2014-10-27",6.917,23.672,12.3,219.95,16.588
"2014-10-28",6.909,23.869,12.34,221.32001,16.651
"2014-10-29",6.904,23.889,12.36,222.33,16.94
"2014-10-30",6.908,24.293,12.29,223.03,16.914
"2014-10-31",6.912,24.815,12.21,222.77,17.056
"2014-11-03",6.92,24.835,12.16,222.03999,16.975
"2014-11-04",6.919,24.618,12.15,221.13,16.897
"2014-11-05",6.893,24.953,12.12,220.55,16.762
"2014-11-06",6.897,25.032,12.08,219.02,16.78
"2014-11-07",6.894,25.032,12.1,218.45,16.718
"2014-11-10",6.898,25.11,12.12,219.12,16.906
"2014-11-11",6.898,25.12,12.14,218.45,16.861
"2014-11-12",6.899,25.022,12.18,218.89999,16.868
"2014-11-13",6.896,25.032,12.15,217.7,16.9
"2014-11-14",6.887,25.012,12.17,217.60001,16.855
"2014-11-17",6.858,25.041,12.16,217.03999,16.79
"2014-11-18",6.851,25.012,12.2,217.19,16.738
"2014-11-19",6.831,24.943,12.13,217.49001,16.659
"2014-11-20",6.812,24.963,12.15,217.53,16.633
"2014-11-21",6.801,25.426,12.16,219,16.714
"2014-11-24",6.828,25.445,12.14,219.2,17.008
"2014-11-25",6.831,25.386,12.13,219.23,16.969
"2014-11-26",6.836,25.416,12.16,219.09,17.083
"2014-11-27",6.839,25.504,12.11,218.63,17.141
"2014-11-28",6.842,25.593,12.04,217.3,17.118
"2014-12-01",6.824,25.337,12.1,214.84,16.817
"2014-12-02",6.758,25.642,12,213.64999,16.914
"2014-12-03",6.726,25.908,11.97,213.67,16.842
"2014-12-04",6.725,25.652,11.99,212.88,17.051
"2014-12-05",6.721,26.145,11.88,212.08,17.119
"2014-12-08",6.712,26.174,11.82,210.03999,17.037
"2014-12-09",6.681,25.603,11.89,208.12,16.838
"2014-12-10",6.63,25.623,11.84,206.07001,16.81
"2014-12-11",6.587,25.632,11.8,203.89,16.647
"2014-12-12",6.566,24.992,11.79,200.49001,16.6
"2014-12-15",6.515,24.569,11.73,195.41,16.488
"2014-12-16",6.472,24.756,11.76,191.02,16.332
"2014-12-17",6.426,24.854,11.75,195.56,16.32
"2014-12-18",6.473,25.524,11.76,198.82001,16.397
"2014-12-19",6.562,25.79,11.72,201.36,16.6
"2014-12-22",6.587,25.898,11.72,203.47,16.883
"2014-12-23",6.602,26.184,11.68,204.03,16.776
"2014-12-24",,26.184,11.67,204.17,
"2014-12-26",,26.302,11.68,,
"2014-12-29",6.627,26.283,11.7,203.47,16.971
"2014-12-30",6.634,26.174,11.74,203.86,16.855
"2014-12-31",6.633,26.312,11.7,203.41,16.944
"2015-01-02",,26.292,11.61,202.97,17.05
"2015-01-05",6.625,26.076,11.56,200.31,16.88
"2015-01-06",6.603,25.613,11.58,197.53999,16.597
"2015-01-07",6.578,25.958,11.53,197.72,16.624
"2015-01-08",6.599,26.371,11.61,199.53999,16.841
"2015-01-09",6.623,26.105,11.61,199.55,16.955
"2015-01-12",6.637,25.948,11.58,197.72,16.944
"2015-01-13",6.626,26.283,11.58,197.22,16.991
"2015-01-14",6.627,25.711,11.61,196.99001,16.902
"2015-01-15",6.604,26.204,11.6,197.89999,17.001
"2015-01-16",6.604,26.361,11.59,197.25999,16.909
"2015-01-19",6.6,26.253,11.58,197.61,16.819
"2015-01-20",6.602,26.371,11.54,197.31,16.937
"2015-01-21",6.602,26.549,11.5,197.52,17.219
"2015-01-22",6.605,27.15,11.51,197.89,17.291
"2015-01-23",6.611,27.613,11.43,198.95,17.532
"2015-01-26",6.625,27.652,11.44,198.31,17.501
"2015-01-27",6.629,27.327,11.47,198.48,17.538
"2015-01-28",6.625,27.366,11.42,198.62,17.525
"2015-01-29",6.644,27.159,11.31,197.99001,17.312
"2015-01-30",6.642,27.071,11.29,197.16,17.195
"2015-02-02",6.646,27.071,11.36,197.78,17.18
"2015-02-03",6.65,27.199,11.41,199.48,17.183
"2015-02-04",6.677,27.445,11.41,199.67,17.33
"2015-02-05",6.687,27.475,11.46,200.72,17.279
"2015-02-06",6.7,27.888,11.38,201.53,17.304
"2015-02-09",6.725,27.642,11.39,201.38,17.167
"2015-02-10",6.724,27.681,11.36,200.02,17.215
"2015-02-11",6.733,27.75,11.28,199.34,17.148
"2015-02-12",6.735,27.938,11.37,200.12,17.153
"2015-02-13",6.746,28.194,11.39,201.5,17.364
"2015-02-16",6.759,28.223,11.39,201.8,17.316
"2015-02-17",6.76,28.233,11.42,201.89,17.347
"2015-02-18",6.768,28.41,11.39,202.28,17.389
"2015-02-19",6.783,28.351,11.41,202.00999,17.422
"2015-02-20",6.785,28.371,11.4,201.89999,17.408
"2015-02-23",6.8,28.499,11.38,201.58,17.335
"2015-02-24",6.807,28.706,11.38,202.12,17.312
"2015-02-25",6.821,28.686,11.47,202.48,17.482
"2015-02-26",6.834,29.041,11.41,202.75,17.514
"2015-02-27",6.853,29.12,11.39,203.35001,17.412
"2015-03-02",6.86,29.297,11.36,203.48,17.505
"2015-03-03",6.861,29.09,11.39,203.50999,17.487
"2015-03-04",6.854,29.307,11.33,203.14999,17.338
"2015-03-05",6.847,29.543,11.3,203.60001,17.268
"2015-03-06",6.845,29.829,11.16,203.17999,17.328
"2015-03-09",6.832,29.75,11.15,202.45,17.084
"2015-03-10",6.822,29.593,11.05,201.46001,16.914
"2015-03-11",6.798,30.075,11.02,201.39999,16.811
"2015-03-12",6.805,30.341,11.08,202.12,16.861
"2015-03-13",6.814,30.42,10.99,199.98,16.838
"2015-03-16",6.79,30.528,11.04,199.66,16.789
"2015-03-17",6.775,30.44,11,199.14,16.954
"2015-03-18",6.754,30.262,11,199.5,17.048
"2015-03-19",6.751,30.44,11.05,200.55,17.172
"2015-03-20",6.77,30.4,11.22,202.42,17.077
"2015-03-23",6.782,30.184,11.3,203.39,17.168
"2015-03-24",6.787,30.125,11.32,204.2,17.182
"2015-03-25",6.798,29.76,11.3,204.78,17.165
"2015-03-26",6.803,29.662,11.26,204.63,17.008
"2015-03-27",6.8,29.622,11.22,204.09,17.01
"2015-03-30",6.807,30.144,11.14,203.96001,17.123
"2015-03-31",6.813,30.233,11.13,204.13,17.203
"2015-04-01",6.816,30.282,11.17,205.50999,17.232
"2015-04-02",6.821,30.184,11.19,,17.389
"2015-04-03",,29.819,11.3,,
"2015-04-06",,30.056,11.32,,
"2015-04-07",6.84,30.45,11.22,207.8,17.502
"2015-04-08",6.861,30.666,11.26,208.98,17.792
"2015-04-09",6.878,31.08,11.19,209.47,17.946
"2015-04-10",6.877,31.376,11.14,209.32001,18.083
"2015-04-13",6.89,31.582,11.09,209.22,18.305
"2015-04-14",6.893,31.218,11.2,209.84,18.225
"2015-04-15",6.896,31.523,11.17,209.82001,18.207
"2015-04-16",6.909,31.208,11.32,209.87,18.416
"2015-04-17",6.912,30.666,11.29,209.22,18.317
"2015-04-20",6.909,30.834,11.27,209.16,18.125
"2015-04-21",6.915,30.883,11.28,209.28999,18.284
"2015-04-22",6.919,31.07,11.25,209.17999,18.439
"2015-04-23",6.914,30.922,11.28,209.78999,18.451
"2015-04-24",6.917,30.794,11.32,210.44,18.54
"2015-04-27",6.928,30.952,11.38,210.77,18.642
"2015-04-28",6.929,30.656,11.48,211.03999,18.607
"2015-04-29",6.926,30.154,11.58,210.75,18.494
"2015-04-30",6.921,30.056,11.43,210.07001,18.382
"2015-05-01",,29.947,11.35,,
"2015-05-04",6.928,30.223,11.38,209.28999,18.456
"2015-05-05",6.935,29.957,11.42,208.77,18.325
"2015-05-06",6.937,29.425,11.49,209.34,18.157
"2015-05-07",6.931,29.602,11.42,208.56,17.88
"2015-05-08",6.93,30.322,11.49,210.07001,17.981
"2015-05-11",6.949,30.597,11.42,209.13,18.027
"2015-05-12",6.949,30.223,11.47,207.82001,17.848
"2015-05-13",6.923,30.046,11.57,209.64,17.885
"2015-05-14",,30.164,11.58,,
"2015-05-15",6.942,30.085,11.6,211.91,17.996
"2015-05-18",6.952,30.351,11.53,211.36,17.935
"2015-05-19",6.945,30.982,11.44,208.25999,17.999
"2015-05-20",6.942,31.08,11.41,208.45,17.935
"2015-05-21",6.937,31.07,11.44,208.41,17.827
"2015-05-22",6.945,31.307,11.38,210.25999,18.073
"2015-05-25",,31.336,11.36,,
"2015-05-26",6.951,31.317,11.27,208.16,17.994
"2015-05-27",6.952,31.445,11.25,207.67,17.823
"2015-05-28",6.957,31.198,11.2,207.46001,17.639
"2015-05-29",6.955,30.863,11.21,207.38,17.562
"2015-06-01",6.958,31.119,11.14,206.83,17.585
"2015-06-02",6.955,30.607,11.22,207.17,17.41
"2015-06-03",6.947,30.42,11.27,206.88,17.381
"2015-06-04",6.937,30.272,11.22,206.03999,17.341
"2015-06-05",6.925,30.459,11.11,204.14999,17.255
"2015-06-08",6.906,30.026,11.15,202.89999,17.116
"2015-06-09",6.898,29.849,11.23,203.62,16.972
"2015-06-10",6.882,30.233,11.29,203.85001,17.03
"2015-06-11",6.887,30.489,11.24,203.73,17.082
"2015-06-12",6.9,30.312,11.28,203.75,17.13
"2015-06-15",6.897,30.075,11.27,203.45,16.996
"2015-06-16",6.877,30.164,11.27,203.2,16.824
"2015-06-17",6.868,30.085,11.25,203.16,16.894
"2015-06-18",6.877,29.937,11.36,204.91,16.894
"2015-06-19",6.884,30.065,11.32,204.33,16.872
"2015-06-22",6.898,30.391,11.34,205.36,17.083
"2015-06-23",,30.922,11.27,,
"2015-06-24",6.901,30.854,11.24,205.19,17.241
"2015-06-25",6.894,30.785,11.28,204.67,17.176
"2015-06-26",6.889,30.824,11.22,204.11,16.992
"2015-06-29",6.877,30.134,11.22,202.56,16.655
"2015-06-30",6.841,30.075,11.21,202.91,16.91
"2015-07-01",6.845,30.538,11.15,202.98,16.957
"2015-07-02",6.861,30.489,11.13,203.37,16.9
"2015-07-03",6.865,30.459,11.1,203.47,16.827
"2015-07-06",6.868,30.154,11.08,202.55,16.433
"2015-07-07",6.846,29.977,10.99,202.46001,16.359
"2015-07-08",6.826,29.465,11.01,202.14999,15.694
"2015-07-09",6.807,29.937,11.02,202.03,15.896
"2015-07-10",6.815,30.125,11.05,202.99,16.066
"2015-07-13",6.822,30.775,11.03,203.2,16.243
"2015-07-14",6.827,30.883,11.05,203.75,16.136
"2015-07-15",6.832,31.09,10.98,203.35001,16.11
"2015-07-16",6.841,31.543,10.98,203.92,16.151
"2015-07-17",6.84,31.602,10.94,203.49001,16.205
"2015-07-20",6.823,31.681,10.93,203.11,16.107
"2015-07-21",6.804,31.366,10.99,203.53,16.232
"2015-07-22",6.777,31.385,10.93,202.83,16.126
"2015-07-23",6.747,31.149,10.94,201.73,16.018
"2015-07-24",6.745,30.982,10.88,200.59,15.865
"2015-07-27",6.732,30.243,10.93,199.67,15.558
"2015-07-28",6.703,30.568,10.94,199.22,15.566
"2015-07-29",6.713,30.863,10.95,199.48,15.678
"2015-07-30",6.739,31.159,10.86,198.95,15.582
"2015-07-31",6.757,31.021,10.92,199.49001,15.588
"2015-08-03",6.759,31.075,10.87,198.96001,15.459
"2015-08-04",6.742,31.046,10.89,198.56,15.55
"2015-08-05",6.733,31.391,10.81,197.87,15.528
"2015-08-06",6.728,31.134,10.82,197.19,15.413
"2015-08-07",6.706,30.927,10.85,197.84,15.409
"2015-08-10",6.688,31.164,10.88,197.8,15.379
"2015-08-11",6.682,30.75,10.81,197.44,15.234
"2015-08-12",6.658,29.813,10.9,197.46,14.887
"2015-08-13",6.629,30.267,10.86,196.62,14.97
"2015-08-14",6.643,30.454,10.85,196.89999,14.953
"2015-08-17",6.647,30.543,10.85,196.95,14.745
"2015-08-18",6.643,30.681,10.83,196.77,14.635
"2015-08-19",6.638,30.326,10.8,196.25,14.618
"2015-08-20",6.621,29.626,10.86,195.48,14.397
"2015-08-21",6.607,28.551,10.86,194.59,14.098
"2015-08-24",6.581,26.953,10.78,192.14999,13.151
"2015-08-25",6.512,27.772,10.76,191.98,13.556
"2015-08-26",6.549,27.269,10.69,191.49001,13.484
"2015-08-27",6.548,28.501,10.74,193.12,13.918
"2015-08-28",6.579,28.61,10.7,193.2,14.011
"2015-08-31",6.589,28.521,10.69,192.62,14.054
"2015-09-01",6.594,27.594,10.66,191.84,13.793
"2015-09-02",6.585,27.564,10.64,190.97,13.706
"2015-09-03",6.589,28.353,10.66,191.16,13.76
"2015-09-04",6.599,27.633,10.57,190.54,13.628
"2015-09-07",6.593,27.633,10.55,190.04,13.449
"2015-09-08",6.593,27.939,10.65,190.71,13.753
"2015-09-09",6.607,28.373,10.66,191.01,14.191
"2015-09-10",6.629,27.89,10.69,190.65,13.992
"2015-09-11",6.624,27.673,10.69,190.38,13.991
"2015-09-14",6.626,27.742,10.72,190.37,13.997
"2015-09-15",6.626,27.959,10.71,190.29,13.893
"2015-09-16",6.622,28.136,10.79,190.57,14.174
"2015-09-17",6.596,28.136,10.76,190.78,14.255
"2015-09-18",6.596,27.564,10.82,191.42,14.348
"2015-09-21",6.588,27.939,10.72,190.01,14.078
"2015-09-22",6.575,27.594,10.64,188.94,14.062
"2015-09-23",6.53,27.476,10.58,187.65,13.753
"2015-09-24",6.532,27.032,10.58,186.8,13.687
"2015-09-25",6.49,27.762,10.58,187.02,13.713
"2015-09-28",6.48,27.13,10.56,185.67,13.525
"2015-09-29",6.404,26.894,10.57,185.65,13.432
"2015-09-30",6.377,27.436,10.58,186.5,13.687
"2015-10-01",6.383,27.446,10.61,186.96,13.766
"2015-10-02",6.367,27.338,10.65,187.81,13.712
"2015-10-05",6.34,28.294,10.7,188.92,14.077
"2015-10-06",6.381,28.176,10.74,189.95,14.181
"2015-10-07",6.415,28.314,10.81,190.69,14.653
"2015-10-08",6.472,28.314,10.84,190.75,14.653
"2015-10-09",6.476,28.225,10.9,191.59,14.848
"2015-10-12",6.517,28.265,10.93,191.56,15.012
"2015-10-13",6.525,28.077,10.86,190.45,14.852
"2015-10-14",6.515,27.693,10.92,190.69,14.787
"2015-10-15",6.513,27.998,10.98,191.52,15.125
"2015-10-16",6.512,28.551,10.95,191.84,15.171
"2015-10-19",6.538,28.6,10.92,191.06,15.214
"2015-10-20",6.539,28.521,10.91,190.77,15.111
"2015-10-21",6.554,28.551,10.85,190.2,15.129
"2015-10-22",6.551,29.202,10.84,190.46,15.067
"2015-10-23",6.545,29.734,10.77,190.33,15.31
"2015-10-26",6.563,29.685,10.82,190.73,15.305
"2015-10-27",6.56,29.478,10.77,190.56,15.231
"2015-10-28",6.551,29.606,10.78,191.05,15.126
"2015-10-29",6.554,29.833,10.69,190.23,14.935
"2015-10-30",6.557,29.596,10.76,190.81,14.945
"2015-11-02",6.559,29.616,10.75,191.15,14.883
"2015-11-03",6.565,29.843,10.74,191.47,15.037
"2015-11-04",6.574,30.02,10.67,191.6,15.258
"2015-11-05",6.576,30.03,10.67,191.31,15.132
"2015-11-06",6.558,30.484,10.53,189.83,14.975
"2015-11-09",6.532,30.158,10.54,189.09,14.808
"2015-11-10",6.507,30.286,10.54,189.29,14.619
"2015-11-11",6.492,30.286,10.58,189.72,14.563
"2015-11-12",6.492,29.951,10.56,189.69,14.66
"2015-11-13",6.453,29.783,10.54,189.22,14.38
"2015-11-16",6.434,29.704,10.53,189.64,14.191
"2015-11-17",6.417,30.434,10.53,190.06,14.346
"2015-11-18",6.44,30.474,10.53,190.16,14.25
"2015-11-19",6.43,30.464,10.64,191.68,14.502
"2015-11-20",6.404,30.799,10.63,191.86,14.597
"2015-11-23",6.39,30.868,10.58,191.45,14.513
"2015-11-24",6.385,30.434,10.62,191.62,14.511
"2015-11-25",6.365,30.701,10.61,190.69,14.486
"2015-11-26",6.372,30.858,10.6,190.52,14.505
"2015-11-27",6.372,30.74,10.55,190.25,14.321
"2015-11-30",6.373,30.809,10.56,189.07,14.198
"2015-12-01",6.379,31.006,10.61,189.55,14.428
"2015-12-02",6.394,31.125,10.58,188.91,14.388
"2015-12-03",6.395,30.05,10.64,188.28,14.322
"2015-12-04",6.374,30.119,10.68,188.49,14.232
"2015-12-07",6.351,30.198,10.58,187.3,14.203
"2015-12-08",6.312,29.764,10.53,186.67,13.989
"2015-12-09",6.261,29.399,10.56,187.1,13.91
"2015-12-10",6.252,29.389,10.56,185.05,13.865
"2015-12-11",6.237,28.679,10.47,182.68,13.604
"2015-12-14",6.168,28.245,10.53,182,13.595
"2015-12-15",6.076,29.073,10.51,182.84,13.76
"2015-12-16",6.119,29.231,10.5,182.6,13.897
"2015-12-17",6.133,29.704,10.42,184.02,14.014
"2015-12-18",6.139,29.359,10.49,184.34,13.89
"2015-12-21",6.098,29.123,10.47,184.22,13.945
"2015-12-22",6.081,29.132,10.5,184.09,14.014
"2015-12-23",6.102,29.764,10.48,184.13,14.142
"2015-12-24",,29.655,10.51,184.57,
"2015-12-28",6.123,29.389,10.51,184.62,14.099
"2015-12-29",6.121,29.961,10.5,184.65,14.075
"2015-12-30",6.132,29.882,10.45,183.97,13.992
"2015-12-31",6.135,29.813,10.45,183.92,14.014
"2016-01-04",6.142,29.073,10.37,183.8,13.577
"2016-01-05",6.122,29.32,10.35,184.34,13.535
"2016-01-06",6.146,28.965,10.3,183.99,13.368
"2016-01-07",6.152,28.107,10.29,183.82,13.003
"2016-01-08",6.128,27.633,10.22,183.33,13.046
"2016-01-11",6.136,27.338,10.19,183.05,12.784
"2016-01-12",6.118,27.436,10.17,182.93,12.866
"2016-01-13",6.093,27.387,10.22,182.84,12.919
"2016-01-14",6.062,26.992,10.19,182.54,12.777
"2016-01-15",6.022,26.065,10.11,181.21,12.507
"2016-01-18",5.943,26.203,10.1,180.65,12.464
"2016-01-19",5.945,26.401,10.14,180.74,12.652
"2016-01-20",5.937,25.395,10.06,179.86,12.249
"2016-01-21",5.842,25.957,10.16,180.35,12.152
"2016-01-22",5.863,26.42,10.18,179.95,12.534
"2016-01-25",5.924,26.213,10.17,179.72,12.637
"2016-01-26",5.939,26.223,10.22,180.19,12.407
"2016-01-27",5.948,26.44,10.24,180.38,12.532
"2016-01-28",5.958,25.947,10.26,181.34,12.552
"2016-01-29",5.972,26.687,10.25,181.99,12.839
"2016-02-01",5.998,26.706,10.28,182.56,12.849
"2016-02-02",5.986,26.134,10.25,182.37,12.718
"2016-02-03",5.956,25.454,10.35,182.89,12.492
"2016-02-04",5.942,25.454,10.46,183.34,12.706
"2016-02-05",5.942,25.296,10.35,183.26,12.846
"2016-02-08",5.918,24.389,10.34,182.38,12.581
"2016-02-09",5.843,23.896,10.37,182.32,12.573
"2016-02-10",5.807,24.409,10.36,183,12.612
"2016-02-11",5.817,23.363,10.37,182.89,12.423
"2016-02-12",5.748,24.251,10.35,182.81,12.334
"2016-02-15",5.783,24.971,10.36,182.98,12.671
"2016-02-16",5.782,24.99,10.33,183.3,12.795
"2016-02-17",5.811,25.444,10.42,184.1,12.886
"2016-02-18",5.85,25.375,10.42,184.32,13.035
"2016-02-19",5.878,25.296,10.41,184.64,12.986
"2016-02-22",5.86,25.789,10.46,184.68,13.057
"2016-02-23",5.888,25.543,10.41,184.24,13.054
"2016-02-24",5.896,25.119,10.36,183.98,12.777
"2016-02-25",5.873,25.582,10.4,183.99,12.8
"2016-02-26",5.902,26.194,10.32,183.93,12.931
"2016-02-29",5.954,26.272,10.36,184.41,12.885
"2016-03-01",5.99,26.766,10.4,184.5,13.028
"2016-03-02",6.036,27.061,10.41,184.4,13.359
"2016-03-03",6.074,27.061,10.48,184.77,13.498
"2016-03-04",6.094,27.17,10.57,185.57,13.699
"2016-03-07",6.142,27.061,10.58,185.57,13.755
"2016-03-08",6.161,26.726,10.54,185.34,13.624
"2016-03-09",6.152,26.815,10.61,186.38,13.576
"2016-03-10",6.146,26.381,10.55,186.55,13.605
"2016-03-11",6.169,27.032,10.65,186.94,13.764
"2016-03-14",6.223,27.259,10.57,186.52,13.912
"2016-03-15",6.239,27.061,10.48,185.26,13.778
"2016-03-16",6.217,27.111,10.46,185.13,13.747
"2016-03-17",6.208,26.983,10.77,188.79,13.986
"2016-03-18",6.246,27.2,10.74,189.28,14.157
"2016-03-21",6.291,27.16,10.7,189.46,14.241
"2016-03-22",6.297,27.2,10.69,189.45,14.23
"2016-03-23",6.295,27.081,10.61,188.18,14.217
"2016-03-24",6.297,26.667,10.58,187.29,14.04
"2016-03-25",,26.805,10.59,,
"2016-03-28",,26.746,10.63,,
"2016-03-29",6.258,26.775,10.66,188.02,14.029
"2016-03-30",6.24,26.992,10.81,190.03,14.343
"2016-03-31",6.271,26.874,10.85,190.78,14.368
"2016-04-01",6.288,26.697,10.8,190.5,14.132
"2016-04-04",6.285,26.687,10.79,190.51,14.158
"2016-04-05",6.295,26.322,10.69,189.66,13.953
"2016-04-06",6.279,26.322,10.74,189.6,13.915
"2016-04-07",6.297,26.144,10.67,189.35,13.943
"2016-04-08",6.295,26.322,10.74,190.37,13.953
"2016-04-11",6.311,26.371,10.81,191.51,14.063
"2016-04-12",6.319,26.489,10.84,192.26,14.15
"2016-04-13",6.339,27.308,10.82,193.18,14.403
"2016-04-14",6.383,27.446,10.82,193.35,14.464
"2016-04-15",6.408,27.278,10.82,193.22,14.456
"2016-04-18",6.416,27.278,10.86,193.31,14.435
"2016-04-19",6.403,27.387,10.96,194.42,14.538
"2016-04-20",6.446,27.604,10.96,194.56,14.468
"2016-04-21",6.469,27.594,10.89,194.19,14.622
"2016-04-22",6.479,27.772,10.86,193.31,14.484
"2016-04-25",6.481,27.614,10.85,193.01,14.363
"2016-04-26",6.473,27.752,10.91,193.32,14.4
"2016-04-27",6.488,27.673,10.87,193.61,14.362
"2016-04-28",6.514,27.624,10.94,194.81,14.303
"2016-04-29",6.553,26.933,10.97,195.77,14.161
"2016-05-02",6.551,26.963,10.98,195.55,14.154
"2016-05-03",6.554,26.529,10.88,194.33,13.954
"2016-05-04",6.531,26.312,10.79,193.53,13.824
"2016-05-05",,26.539,10.79,,
"2016-05-06",6.513,26.361,10.75,193.17,13.649
"2016-05-09",6.497,26.47,10.68,192.89,13.586
"2016-05-10",6.494,26.785,10.7,193.16,13.594
"2016-05-11",6.508,26.568,10.76,193.83,13.548
"2016-05-12",6.529,26.46,10.72,194,13.507
"2016-05-13",6.527,26.726,10.65,194.04,13.318
"2016-05-16",,26.667,10.66,,
"2016-05-17",6.544,26.657,10.68,194,13.479
"2016-05-18",6.551,26.933,10.62,193.24,13.334
"2016-05-19",6.546,26.785,10.54,191.76,13.212
"2016-05-20",6.519,27.14,10.56,192.05,13.266
"2016-05-23",6.542,27.052,10.54,191.72,13.382
"2016-05-24",6.548,27.624,10.55,191.96,13.284
"2016-05-25",6.566,27.929,10.56,192.12,13.6
"2016-05-26",6.591,27.821,10.6,192.65,13.658
"2016-05-27",6.599,28.008,10.58,192.53,13.763
"2016-05-30",6.602,28.058,10.54,192.44,13.736
"2016-05-31",6.603,27.998,10.56,192.09,13.77
"2016-06-01",6.608,27.781,10.57,192.12,13.805
"2016-06-02",6.596,27.811,10.56,192.3,13.857
"2016-06-03",6.599,27.377,10.71,193.93,13.918
"2016-06-06",6.607,27.515,10.73,195.61,13.896
"2016-06-07",6.617,27.633,10.79,196.55,14.183
"2016-06-08",6.643,27.495,10.85,197.9,14.219
"2016-06-09",6.675,27.387,10.82,197.54,14.199
"2016-06-10",6.673,27.14,10.74,196.5,14.038
"2016-06-13",6.659,26.785,10.71,195.94,13.683
"2016-06-14",6.564,26.499,10.64,194.79,13.631
"2016-06-15",6.602,26.618,10.67,195.43,13.686
"2016-06-16",6.617,26.391,10.59,194.76,13.532
"2016-06-17",6.593,26.558,10.68,195.75,13.625
"2016-06-20",6.615,27.101,10.8,196.63,13.808
"2016-06-21",6.666,27.239,10.8,196.16,13.904
"2016-06-22",6.662,27.367,10.83,196.39,14.004
"2016-06-23",,27.564,10.92,,
"2016-06-24",6.707,26.44,10.64,195.58,13.614
"2016-06-27",6.635,25.503,10.5,194.51,13.583
"2016-06-28",6.592,25.868,10.55,196.43,13.662
"2016-06-29",6.61,26.401,10.68,199.51,13.885
"2016-06-30",6.66,26.736,10.65,200.28,14.081
"2016-07-01",6.681,26.726,10.72,201.55,14.173
"2016-07-04",6.706,26.618,10.76,201.73,14.28
"2016-07-05",6.707,26.253,10.64,200.93,14.175
"2016-07-06",6.714,26.016,10.62,200.11,13.955
"2016-07-07",6.717,26.203,10.63,200.76,14.093
"2016-07-08",6.739,26.687,10.66,201.86,13.999
"2016-07-11",6.771,27.022,10.67,203.25,14.256
"2016-07-12",6.812,27.387,10.76,203.47,14.426
"2016-07-13",6.851,27.2,10.75,203.39,14.491
"2016-07-14",6.836,27.604,10.78,204.18,14.588
"2016-07-15",6.853,27.633,10.7,203.5,14.684
"2016-07-18",6.854,27.742,10.72,202.99,14.777
"2016-07-19",6.851,27.791,10.65,202.16,14.733
"2016-07-20",6.847,28.018,10.65,202.17,14.775
"2016-07-21",6.856,27.939,10.66,202.1,14.833
"2016-07-22",6.864,28.077,10.6,202.06,14.793
"2016-07-25",6.868,28.018,10.59,202.04,14.839
"2016-07-26",6.862,28.136,10.61,201.26,14.931
"2016-07-27",6.847,28.186,10.6,201.51,15.006
"2016-07-28",6.839,27.91,10.65,201.98,15.05
"2016-07-29",6.833,27.988,10.76,202.78,14.885
"2016-08-01",6.827,27.944,10.74,202.61,15.111
"2016-08-02",6.822,27.49,10.76,202.5,15.007
"2016-08-03",6.732,27.667,10.74,201.8,14.747
"2016-08-04",6.81,27.875,10.77,202.79,14.815
"2016-08-05",6.842,28.319,10.71,203.4,15.037
"2016-08-08",6.865,28.467,10.75,204.6,15.229
"2016-08-09",6.878,28.546,10.81,205.95,15.241
"2016-08-10",6.898,28.418,10.86,207.19,15.266
"2016-08-11",6.903,28.566,10.87,207.46,15.255
"2016-08-12",6.908,28.457,10.85,207.45,15.324
"2016-08-15",,28.546,10.88,,
"2016-08-16",6.93,28.25,10.93,208.64,15.394
"2016-08-17",6.941,28.141,10.86,208.1,15.3
"2016-08-18",6.939,28.181,10.95,208.75,15.422
"2016-08-19",6.956,28.072,10.88,208.43,15.34
"2016-08-22",6.958,28.092,10.87,207.87,15.275
"2016-08-23",6.959,28.329,10.86,207.95,15.332
"2016-08-24",6.973,28.388,10.8,206.06,15.277
"2016-08-25",6.978,28.319,10.8,206.34,15.32
"2016-08-26",6.977,28.448,10.81,207.04,15.302
"2016-08-29",6.983,28.635,10.74,205.6,15.224
"2016-08-30",6.988,28.773,10.69,205.1,15.302
"2016-08-31",6.999,28.852,10.67,204.88,15.247
"2016-09-01",6.991,28.803,10.7,204.48,15.239
"2016-09-02",6.988,29.208,10.74,205.27,15.32
"2016-09-05",6.996,29.257,10.78,205.91,15.575
"2016-09-06",7,29.06,10.89,207.52,15.794
"2016-09-07",7.006,29.079,10.9,208.78,15.862
"2016-09-08",7.012,29.07,10.86,208.84,15.891
"2016-09-09",7.02,28.813,10.75,206.38,15.781
"2016-09-12",6.914,28.457,10.75,205.35,15.326
"2016-09-13",6.982,28.082,10.69,204.62,15.29
"2016-09-14",6.96,28.132,10.72,203.96,15.277
"2016-09-15",6.958,28.201,10.73,204.28,15.271
"2016-09-16",6.958,28.25,10.65,203.57,15.289
"2016-09-19",6.956,28.428,10.71,204.6,15.512
"2016-09-20",6.96,28.388,10.69,205.09,15.509
"2016-09-21",6.962,28.655,10.72,206.09,15.604
"2016-09-22",6.977,28.862,10.8,208.73,15.721
"2016-09-23",7.009,28.724,10.74,207.63,15.715
"2016-09-26",7.012,28.27,10.76,206.96,15.51
"2016-09-27",7.004,28.448,10.78,207.36,15.641
"2016-09-28",7,28.467,10.76,207.49,15.616
"2016-09-29",7.016,28.487,10.79,207.54,15.669
"2016-09-30",7.108,28.418,10.8,207.2,15.493
"2016-10-03",7.045,28.398,10.79,207.76,15.607
"2016-10-04",7.052,28.448,10.76,207.63,15.73
"2016-10-05",7.059,28.566,10.74,207.08,15.708
"2016-10-06",7.07,28.586,10.7,207.2,15.766
"2016-10-07",7.08,28.487,10.64,207.23,15.683
"2016-10-10",7.085,28.704,10.71,207.82,15.663
"2016-10-11",7.088,28.517,10.59,206.26,15.421
"2016-10-12",7.085,28.635,10.57,205.88,15.339
"2016-10-13",7.084,28.27,10.59,205.61,15.155
"2016-10-14",7.079,28.645,10.59,206.03,15.317
"2016-10-17",7.096,28.556,10.63,205.67,15.184
"2016-10-18",7.096,28.852,10.7,206.46,15.379
"2016-10-19",7.111,29.04,10.71,207.24,15.415
"2016-10-20",7.132,29.129,10.67,207.15,15.435
"2016-10-21",7.141,29.228,10.61,206.99,15.31
"2016-10-24",7.144,29.346,10.62,207.9,15.509
"2016-10-25",7.15,29.336,10.65,207.7,15.517
"2016-10-26",7.146,29.247,10.64,206.97,15.33
"2016-10-27",7.133,29.326,10.6,205.48,15.255
"2016-10-28",7.119,29.208,10.61,205.08,15.23
"2016-10-31",7.105,29.109,10.65,205.4,15.241
"2016-11-01",,28.714,10.65,,
"2016-11-02",7.052,28.319,10.69,203.86,15.084
"2016-11-03",7.032,28.359,10.72,204.11,15.004
"2016-11-04",7.026,28.211,10.73,203.65,14.962
"2016-11-07",7.022,28.773,10.74,204.83,15.036
"2016-11-08",7.051,28.892,10.77,205.73,15.141
"2016-11-09",7.042,29.415,10.63,201.36,15.146
"2016-11-10",7.029,29.84,10.49,196.31,15.023
"2016-11-11",7.01,29.958,10.42,193.83,14.73
"2016-11-14",7.002,30.59,10.36,189.42,14.466
"2016-11-15",6.945,30.541,10.42,192.32,14.45
"2016-11-16",6.979,30.501,10.41,192.29,14.452
"2016-11-17",6.986,30.807,10.39,192.42,14.479
"2016-11-18",6.996,30.837,10.32,190.72,14.454
"2016-11-21",6.993,30.936,10.35,191.52,14.445
"2016-11-22",6.996,31.015,10.37,191.95,14.625
"2016-11-23",7.012,31.311,10.33,190.98,14.648
"2016-11-24",7.01,31.262,10.33,190.76,14.581
"2016-11-25",7.014,31.143,10.35,190.84,14.668
"2016-11-28",7.018,31.044,10.4,191.81,14.769
"2016-11-29",7.022,31.015,10.41,191.54,14.744
"2016-11-30",7.02,31.272,10.37,191.7,14.789
"2016-12-01",7.033,31.39,10.4,190.21,14.853
"2016-12-02",7.036,31.153,10.46,190.49,14.712
"2016-12-05",7.043,31.242,10.48,191.33,14.68
"2016-12-06",7.062,31.489,10.5,192.51,14.802
"2016-12-07",7.088,31.765,10.53,194.43,14.845
"2016-12-08",7.116,32.565,10.49,194.19,15.058
"2016-12-09",7.128,32.822,10.45,193.8,15.027
"2016-12-12",7.147,32.476,10.51,194.41,14.894
"2016-12-13",7.159,32.437,10.53,194.74,14.936
"2016-12-14",7.173,32.259,10.53,194.96,14.89
"2016-12-15",7.089,33.098,10.29,192.29,14.692
"2016-12-16",7.147,32.733,10.32,192.44,14.64
"2016-12-19",7.149,32.486,10.3,192.97,14.536
"2016-12-20",7.15,32.921,10.29,193,14.497
"2016-12-21",7.154,32.802,10.29,193.6,14.48
"2016-12-22",7.162,32.555,10.25,193.66,14.36
"2016-12-23",7.167,32.605,10.24,194.03,14.318
"2016-12-26",,32.654,10.26,,
"2016-12-27",7.175,32.664,10.25,194.15,14.337
"2016-12-28",7.179,32.782,10.24,193.91,14.438
"2016-12-29",7.187,32.308,10.3,194.66,14.477
"2016-12-30",7.193,32.269,10.32,194.89,14.558
"2017-01-02",,32.466,10.3,195.09,14.571
"2017-01-03",7.284,32.881,10.27,194.54,14.691
"2017-01-04",7.222,33.049,10.3,195.37,14.724
"2017-01-05",7.25,32.585,10.38,196.62,14.918
"2017-01-06",7.263,32.861,10.34,196.85,14.909
"2017-01-09",7.276,32.664,10.35,196.42,14.893
"2017-01-10",7.274,32.703,10.32,196.43,15.028
"2017-01-11",7.28,32.822,10.29,195.06,15.12
"2017-01-12",7.278,32.229,10.42,197.44,15.205
"2017-01-13",7.275,32.713,10.41,197.45,15.234
"2017-01-16",,32.555,10.37,197.22,15.111
"2017-01-17",7.287,32.121,10.47,198.1,15.267
"2017-01-18",7.286,32.071,10.44,197.94,15.272
"2017-01-19",7.284,32.239,10.4,196.82,15.238
"2017-01-20",7.275,32.21,10.42,197.35,15.192
"2017-01-23",7.275,31.913,10.49,198.19,15.288
"2017-01-24",7.272,32.081,10.54,198.6,15.403
"2017-01-25",7.276,32.555,10.56,198.26,15.473
"2017-01-26",7.294,32.891,10.51,197.88,15.611
"2017-01-27",7.299,32.782,10.52,198.36,15.608
"2017-01-30",7.306,32.407,10.54,198.71,15.613
"2017-01-31",7.301,32.022,10.6,199.15,15.545
"2017-02-01",7.299,32.318,10.58,199.15,15.627
"2017-02-02",7.31,32.091,10.63,200.41,15.651
"2017-02-03",7.311,32.565,10.66,201.19,15.657
"2017-02-06",7.322,32.634,10.61,201.17,15.78
"2017-02-07",7.324,32.684,10.58,200.64,15.735
"2017-02-08",7.329,32.466,10.61,200.93,15.769
"2017-02-09",7.327,32.911,10.58,201.28,15.872
"2017-02-10",7.328,32.98,10.59,201.64,15.928
"2017-02-13",7.332,33.355,10.58,201.83,16.014
"2017-02-14",7.337,33.523,10.58,201.9,16.038
"2017-02-15",7.339,33.701,10.62,202.05,16.15
"2017-02-16",7.339,33.493,10.63,202.35,16.235
"2017-02-17",7.34,33.523,10.59,201.62,16.159
"2017-02-20",,33.641,10.61,202.23,16.209
"2017-02-21",7.343,33.908,10.58,201.92,16.237
"2017-02-22",7.352,33.849,10.61,202.64,16.411
"2017-02-23",7.362,33.809,10.69,203.89,16.445
"2017-02-24",7.373,33.533,10.66,203.25,16.296
"2017-02-27",7.378,33.434,10.68,203.48,16.251
"2017-02-28",7.388,33.395,10.64,203.11,16.255
"2017-03-01",7.392,34.125,10.59,202.82,16.232
"2017-03-02",7.411,34.076,10.54,202.22,16.249
"2017-03-03",7.406,34.017,10.54,202.27,16.11
"2017-03-06",7.398,33.77,10.56,203.19,16.136
"2017-03-07",7.383,33.78,10.57,203.8,16.226
"2017-03-08",7.28,33.898,10.51,202.3,16.262
"2017-03-09",7.326,33.849,10.47,200.69,16.064
"2017-03-10",7.302,33.71,10.5,201.64,16.114
"2017-03-13",7.304,33.789,10.54,202.12,16.314
"2017-03-14",7.283,33.691,10.51,201.46,16.429
"2017-03-15",7.267,33.908,10.55,202.46,16.454
"2017-03-16",7.298,33.878,10.67,205.15,16.766
"2017-03-17",7.32,33.75,10.68,205.98,16.854
"2017-03-20",7.319,33.681,10.7,206.78,16.954
"2017-03-21",7.317,33.039,10.72,207.34,17.026
"2017-03-22",7.299,32.802,10.72,207.43,16.815
"2017-03-23",7.29,33.138,10.73,207.57,16.869
"2017-03-24",7.297,33.029,10.73,208.3,16.862
"2017-03-27",7.306,32.614,10.73,208.12,16.791
"2017-03-28",7.304,32.97,10.7,208.1,16.852
"2017-03-29",7.318,33.207,10.67,208.11,16.908
"2017-03-30",7.346,33.414,10.71,208.88,16.867
"2017-03-31",7.366,33.345,10.63,207.51,16.786
"2017-04-03",7.372,33.138,10.6,207.77,16.845
"2017-04-04",7.373,33.296,10.59,207.71,16.796
"2017-04-05",7.375,33.385,10.58,208.17,16.889
"2017-04-06",7.387,33.316,10.57,208.14,16.821
"2017-04-07",7.384,33.306,10.56,208.11,16.728
"2017-04-10",7.389,33.246,10.56,207.83,16.678
"2017-04-11",7.392,33.069,10.57,207.94,16.647
"2017-04-12",7.389,33.029,10.59,208.42,16.716
"2017-04-13",7.385,32.99,10.65,209.22,16.762
"2017-04-14",,32.792,10.65,,
"2017-04-17",,32.881,10.69,,
"2017-04-18",7.389,32.555,10.7,210.21,16.49
"2017-04-19",7.385,32.684,10.65,209.95,16.407
"2017-04-20",7.392,32.763,10.67,210.12,16.466
"2017-04-21",7.392,32.94,10.65,210.12,16.528
"2017-04-24",7.399,33.138,10.71,211.48,16.62
"2017-04-25",7.412,33.177,10.68,211.2,16.91
"2017-04-26",7.423,33.395,10.62,210.74,16.988
"2017-04-27",7.431,33.207,10.61,211.07,16.987
"2017-04-28",7.429,33.019,10.64,211.49,16.913
"2017-05-01",,33.059,10.66,,
"2017-05-02",7.44,33.079,10.66,212.43,17.04
"2017-05-03",7.45,33.069,10.65,212.94,17.056
"2017-05-04",7.448,33.108,10.58,211.61,17.033
"2017-05-05",7.387,33.118,10.62,211.6,16.929
"2017-05-08",7.427,33.217,10.58,211.38,17.136
"2017-05-09",7.427,33.395,10.56,210.89,17.239
"2017-05-10",7.437,33.434,10.61,211.44,17.192
"2017-05-11",7.445,33.375,10.6,211.81,17.221
"2017-05-12",7.452,33.177,10.63,212.7,17.202
"2017-05-15",7.456,33.325,10.68,213.8,17.308
"2017-05-16",7.47,33.088,10.72,214.46,17.351
"2017-05-17",7.477,32.437,10.74,214.1,17.331
"2017-05-18",7.462,32.15,10.7,211.15,17.189
"2017-05-19",7.46,32.387,10.75,212.54,17.312
"2017-05-22",7.473,32.289,10.78,212.92,17.413
"2017-05-23",7.472,32.486,10.79,213.41,17.371
"2017-05-24",7.482,32.614,10.8,213.99,17.355
"2017-05-25",,32.624,10.83,,
"2017-05-26",7.492,32.684,10.81,214.45,17.549
"2017-05-29",,32.713,10.81,214.53,17.524
"2017-05-30",7.471,32.614,10.79,214.32,17.488
"2017-05-31",7.478,32.308,10.79,214.68,17.396
"2017-06-01",7.497,32.535,10.79,215.14,17.461
"2017-06-02",7.505,32.624,10.83,215.87,17.573
"2017-06-05",,32.624,10.86,,
"2017-06-06",7.513,32.417,10.88,216.42,17.649
"2017-06-07",7.513,32.624,10.87,216.09,17.587
"2017-06-08",7.503,32.861,10.87,215.6,17.664
"2017-06-09",7.494,33.158,10.85,215.82,17.685
"2017-06-12",7.502,32.96,10.86,215.94,17.48
"2017-06-13",7.504,33.246,10.89,215.89,17.542
"2017-06-14",7.515,32.891,10.98,216.89,17.565
"2017-06-15",7.512,33.118,10.87,215.44,17.401
"2017-06-16",7.503,33.088,10.91,215.8,17.412
"2017-06-19",7.492,33.474,10.89,215.56,17.574
"2017-06-20",7.508,33.355,10.83,213.99,17.604
"2017-06-21",7.49,33.118,10.83,213.52,17.456
"2017-06-22",7.468,33.059,10.86,213.7,17.518
"2017-06-23",,32.881,10.9,,
"2017-06-26",7.468,33.019,10.92,215.41,17.728
"2017-06-27",7.477,32.93,10.92,215.23,17.659
"2017-06-28",7.482,33.019,10.97,214.82,17.545
"2017-06-29",7.48,32.96,10.97,214.88,17.669
"2017-06-30",7.487,33,10.97,214.43,17.564
"2017-07-03",7.49,33.464,10.93,214.01,17.651
"2017-07-04",,33.434,10.93,213.97,17.471
"2017-07-05",7.49,33.562,10.89,212.56,17.577
"2017-07-06",7.487,33.444,10.9,211.94,17.571
"2017-07-07",7.475,33.404,10.91,211.5,17.492
"2017-07-10",7.463,33.474,10.93,212.43,17.566
"2017-07-11",7.464,33.276,10.91,212.5,17.744
"2017-07-12",7.471,33.513,10.99,214.4,17.913
"2017-07-13",7.49,33.71,11.01,214.72,18.084
"2017-07-14",7.495,33.503,11.1,215.96,18.175
"2017-07-17",7.51,33.493,11.12,216.56,18.226
"2017-07-18",7.525,33.079,11.17,217.24,18.236
"2017-07-19",7.532,33.365,11.17,217.42,18.351
"2017-07-20",7.547,33.158,11.19,218.01,18.354
"2017-07-21",7.558,32.97,11.2,218.17,18.404
"2017-07-24",7.558,33.039,11.2,217.73,18.522
"2017-07-25",7.555,33.385,11.2,217.11,18.524
"2017-07-26",7.562,33.454,11.2,217.34,18.554
"2017-07-27",7.568,33.385,11.23,218.04,18.632
"2017-07-28",7.572,33.039,11.26,218.1,18.482
"2017-07-31",7.573,32.97,11.25,218.15,18.627
"2017-08-01",7.575,33.374,11.24,218.66,18.695
"2017-08-02",7.579,33.205,11.25,218.7,18.739
"2017-08-03",7.583,33.136,11.22,219.14,18.569
"2017-08-04",7.576,33.612,11.17,218.59,18.688
"2017-08-07",7.576,33.552,11.17,218.89,18.728
"2017-08-08",7.57,33.85,11.16,218.8,18.779
"2017-08-09",7.564,33.364,11.13,218.19,18.685
"2017-08-10",7.533,33.007,11.14,218.01,18.494
"2017-08-11",7.511,32.57,11.15,217.9,18.216
"2017-08-14",7.507,33.037,11.16,218.79,18.377
"2017-08-15",,33.126,11.12,,
"2017-08-16",7.521,33.354,11.14,219.2,18.473
"2017-08-17",7.525,32.977,11.17,219.35,18.554
"2017-08-18",7.519,32.808,11.19,219.29,18.38
"2017-08-21",7.512,32.481,11.21,220.07,18.42
"2017-08-22",7.513,32.848,11.19,219.83,18.539
"2017-08-23",7.516,32.808,11.17,219.83,18.589
"2017-08-24",7.52,32.789,11.19,220.51,18.753
"2017-08-25",7.528,32.719,11.24,221.09,18.789
"2017-08-28",7.537,32.402,11.26,221.19,18.708
"2017-08-29",7.542,31.985,11.28,221.29,18.611
"2017-08-30",7.539,32.352,11.24,221.35,18.78
"2017-08-31",7.549,32.491,11.23,221.91,18.778
"2017-09-01",7.56,32.739,11.26,222.27,18.818
"2017-09-04",,32.431,11.25,222.35,18.648
"2017-09-05",7.568,32.084,11.3,222.84,18.651
"2017-09-06",7.571,31.945,11.34,223.16,18.552
"2017-09-07",7.576,31.548,11.37,224,18.676
"2017-09-08",7.579,31.717,11.38,224.23,18.734
"2017-09-11",7.574,32.312,11.34,224.18,18.824
"2017-09-12",7.574,32.63,11.34,223.31,18.849
"2017-09-13",7.577,32.779,11.28,223.01,18.854
"2017-09-14",7.582,32.808,11.29,222.9,18.883
"2017-09-15",7.589,32.62,11.33,223.35,18.897
"2017-09-18",7.591,32.918,11.3,222.95,19.057
"2017-09-19",7.595,32.908,11.32,222.75,18.977
"2017-09-20",7.6,32.858,11.36,223.05,18.982
"2017-09-21",7.604,33.076,11.3,222.22,18.909
"2017-09-22",7.601,33.086,11.33,223.05,18.798
"2017-09-25",7.603,33.076,11.26,222.15,18.582
"2017-09-26",7.608,33.255,11.2,221.43,18.487
"2017-09-27",7.615,33.582,11.16,220.08,18.46
"2017-09-28",7.613,33.523,11.15,220.24,18.367
"2017-09-29",7.62,33.662,11.16,221.23,18.533
"2017-10-02",7.63,33.9,11.12,220.69,18.605
"2017-10-03",7.63,33.989,11.11,220.79,18.824
"2017-10-04",7.636,33.959,11.13,221.26,18.884
"2017-10-05",7.637,34.217,11.07,221.05,18.957
"2017-10-06",7.646,34.118,11.03,219.89,18.911
"2017-10-09",7.647,34.078,11.03,219.59,18.958
"2017-10-10",7.648,33.989,11.08,220.49,19.047
"2017-10-11",7.646,33.929,11.09,220.35,19.115
"2017-10-12",7.646,33.949,11.11,220.82,19.222
"2017-10-13",7.644,33.989,11.15,221.62,19.249
"2017-10-16",7.642,34.108,11.13,221.45,19.346
"2017-10-17",7.646,34.217,11.08,221,19.313
"2017-10-18",7.655,34.346,11.08,221.19,19.317
"2017-10-19",7.661,34.039,11.08,221.57,19.155
"2017-10-20",7.663,34.564,11.01,220.58,19.266
"2017-10-23",7.67,34.535,11.01,220.33,19.208
"2017-10-24",7.671,34.594,10.97,219.53,19.151
"2017-10-25",7.671,34.346,10.93,219.03,19.205
"2017-10-26",7.658,34.783,10.89,217.94,19.127
"2017-10-27",7.658,35.07,10.85,217.76,19.16
"2017-10-30",7.659,34.902,10.89,218.8,19.234
"2017-10-31",7.659,34.842,10.88,218.55,19.316
"2017-11-01",,35.041,10.9,,
"2017-11-02",7.665,35.051,10.92,219.04,19.451
"2017-11-03",7.665,35.031,10.87,217.69,19.486
"2017-11-06",7.666,34.912,10.9,218.01,19.445
"2017-11-07",7.665,34.852,10.87,217.24,19.514
"2017-11-08",7.659,34.733,10.9,217.56,19.52
"2017-11-09",7.631,34.475,10.91,217.46,19.459
"2017-11-10",7.603,34.525,10.9,217.05,19.458
"2017-11-13",7.605,34.396,10.85,216.2,19.355
"2017-11-14",7.6,34.098,10.87,216.15,19.347
"2017-11-15",7.579,34.118,10.86,216.19,19.177
"2017-11-16",7.559,34.346,10.89,217.22,19.329
"2017-11-17",7.6,34.277,10.9,218.06,19.458
"2017-11-20",7.611,34.426,10.88,217.79,19.414
"2017-11-21",7.613,34.654,10.92,218.01,19.583
"2017-11-22",7.626,34.495,10.96,219.06,19.742
"2017-11-23",,34.277,11,219.89,19.801
"2017-11-24",7.631,34.207,11.01,220.13,19.778
"2017-11-27",7.634,34.128,11.02,220.83,19.599
"2017-11-28",7.64,34.366,11.01,220.75,19.582
"2017-11-29",7.638,34.961,11,220.37,19.595
"2017-11-30",7.637,34.912,10.98,220.35,19.319
"2017-12-01",7.64,34.525,11.01,220.13,19.263
"2017-12-04",7.641,35.219,11,220.59,19.36
"2017-12-05",7.647,35.219,11.01,221.06,19.28
"2017-12-06",7.65,35.021,10.97,220.85,18.997
"2017-12-07",7.646,35.09,10.96,220.29,19.037
"2017-12-08",7.644,35.368,10.96,220.1,19.193
"2017-12-11",7.647,35.368,10.96,220.4,19.283
"2017-12-12",7.649,35.705,10.96,219.69,19.213
"2017-12-13",7.654,35.725,10.96,220.44,19.334
"2017-12-14",7.653,35.447,10.96,221.07,19.365
"2017-12-15",7.647,35.428,10.95,221.16,19.261
"2017-12-18",7.647,35.666,10.96,222.62,19.441
"2017-12-19",7.648,35.576,10.96,221.98,19.496
"2017-12-20",7.647,35.467,10.95,223.43,19.518
"2017-12-21",7.644,35.676,10.95,223.33,19.519
"2017-12-22",7.65,35.596,10.95,222.97,19.62
"2017-12-26",,35.547,10.96,,
"2017-12-27",7.654,35.487,10.96,223.85,19.661
"2017-12-28",7.656,35.388,10.97,224.3,19.813
"2017-12-29",7.661,35.269,10.97,224.95,19.881
"2018-01-02",7.666,35.18,10.98,225.9,20.141
"2018-01-03",7.673,35.348,10.99,227.05,20.265
"2018-01-04",7.693,35.676,11,227.83,20.392
"2018-01-05",7.71,35.755,11.01,228.09,20.471
"2018-01-08",7.72,35.943,11.01,227.77,20.609
"2018-01-09",7.723,36.261,11.01,227.34,20.578
"2018-01-10",7.718,36.39,11,226.84,20.488
"2018-01-11",7.702,36.33,11,227.69,20.458
"2018-01-12",7.71,36.4,11,228.5,20.646
"2018-01-15",,36.201,11.01,229.44,20.636
"2018-01-16",7.715,36.33,11.01,229.12,20.886
"2018-01-17",7.714,36.33,11.01,229.24,20.871
"2018-01-18",7.713,36.439,11.01,229.34,20.955
"2018-01-19",7.703,36.559,11.01,228.76,21.147
"2018-01-22",7.702,36.876,10.99,229.36,21.221
"2018-01-23",7.707,36.936,11.03,229.55,21.529
"2018-01-24",7.717,36.777,11.03,230.76,21.554
"2018-01-25",7.721,36.638,11.06,232.27,21.571
"2018-01-26",7.721,36.856,11.03,231.59,21.711
"2018-01-29",7.726,36.965,11.02,230.2,21.705
"2018-01-30",7.713,36.479,11.04,229.81,21.234
"2018-01-31",7.693,36.42,11.05,230.77,21.509
"2018-02-01",7.697,36.41,11.02,231.18,21.39
"2018-02-02",7.686,36.191,11.01,229.47,21.181
"2018-02-05",7.657,35.656,11,228.78,20.888
"2018-02-06",7.632,34.505,10.99,227.99,20.309
"2018-02-07",7.614,35.487,11,228.92,19.989
"2018-02-08",7.634,34.892,10.98,226.97,20.049
"2018-02-09",7.589,34.108,10.95,225.17,19.568
"2018-02-12",7.546,34.763,10.96,225.96,19.684
"2018-02-13",7.567,34.564,10.95,225.89,19.867
"2018-02-14",7.545,34.902,10.95,226.12,20.153
"2018-02-15",7.547,35.18,10.96,227.48,20.408
"2018-02-16",7.582,35.537,10.97,228.3,20.579
"2018-02-19",,35.477,11.01,228.12,20.428
"2018-02-20",7.607,35.616,10.97,227.4,20.304
"2018-02-21",7.606,35.884,10.98,227.59,20.594
"2018-02-22",7.599,35.765,10.97,227.33,20.36
"2018-02-23",7.589,35.725,10.97,227.65,20.626
"2018-02-26",7.59,36.003,10.98,228.41,20.779
"2018-02-27",7.613,36.221,10.98,227.83,20.686
"2018-02-28",7.607,36.053,10.98,227.25,20.351
"2018-03-01",7.602,35.656,11,226.86,20.408
"2018-03-02",7.584,34.812,10.97,226.71,20.135
"2018-03-05",7.563,35.14,10.97,226.99,19.903
"2018-03-06",7.579,35.051,10.97,227.86,20.277
"2018-03-07",7.592,34.991,10.98,227.54,20.164
"2018-03-08",7.582,35.299,10.98,226.87,20.393
"2018-03-09",7.582,35.745,10.98,227.4,20.522
"2018-03-12",7.59,35.864,10.99,227.37,20.911
"2018-03-13",7.588,35.527,10.98,227.68,20.944
"2018-03-14",7.585,35.249,10.98,227.62,20.905
"2018-03-15",7.574,35.408,10.97,226.98,20.904
"2018-03-16",7.565,35.507,10.97,226.61,20.843
"2018-03-19",7.562,35.041,10.97,226.19,20.702
"2018-03-20",7.548,35.487,10.96,226.05,20.72
"2018-03-21",7.541,35.517,10.96,226.3,20.665
"2018-03-22",7.499,34.753,10.96,226.63,20.488
"2018-03-23",7.528,33.949,10.95,226.4,19.978
"2018-03-26",7.523,33.801,10.95,227.36,20.039
"2018-03-27",7.528,34.297,10.95,227.92,20.301
"2018-03-28",7.529,33.929,10.96,227.7,19.806
"2018-03-29",7.526,34.277,10.96,228.21,19.833
"2018-03-30",,34.277,10.96,,
"2018-04-02",,33.771,10.96,,
"2018-04-03",7.518,34.019,10.97,228.57,19.891
"2018-04-04",7.524,33.801,10.96,228.4,19.508
"2018-04-05",7.518,34.683,10.97,228.56,19.939
"2018-04-06",7.549,34.158,10.98,228.26,19.687
"2018-04-09",7.549,34.049,10.99,227.68,19.741
"2018-04-10",7.557,34.257,10.99,226.95,20.002
"2018-04-11",7.58,33.929,11,227.14,20.061
"2018-04-12",7.589,34.366,11.03,227.75,20.029
"2018-04-13",7.606,34.128,11.01,227.79,20.038
"2018-04-16",7.621,33.989,11.02,227.63,19.861
"2018-04-17",7.634,34.247,11.02,227.94,19.796
"2018-04-18",7.646,34.118,11.02,228.47,19.952
"2018-04-19",7.648,34.396,11.02,227.88,20.258
"2018-04-20",7.621,34.535,11.02,226.05,19.942
"2018-04-23",7.612,34.773,11.01,224.25,19.812
"2018-04-24",7.596,34.862,11.01,224.25,19.798
"2018-04-25",7.58,34.445,11,221.75,19.506
"2018-04-26",7.56,34.753,11,222.24,19.547
"2018-04-27",7.573,34.733,11,223,19.761
"2018-04-30",7.577,34.961,11.01,222.34,20.099
"2018-05-01",,34.683,11.01,,
"2018-05-02",7.565,34.991,11.01,218.76,19.932
"2018-05-03",7.568,34.297,11,217.85,19.688
"2018-05-04",7.524,34.743,11,218.13,19.582
"2018-05-07",7.564,35.001,11,217.55,19.648
"2018-05-08",7.572,35.299,11.02,215.45,19.78
"2018-05-09",7.571,35.447,10.99,215,19.784
"2018-05-10",,35.695,11,,
"2018-05-11",7.585,35.685,11,217.99,20.206
"2018-05-14",7.59,35.626,11,217.68,20.281
"2018-05-15",7.591,35.795,11.03,214.93,20.072
"2018-05-16",7.577,35.785,11,215.17,20.049
"2018-05-17",7.569,35.824,10.99,214.48,19.944
"2018-05-18",7.566,35.537,10.99,212.67,19.846
"2018-05-21",,35.775,10.99,,
"2018-05-22",7.563,35.943,10.99,213.79,19.945
"2018-05-23",7.565,35.586,10.99,213.41,19.787
"2018-05-24",7.557,35.338,11,214.31,19.825
"2018-05-25",7.557,35.467,11,214.65,19.847
"2018-05-28",,35.527,11,214.78,19.99
"2018-05-29",7.556,34.862,11.02,213.94,19.844
"2018-05-30",7.536,34.773,10.98,213.72,19.521
"2018-05-31",7.547,34.683,11.02,213.12,19.692
"2018-06-01",7.553,34.961,10.99,212.53,19.785
"2018-06-04",7.56,35.1,10.99,212.99,20.097
"2018-06-05",7.565,34.922,10.99,212.13,20.12
"2018-06-06",7.572,35.12,10.99,212.18,20.227
"2018-06-07",7.577,35.18,10.99,211.66,20.371
"2018-06-08",7.586,35.11,11.02,210.89,20.019
"2018-06-11",7.587,35.239,10.99,211.04,20.107
"2018-06-12",7.589,35.189,11.02,210.14,20.089
"2018-06-13",7.596,35.06,11.02,209.55,20.047
"2018-06-14",7.602,35.239,11.03,209.22,19.778
"2018-06-15",7.61,34.872,11.03,207.9,19.691
"2018-06-18",7.611,34.832,11.03,206.74,19.571
"2018-06-19",7.606,34.733,11,205.82,19.093
"2018-06-20",7.598,34.803,11,207.08,19.188
"2018-06-21",7.607,34.475,11.02,206.82,18.978
"2018-06-22",7.602,34.614,11.02,208.22,19.039
"2018-06-25",7.605,33.801,11,207.91,18.766
"2018-06-26",7.592,33.88,11.02,207.84,18.612
"2018-06-27",7.548,34.068,11.02,207.37,18.463
"2018-06-28",7.574,33.91,11.01,206.58,18.295
"2018-06-29",7.554,34.078,11.01,207.3,18.607
"2018-07-02",7.56,33.83,11.01,206.11,18.47
"2018-07-03",7.538,33.801,10.99,207.14,18.426
"2018-07-04",,33.781,10.98,207.55,18.318
"2018-07-05",7.545,33.751,10.99,208.57,18.272
"2018-07-06",7.549,33.83,10.99,209.69,18.249
"2018-07-09",7.555,34.187,10.99,211.07,18.583
"2018-07-10",7.58,34.297,10.99,211.01,18.631
"2018-07-11",7.59,34.049,10.99,210.47,18.432
"2018-07-12",7.581,34.158,11,210.4,18.472
"2018-07-13",7.589,34.197,11,211.14,18.592
"2018-07-16",7.596,34.287,11.01,211.12,18.559
"2018-07-17",7.591,34.584,11.03,211.08,18.503
"2018-07-18",7.595,34.832,11.01,210.76,18.466
"2018-07-19",7.601,34.763,11.02,209.95,18.407
"2018-07-20",7.633,34.584,11.05,210.77,18.586
"2018-07-23",7.604,34.872,11.05,210.6,18.637
"2018-07-24",7.605,35.199,11.03,210.83,18.837
"2018-07-25",7.608,35.14,11.04,211.71,18.945
"2018-07-26",7.614,35.418,11.07,212.25,18.995
"2018-07-27",7.62,35.398,11.05,212.67,19.049
"2018-07-30",7.625,35.299,11.05,212.81,18.989
"2018-07-31",7.627,35.239,11.05,212.65,18.936
"2018-08-01",7.638,35.245,11.06,212.17,18.917
"2018-08-02",7.637,35.056,11.06,211,18.546
"2018-08-03",7.641,35.265,11.06,211.58,18.641
"2018-08-06",7.651,35.494,11.07,211.02,18.722
"2018-08-07",7.658,35.743,11.07,211.34,18.869
"2018-08-08",7.668,35.703,11.07,210.33,18.912
"2018-08-09",7.669,35.832,11.08,208.95,18.999
"2018-08-10",7.665,35.842,11.08,204.89,18.821
"2018-08-13",7.655,35.583,11.08,201.63,18.452
"2018-08-14",7.648,35.663,11.08,202.94,18.399
"2018-08-15",,35.434,11.08,,
"2018-08-16",7.633,35.663,11.08,203.5,18.094
"2018-08-17",7.643,35.623,11.08,202.52,18.154
"2018-08-20",7.647,35.703,11.08,202.65,18.349
"2018-08-21",7.654,35.703,11.08,203.78,18.504
"2018-08-22",7.666,35.544,11.08,204.34,18.557
"2018-08-23",7.674,35.404,11.08,204.01,18.573
"2018-08-24",7.672,35.354,11.08,204.38,18.467
"2018-08-27",7.681,35.643,11.08,205.27,18.774
"2018-08-28",7.686,35.394,11.08,204.54,18.871
"2018-08-29",7.686,35.563,11.07,203.27,18.908
"2018-08-30",7.69,35.434,11.08,201.49,18.852
"2018-08-31",7.685,35.364,11.08,201.39,18.717
"2018-09-03",,35.384,11.05,200.9,18.572
"2018-09-04",7.683,35.553,11.1,198.87,18.577
"2018-09-05",7.681,35.344,11.07,198.52,18.251
"2018-09-06",7.673,35.155,11.07,199.15,18.174
"2018-09-07",7.668,35.235,11.07,199.68,18.09
"2018-09-10",7.668,35.205,11.07,198.92,17.913
"2018-09-11",7.669,35.175,11.07,198.54,17.8
"2018-09-12",7.673,34.936,11.07,199.59,17.77
"2018-09-13",7.683,34.966,11.08,201,18.049
"2018-09-14",7.687,35.165,11.08,201.4,18.286
"2018-09-17",7.69,35.006,11.08,201.43,18.041
"2018-09-18",7.687,35.116,11.08,201.74,18.038
"2018-09-19",7.691,35.454,11.08,202.16,18.231
"2018-09-20",7.689,35.593,11.08,203.22,18.345
"2018-09-21",7.705,35.693,11.09,204.19,18.63
"2018-09-24",7.693,35.275,11.09,204.55,18.416
"2018-09-25",7.689,35.344,11.08,204.01,18.431
"2018-09-26",7.689,35.285,11.09,204.96,18.57
"2018-09-27",7.69,35.364,11.1,206,18.511
"2018-09-28",7.701,35.125,11.1,205.81,18.49
"2018-10-01",7.708,35.205,11.1,205.66,18.489
"2018-10-02",7.722,35.006,11.11,205.41,18.143
"2018-10-03",7.724,35.305,11.11,205.33,18.166
"2018-10-04",7.719,35.344,11.1,202.78,17.778
"2018-10-05",7.679,35.225,11.09,203.05,17.616
"2018-10-08",,34.986,11.09,202.95,17.353
"2018-10-09",7.668,35.175,11.09,202.83,17.307
"2018-10-10",7.639,34.707,11.08,202.75,17.07
"2018-10-11",7.604,33.712,11.08,202.64,16.634
"2018-10-12",7.602,33.513,11.09,203.1,16.959
"2018-10-15",7.632,33.423,11.09,203.61,16.712
"2018-10-16",7.629,33.722,11.09,204.55,16.799
"2018-10-17",7.642,34.13,11.1,204.65,16.868
"2018-10-18",7.635,33.851,11.09,203.59,16.712
"2018-10-19",7.616,33.911,11.09,203.15,16.779
"2018-10-22",7.614,33.702,11.09,202.76,16.96
"2018-10-23",7.607,32.946,11.09,202.16,16.549
"2018-10-24",7.577,33.045,11.09,201.55,16.528
"2018-10-25",7.578,33.085,11.08,201.59,16.267
"2018-10-26",7.567,32.617,11.09,201.38,16.097
"2018-10-29",7.549,33.025,11.08,201.23,16.045
"2018-10-30",7.543,32.836,11.07,200.42,16.015
"2018-10-31",7.539,33.762,11.04,199.84,16.325
"2018-11-01",,33.772,11.05,,
"2018-11-02",7.56,33.861,11.06,201.5,17.15
"2018-11-05",7.568,34.11,11.06,202.11,16.794
"2018-11-06",7.579,34.051,11.06,202.39,16.808
"2018-11-07",7.588,34.17,11.06,203.09,16.925
"2018-11-08",7.609,34.588,11.06,202.54,17.006
"2018-11-09",7.612,34.478,11.08,201.51,16.759
"2018-11-12",,34.299,11.06,200.93,16.529
"2018-11-13",7.577,34.508,11.07,199.9,16.662
"2018-11-14",7.539,34.031,11.07,200.44,16.657
"2018-11-15",7.513,33.901,11.03,200.36,16.885
"2018-11-16",7.468,33.931,11.02,201.45,16.933
"2018-11-19",7.453,33.642,11.02,201.54,16.979
"2018-11-20",7.441,33.344,11,200.37,16.522
"2018-11-21",7.414,33.652,11.02,200.78,16.696
"2018-11-22",,33.214,11.01,201.21,16.72
"2018-11-23",7.44,33.453,11.01,200.47,16.648
"2018-11-26",7.436,33.881,11.01,199.97,16.889
"2018-11-27",7.434,34.041,11,199.37,16.95
"2018-11-28",7.416,34.07,11.02,199.59,17.026
"2018-11-29",7.448,33.981,11,201.49,17.072
"2018-11-30",7.451,34.09,11,201.21,17.056
"2018-12-03",7.458,34.279,11,202.87,17.525
"2018-12-04",7.494,33.941,11,202.55,17.5
"2018-12-05",,33.483,10.99,202.09,17.214
"2018-12-06",7.471,32.279,10.99,201.52,16.674
"2018-12-07",7.426,32.398,11.01,202.71,16.85
"2018-12-10",7.445,31.642,10.99,201.78,16.531
"2018-12-11",7.426,32.05,10.99,201.58,16.679
"2018-12-12",7.433,32.299,10.99,202.43,16.817
"2018-12-13",7.451,32.06,11,202.65,16.977
"2018-12-14",7.453,32.01,11.01,202.16,16.712
"2018-12-17",7.44,31.801,11.01,202.59,16.736
"2018-12-18",7.411,31.502,11,202.69,16.576
"2018-12-19",7.343,31.522,11.03,203.35,16.688
"2018-12-20",7.315,30.865,10.99,203.36,16.537
"2018-12-21",7.228,30.846,10.98,202.8,16.49
"2018-12-24",,30.149,10.98,202.88,
"2018-12-26",,30.159,10.98,,
"2018-12-27",7.184,30.457,10.98,202.89,16.421
"2018-12-28",7.195,31.094,10.99,203.49,16.555
"2018-12-31",7.221,31.124,10.99,203.55,16.654
"2019-01-02",7.236,31.373,11,203.64,16.349
"2019-01-03",7.249,31.074,11.01,204.4,16.232
"2019-01-04",7.227,31.692,11,206.46,16.387
"2019-01-07",7.362,31.692,11.01,207.65,16.633
"2019-01-08",7.427,31.582,11.02,207.18,16.622
"2019-01-09",7.473,31.761,11.04,208.17,16.986
"2019-01-10",7.479,31.94,11.04,208.3,17.026
"2019-01-11",7.476,32.02,11.05,208.28,17.137
"2019-01-14",7.514,32.07,11.05,208.33,16.938
"2019-01-15",7.494,32.518,11.06,208.64,17.28
"2019-01-16",7.506,32.876,11.07,209.13,17.33
"2019-01-17",7.532,32.916,11.07,208.79,17.319
"2019-01-18",7.54,33.493,11.08,209.6,17.433
"2019-01-21",,33.384,11.09,209.39,17.46
"2019-01-22",7.568,33.115,11.09,209.18,17.316
"2019-01-23",7.548,32.956,11.06,209.9,17.297
"2019-01-24",7.54,33.394,11.1,210.66,17.419
"2019-01-25",7.501,33.513,11.11,211.02,17.733
"2019-01-28",7.556,33.105,11.11,210.75,17.679
"2019-01-29",7.544,33.135,11.11,210.9,17.678
"2019-01-30",7.558,33.254,11.12,210.9,17.767
"2019-01-31",7.576,33.284,11.14,213.58,17.976
"2019-02-01",7.61,33.354,11.15,213.56,17.961
"2019-02-04",7.622,33.384,11.12,213.49,17.95
"2019-02-05",7.629,33.603,11.15,214.08,18.121
"2019-02-06",7.66,33.613,11.17,213.86,18.179
"2019-02-07",7.664,33.155,11.17,213.17,17.971
"2019-02-08",7.631,33.125,11.17,212.82,17.817
"2019-02-11",7.591,33.364,11.17,211.76,17.948
"2019-02-12",7.627,33.682,11.18,212.14,18.003
"2019-02-13",7.648,33.822,11.18,212.22,18.048
"2019-02-14",7.653,33.513,11.18,211.41,18.087
"2019-02-15",7.643,34.07,11.19,211.95,17.798
"2019-02-18",,34.051,11.19,212.41,17.991
"2019-02-19",7.658,34.041,11.2,212.7,17.938
"2019-02-20",7.652,34.1,11.2,212.9,18.191
"2019-02-21",7.664,34.07,11.2,212.87,18.272
"2019-02-22",7.661,34.16,11.21,213.51,18.375
"2019-02-25",7.671,34.528,11.23,214.06,18.508
"2019-02-26",7.676,34.369,11.22,214.21,18.435
"2019-02-27",7.684,34.299,11.22,214.57,18.395
"2019-02-28",7.693,34.299,11.23,214.34,18.209
"2019-03-01",7.689,34.359,11.24,213.49,18.314
"2019-03-04",7.697,34.339,11.24,213.17,18.333
"2019-03-05",7.694,34.359,11.24,213.17,18.286
"2019-03-06",7.686,34.23,11.25,213.2,18.299
"2019-03-07",7.673,34.001,11.25,212.09,18.159
"2019-03-08",7.66,33.642,11.25,211.6,17.769
"2019-03-11",7.676,34.09,11.25,212.35,17.876
"2019-03-12",7.662,34.06,11.26,213.11,18.11
"2019-03-13",7.71,34.309,11.27,213.21,18.062
"2019-03-14",7.687,34.399,11.28,213.34,17.981
"2019-03-15",7.713,34.678,11.29,214.38,18.098
"2019-03-18",7.724,34.926,11.29,214.88,18.328
"2019-03-19",7.73,34.926,11.3,215.1,18.353
"2019-03-20",7.74,34.409,11.28,215.33,18.29
"2019-03-21",7.713,34.07,11.29,216.12,18.327
"2019-03-22",7.726,33.603,11.32,214.3,18.34
"2019-03-25",7.716,33.453,11.32,214.73,18.006
"2019-03-26",7.717,33.593,11.32,214.45,18.065
"2019-03-27",7.729,33.732,11.33,212.86,18.087
"2019-03-28",7.726,33.802,11.33,212.57,18.079
"2019-03-29",7.733,34.1,11.34,213.19,18.222
"2019-04-01",7.751,34.747,11.34,214.27,18.481
"2019-04-02",7.768,34.936,11.35,214.47,18.58
"2019-04-03",7.769,35.145,11.35,214.86,18.747
"2019-04-04",7.778,35.235,11.36,214.88,18.748
"2019-04-05",7.785,35.265,11.36,215.3,18.774
"2019-04-08",7.796,35.066,11.37,215.46,18.825
"2019-04-09",7.8,34.946,11.37,215.79,18.876
"2019-04-10",7.798,34.906,11.38,216.04,18.88
"2019-04-11",7.807,35.086,11.38,215.65,18.81
"2019-04-12",7.823,35.474,11.38,215.58,18.845
"2019-04-15",7.855,35.514,11.39,215.57,18.812
"2019-04-16",7.853,35.872,11.39,215.25,18.89
"2019-04-17",7.853,35.952,11.4,215.38,19.002
"2019-04-18",7.849,36.19,11.4,215.23,18.937
"2019-04-19",,36.121,11.4,,
"2019-04-22",,36.001,11.41,,
"2019-04-23",7.839,36.181,11.41,214.78,18.873
"2019-04-24",7.852,36.051,11.42,214.21,18.83
"2019-04-25",7.858,36.111,11.42,213.22,18.645
"2019-04-26",7.856,36.131,11.42,214,18.564
"2019-04-29",7.862,36.509,11.42,214.15,18.76
"2019-04-30",7.869,36.32,11.43,214.43,18.696
"2019-05-01",,36.21,11.43,,
"2019-05-02",7.873,36.151,11.42,213.69,18.764
"2019-05-03",7.86,36.469,11.43,214.27,18.764
"2019-05-06",7.833,35.981,11.43,214.08,18.361
"2019-05-07",7.863,35.613,11.43,213.56,18.397
"2019-05-08",7.847,35.583,11.42,213.71,18.184
"2019-05-09",,34.877,11.42,,
"2019-05-10",7.822,34.867,11.41,213.64,17.847
"2019-05-13",7.822,34.478,11.41,212.63,17.481
"2019-05-14",7.784,34.877,11.41,213.1,17.475
"2019-05-15",7.8,34.877,11.42,213.33,17.549
"2019-05-16",7.797,35.285,11.42,213.34,17.493
"2019-05-17",7.813,35.066,11.43,212.64,17.234
"2019-05-20",7.817,34.897,11.43,212.62,17.137
"2019-05-21",7.82,35.116,11.42,213.09,17.129
"2019-05-22",7.835,34.996,11.42,213.29,17.136
"2019-05-23",7.829,34.478,11.42,212.9,16.915
"2019-05-24",7.805,34.697,11.42,213.32,16.976
"2019-05-27",,34.837,11.42,213.69,16.963
"2019-05-28",7.813,34.867,11.43,213.25,16.971
"2019-05-29",7.772,34.568,11.43,213,16.819
"2019-05-30",,34.797,11.43,,
"2019-05-31",7.794,34.518,11.43,213.72,16.929
"2019-06-03",7.768,34.309,11.44,213.95,17.094
"2019-06-04",7.737,34.797,11.43,214.58,17
"2019-06-05",7.799,34.887,11.45,215.08,17.095
"2019-06-06",7.813,34.767,11.46,215.27,17.092
"2019-06-07",7.824,34.926,11.46,216.29,17.109
"2019-06-10",,35.305,11.46,,
"2019-06-11",7.877,35.255,11.46,218.05,17.597
"2019-06-12",7.892,34.956,11.47,218.23,17.461
"2019-06-13",7.884,35.116,11.48,218.21,17.385
"2019-06-14",7.888,35.116,11.48,218.27,17.267
"2019-06-17",7.862,35.165,11.48,217.93,17.188
"2019-06-18",7.891,35.553,11.49,219.49,17.346
"2019-06-19",7.917,35.693,11.49,219.9,17.693
"2019-06-20",7.93,35.504,11.53,222.56,17.951
"2019-06-21",7.982,35.544,11.52,222.14,17.894
"2019-06-24",7.96,35.215,11.53,222.32,17.927
"2019-06-25",7.957,35.026,11.54,221.91,17.833
"2019-06-26",7.962,35.106,11.53,222.38,17.854
"2019-06-27",7.957,35.185,11.55,222.6,18.079
"2019-06-28",7.952,35.563,11.56,223.39,18.093
"2019-07-01",7.968,36.121,11.57,224.21,18.208
"2019-07-02",7.956,36.141,11.56,224.37,18.312
"2019-07-03",7.955,36.419,11.59,225.05,18.193
"2019-07-04",,36.519,11.58,225.56,18.247
"2019-07-05",7.987,36.648,11.56,224.79,18.197
"2019-07-08",7.985,36.529,11.56,224.68,17.882
"2019-07-09",7.98,36.419,11.56,224.13,17.816
"2019-07-10",7.966,36.26,11.59,224.19,17.934
"2019-07-11",7.973,36.33,11.57,224.74,18.031
"2019-07-12",7.969,36.429,11.56,224.55,17.993
"2019-07-15",7.968,36.439,11.57,225.29,18.105
"2019-07-16",7.97,36.599,11.57,225.06,18.155
"2019-07-17",7.971,36.37,11.57,225.15,18.069
"2019-07-18",7.962,36.33,11.59,225.44,17.996
"2019-07-19",7.916,36.469,11.6,226.08,18.166
"2019-07-22",7.949,36.27,11.58,226.36,18.064
"2019-07-23",7.952,36.579,11.59,226.08,18.119
"2019-07-24",7.995,36.698,11.61,226.48,18.096
"2019-07-25",8.001,36.658,11.6,226.33,18.124
"2019-07-26",7.978,36.827,11.6,225.7,17.989
"2019-07-29",8.015,36.748,11.61,225.78,17.844
"2019-07-30",8.012,36.21,11.6,225.4,17.835
"2019-07-31",7.981,36.25,11.63,225.76,17.663
"2019-08-01",7.985,36.26,11.6,224.26,17.521
"2019-08-02",7.982,35.07,11.63,223.59,17.113
"2019-08-05",7.962,34.12,11.6,222.33,16.585
"2019-08-06",7.891,33.96,11.6,222.35,16.415
"2019-08-07",7.916,33.78,11.61,223.38,16.262
"2019-08-08",7.893,34.6,11.6,224.25,16.588
"2019-08-09",7.942,34.29,11.61,224.72,16.54
"2019-08-12",7.944,34.13,11.61,222.9,16.302
"2019-08-13",7.938,34.47,11.6,222.3,16.455
"2019-08-14",7.958,33.69,11.61,220.77,16.192
"2019-08-15",,33.85,11.61,,
"2019-08-16",7.891,34.45,11.6,221.88,16.398
"2019-08-19",7.935,34.7,11.61,221.02,16.593
"2019-08-20",7.958,34.54,11.62,221.17,16.7
"2019-08-21",7.965,34.63,11.63,221.67,16.698
"2019-08-22",7.988,34.59,11.63,221.79,16.601
"2019-08-23",8,34.08,11.64,221.87,16.562
"2019-08-26",7.964,34.13,11.64,221.35,16.304
"2019-08-27",7.997,34.14,11.65,220.92,16.354
"2019-08-28",8.011,34.22,11.65,220.7,16.346
"2019-08-29",8.014,34.64,11.64,220.13,16.355
"2019-08-30",8.029,34.97,11.64,220.69,16.571
"2019-09-02",,34.98,11.63,220.79,16.539
"2019-09-03",8.033,34.8,11.65,220.95,16.312
"2019-09-04",8.026,35.12,11.65,222.77,16.773
"2019-09-05",8.035,35.71,11.64,223.16,16.972
"2019-09-06",8.051,35.84,11.65,223.31,17.099
"2019-09-09",8.058,36.04,11.65,223.42,17.053
"2019-09-10",8.068,36.05,11.64,222.71,17.205
"2019-09-11",8.065,36.42,11.64,222.44,17.416
"2019-09-12",8.063,36.48,11.64,223.71,17.499
"2019-09-13",8.064,36.85,11.63,222.93,17.551
"2019-09-16",8.063,36.68,11.64,222.38,17.507
"2019-09-17",8.047,36.49,11.64,222.12,17.328
"2019-09-18",8.076,36.4,11.65,222.62,17.414
"2019-09-19",8.076,36.71,11.64,222.6,17.37
"2019-09-20",8.084,36.82,11.65,222.2,17.342
"2019-09-23",8.087,36.62,11.67,222.52,17.291
"2019-09-24",8.087,36.52,11.67,221.95,17.261
"2019-09-25",8.08,36.56,11.66,221.24,17.061
"2019-09-26",8.067,36.65,11.66,221.22,17.153
"2019-09-27",8.064,36.76,11.66,221.2,17.03
"2019-09-30",8.055,36.76,11.66,221.06,17.107
"2019-10-01",8.05,36.3,11.68,220.5,17.132
"2019-10-02",8.046,35.45,11.67,220.56,16.929
"2019-10-03",8.013,35.29,11.67,221.47,16.924
"2019-10-04",8.006,35.68,11.67,222.75,16.855
"2019-10-07",8.019,35.87,11.67,222.71,16.864
"2019-10-08",7.992,35.37,11.66,222.07,16.99
"2019-10-09",8.004,35.43,11.66,222.03,16.885
"2019-10-10",8.011,35.75,11.65,222.3,16.905
"2019-10-11",8.015,36.4,11.65,222.67,17.213
"2019-10-14",,36.28,11.65,222.69,17.417
"2019-10-15",8.036,36.77,11.65,222.65,17.41
"2019-10-16",8.045,36.54,11.66,222.49,17.514
"2019-10-17",8.05,36.48,11.67,223.08,17.582
"2019-10-18",8.058,36.44,11.67,223.7,17.518
"2019-10-21",8.061,36.77,11.67,223.45,17.538
"2019-10-22",8.063,36.83,11.68,223.91,17.615
"2019-10-23",8.068,36.82,11.69,224.11,17.502
"2019-10-24",8.069,37.04,11.69,224.45,17.574
"2019-10-25",8.073,37.03,11.69,224.65,17.578
"2019-10-28",8.084,37.15,11.69,224.68,17.679
"2019-10-29",8.109,37.14,11.69,224.78,17.727
"2019-10-30",8.086,36.95,11.69,223.84,17.65
"2019-10-31",8.079,36.67,11.69,224.26,17.667
"2019-11-01",,37.13,11.72,,
"2019-11-04",8.103,37.54,11.71,225.42,18.175
"2019-11-05",8.097,37.79,11.7,224.61,18.329
"2019-11-06",8.09,37.87,11.71,224.21,18.404
"2019-11-07",8.084,38.39,11.7,223.71,18.457
"2019-11-08",8.083,38.24,11.7,223.12,18.408
"2019-11-11",,38.12,11.7,222.98,18.045
"2019-11-12",8.081,38.26,11.7,221.84,18.217
"2019-11-13",8.077,37.94,11.7,221.31,17.96
"2019-11-14",8.07,37.84,11.7,221.67,17.9
"2019-11-15",8.067,38.08,11.7,222.48,17.978
"2019-11-18",8.07,37.97,11.7,221.84,18.144
"2019-11-19",8.065,38.12,11.7,221.55,18.27
"2019-11-20",8.052,38.1,11.69,221.61,18.121
"2019-11-21",8.04,37.96,11.68,221.55,17.9
"2019-11-22",8.035,38.16,11.68,221.69,18.006
"2019-11-25",8.044,38.51,11.69,221.19,18.135
"2019-11-26",8.055,38.43,11.7,221.06,18.073
"2019-11-27",8.068,38.68,11.7,220.61,18.156
"2019-11-28",,38.69,11.7,220.66,18.13
"2019-11-29",8.093,38.56,11.71,220.84,17.862
"2019-12-02",8.093,38.12,11.71,220.62,17.869
"2019-12-03",8.084,37.58,11.71,220.85,17.642
"2019-12-04",8.048,38.09,11.72,221.28,17.671
"2019-12-05",8.089,38.05,11.72,221.42,17.82
"2019-12-06",8.098,38.65,11.72,222.01,17.915
"2019-12-09",8.119,38.54,11.73,222.75,18.003
"2019-12-10",8.124,38.41,11.74,222.71,17.996
"2019-12-11",8.136,38.41,11.75,223.44,18.108
"2019-12-12",8.138,38.85,11.75,224.35,18.393
"2019-12-13",8.163,39.05,11.77,224.85,18.808
"2019-12-16",8.177,39.37,11.78,225.46,18.765
"2019-12-17",8.194,39.35,11.79,226.14,19.048
"2019-12-18",8.209,39.52,11.79,226.21,19.116
"2019-12-19",8.222,39.41,11.8,226.21,19.034
"2019-12-20",8.222,39.74,11.8,226.28,19.059
"2019-12-23",8.227,39.52,11.8,226.54,19.099
"2019-12-24",,39.51,11.8,,
"2019-12-26",,39.57,11.81,,
"1553",0.4,0.1,0.29,0.1,0.1
