"","LU0496654236","LU0997587323","LU0075933415","LU0128522744","LU1049766626"
"2014-01-02",8.636433,,656.73999,36.63,
"2014-01-03",8.628263,,657.60999,36.41,
"2014-01-06",8.628263,,653.90997,36.26,
"2014-01-07",8.620092,,654.51001,36.47,
"2014-01-08",8.603751,,651.69,36.55,
"2014-01-09",8.620092,,639.63,36.27,
"2014-01-10",8.620092,7.8,653.96997,36.3,
"2014-01-13",8.636433,7.81,652.48999,36.28,
"2014-01-14",8.644604,7.81,654.32001,36.24,
"2014-01-15",8.652775,7.81,654.17999,36.36,
"2014-01-16",8.652775,7.82,646.26001,36.21,
"2014-01-17",8.669116,7.82,644.66998,36.17,
"2014-01-20",8.677287,7.83,645.87,36.34,
"2014-01-21",8.677287,7.83,639.35999,36.35,
"2014-01-22",8.669116,7.83,644.96997,36.13,
"2014-01-23",8.660946,7.82,629.35999,35.63,
"2014-01-24",8.685458,7.81,615.59003,35.05,
"2014-01-27",8.652775,7.8,613.52002,34.46,
"2014-01-28",8.628263,7.8,614.76001,34.68,
"2014-01-29",8.644604,7.81,607.53003,34.28,
"2014-01-30",8.652775,7.8,608.96002,34.31,
"2014-01-31",8.645064,7.8,609.42999,34.24,
"2014-02-03",8.645064,7.81,594.19,33.54,
"2014-02-04",8.645064,7.8,602.40002,33.66,
"2014-02-05",8.645064,7.8,602.82001,33.41,
"2014-02-06",8.636869,7.8,618.40997,34.18,
"2014-02-07",8.653258,7.8,620.39001,34.51,
"2014-02-10",8.661452,7.81,614.60999,34.34,
"2014-02-11",8.677841,7.82,623.81,34.76,
"2014-02-12",8.669647,7.82,622.88,34.67,
"2014-02-13",8.686036,7.82,621.59003,34.71,
"2014-02-14",8.686036,7.84,631.27002,35.05,
"2014-02-17",8.69423,7.84,629.59003,35.08,
"2014-02-18",8.710619,7.86,618.04999,35.08,
"2014-02-19",8.727007,7.86,617.71002,35.03,
"2014-02-20",8.718813,7.86,620.40997,35.04,
"2014-02-21",8.718813,7.87,624.15002,35.18,
"2014-02-24",8.727007,7.88,629.67999,35.25,
"2014-02-25",8.727007,7.89,620.52002,35.38,
"2014-02-26",8.735202,7.9,616.40997,35.4,
"2014-02-27",8.751591,7.91,626.16998,35.78,
"2014-02-28",8.766921,7.95,625.15997,35.89,
"2014-03-03",8.783354,7.92,625.04999,35.47,
"2014-03-04",8.775138,7.92,,35.73,
"2014-03-05",8.775138,7.93,622.14001,35.91,
"2014-03-06",8.775138,7.92,634.16998,36.27,
"2014-03-07",8.783354,7.94,618.84003,36.01,
"2014-03-10",8.783354,7.91,609.73999,35.6,
"2014-03-11",8.734056,7.9,609.33002,35.5,
"2014-03-12",8.775138,7.9,608.41998,35.24,
"2014-03-13",8.775138,7.9,604.53998,34.94,
"2014-03-14",8.783354,7.9,600.40997,34.73,
"2014-03-17",8.783354,7.89,603.96997,34.99,
"2014-03-18",8.783354,7.9,616.03003,35.21,
"2014-03-19",8.775138,7.91,618.83002,34.98,
"2014-03-20",8.750488,7.89,627.84998,34.84,
"2014-03-21",8.750488,7.9,632.96997,34.97,
"2014-03-24",8.758705,7.92,637.57001,35.05,
"2014-03-25",8.766921,7.95,644.54999,35,
"2014-03-26",8.775138,7.92,644.19,35.08,
"2014-03-27",8.79157,7.93,665.32001,35.09,
"2014-03-28",8.808004,7.93,668.15997,35.37,
"2014-03-31",8.801589,7.93,677.26001,35.5,
"2014-04-01",8.818071,7.93,676.82001,36.07,
"2014-04-02",8.826313,7.93,688.01001,36.12,
"2014-04-03",8.826313,7.94,682.28998,35.98,
"2014-04-04",8.818071,7.95,688.28998,35.9,
"2014-04-07",8.826313,7.96,697.83002,35.62,
"2014-04-08",8.842795,7.96,701.09998,35.91,
"2014-04-09",8.851036,7.96,695.84003,36.25,
"2014-04-10",8.851036,7.97,694.63,36.58,
"2014-04-11",8.867519,7.97,699.04999,36.35,
"2014-04-14",8.859277,7.97,698.39001,36.32,
"2014-04-15",8.867519,7.98,685.75,36.11,
"2014-04-16",8.859277,7.97,692.53998,36.2,
"2014-04-17",8.851036,8.01,697.25,36.42,
"2014-04-18",,7.97,,,
"2014-04-21",,7.98,,36.59,
"2014-04-22",8.842795,7.97,693.78998,36.64,
"2014-04-23",8.851036,7.98,690.08002,36.57,
"2014-04-24",8.851036,7.99,694.98999,36.52,
"2014-04-25",8.851036,7.99,689.04999,36.29,
"2014-04-28",8.859277,7.98,687.97998,36.09,
"2014-04-29",8.900483,7.98,695.34998,36.02,99.71
"2014-04-30",8.861294,8,692.65002,35.81,99.66
"2014-05-01",,8,,35.84,
"2014-05-02",8.869559,8.01,706.82001,36.07,99.86
"2014-05-05",8.894358,8.02,706.66998,36.21,99.47
"2014-05-06",8.894358,8.02,709.03998,36.29,99.49
"2014-05-07",8.894358,8.02,715.15002,36.04,98.78
"2014-05-08",8.919157,8.03,713.77002,35.96,98.19
"2014-05-09",8.927423,8.03,709.69,36.01,98.72
"2014-05-12",8.927423,8.03,720.89001,36.36,98.9
"2014-05-13",8.927423,8.04,722.79999,36.43,99.59
"2014-05-14",8.952221,8.05,725.10999,36.74,100.46
"2014-05-15",8.968754,8.07,716.73999,36.63,100.01
"2014-05-16",9.001818,8.06,721.65997,36.71,100.26
"2014-05-19",8.993552,8.06,717.17999,36.51,100.46
"2014-05-20",8.985286,8.05,707.59998,36.27,100.3
"2014-05-21",8.993552,8.04,707.29999,36.42,100.39
"2014-05-22",8.993552,8.04,712.44,36.58,101.34
"2014-05-23",9.001818,8.05,710.71997,36.6,102.13
"2014-05-26",9.01835,8.05,711.64001,36.76,101.9
"2014-05-27",9.01835,8.06,703.47998,36.56,102.09
"2014-05-28",9.043148,8.07,707.5,36.55,102.22
"2014-05-29",,8.08,,36.63,
"2014-05-30",9.061652,8.08,695.54999,36.28,102.54
"2014-06-02",9.061652,8.07,695.88,36.24,102.55
"2014-06-03",9.04507,8.06,698.04999,36.26,102.88
"2014-06-04",9.04507,8.06,693.27002,36.07,102.63
"2014-06-05",9.036779,8.06,695.91998,36.21,102.3
"2014-06-06",9.053361,8.09,713.21002,36.42,102.58
"2014-06-09",,8.09,,36.6,
"2014-06-10",9.061652,8.1,725.15997,36.87,103.09
"2014-06-11",9.061652,8.1,726.54999,36.73,102.95
"2014-06-12",9.053361,8.1,,36.77,103
"2014-06-13",9.061652,8.1,722.16998,36.66,102.63
"2014-06-16",9.061652,8.1,720.98999,36.52,102.37
"2014-06-17",9.061652,8.1,712.46002,36.37,101.87
"2014-06-18",9.04507,8.1,721.35999,36.57,101.45
"2014-06-19",9.053361,8.14,,36.68,101.32
"2014-06-20",9.061652,8.11,723.52002,36.74,100.47
"2014-06-23",,8.12,,36.6,
"2014-06-24",9.069942,8.15,722.65997,36.57,101.19
"2014-06-25",9.086523,8.14,718.90002,36.51,101.12
"2014-06-26",9.086523,8.14,718.46997,36.69,101.21
"2014-06-27",9.094814,8.14,717.60999,36.75,101.05
"2014-06-30",9.098036,8.14,717.04999,36.8,101.54
"2014-07-01",9.098036,8.13,718.59998,36.93,101.8
"2014-07-02",9.098036,8.13,717.60999,37.15,102.79
"2014-07-03",9.08972,8.13,721.52002,37.39,102.94
"2014-07-04",9.106352,8.16,724.53003,37.33,103.32
"2014-07-07",9.106352,8.17,720.28003,37.39,103.7
"2014-07-08",9.114669,8.17,720.20001,37.37,103.55
"2014-07-09",9.131301,8.14,,37.32,103.23
"2014-07-10",9.147934,8.13,724.62,37.15,102.89
"2014-07-11",9.139617,8.14,726.15002,37.28,102.22
"2014-07-14",9.139617,8.14,735.13,37.52,101.94
"2014-07-15",9.131301,8.13,734.52002,37.53,102.33
"2014-07-16",9.181199,8.17,734.81,37.57,102.73
"2014-07-17",9.139617,8.14,728.38,37.25,102.59
"2014-07-18",9.15625,8.13,740.84998,37.54,102.81
"2014-07-21",9.147934,8.14,745.71997,37.46,103.09
"2014-07-22",9.164567,8.13,751.19,37.87,103.47
"2014-07-23",9.172882,8.15,746.28003,37.93,104.02
"2014-07-24",9.172882,8.14,749.90002,37.98,104.32
"2014-07-25",9.181199,8.15,746.66998,37.75,104.41
"2014-07-28",9.189515,8.15,744.34998,37.69,104.58
"2014-07-29",9.197832,8.15,741.57001,37.65,104.6
"2014-07-30",9.197832,8.14,735.04999,37.54,104.44
"2014-07-31",9.227111,8.13,721.40002,37.01,104.42
"2014-08-01",9.185397,8.11,725.53998,36.83,103.81
"2014-08-04",9.177054,8.11,730.83002,37.16,104
"2014-08-05",9.177054,8.11,725.23999,36.95,103.79
"2014-08-06",9.177054,8.11,726.08002,36.84,103.24
"2014-08-07",9.160368,8.12,720.96997,36.51,103.07
"2014-08-08",9.152026,8.12,715.40002,36.59,102.29
"2014-08-11",9.152026,8.13,728.65002,36.96,103.13
"2014-08-12",9.168711,8.13,729.14001,37.06,103.71
"2014-08-13",9.177054,8.13,724.59998,37.26,104.62
"2014-08-14",9.19374,8.15,726.15002,37.29,104.64
"2014-08-15",,8.18,,37.43,
"2014-08-18",9.277168,8.17,739.72998,37.72,104.33
"2014-08-19",9.235454,8.17,746.75,38.06,104.76
"2014-08-20",9.285511,8.17,750.78998,37.99,104.76
"2014-08-21",9.277168,8.18,751.71997,38.07,104.55
"2014-08-22",9.235454,8.19,742.70001,37.94,105.15
"2014-08-25",9.243796,8.2,752.28998,38.12,105.1
"2014-08-26",9.252139,8.2,755.52002,38.29,105.02
"2014-08-27",9.268825,8.24,766.33002,38.48,105.23
"2014-08-28",9.277168,8.22,763.22998,38.14,104.75
"2014-08-29",9.286007,8.22,775.42999,38.14,105.05
"2014-09-01",9.294372,8.22,774.13,38.15,104.77
"2014-09-02",9.286007,8.23,780.04999,38.12,104.55
"2014-09-03",9.31947,8.19,785.65997,38.68,105.82
"2014-09-04",9.286007,8.19,777.82001,38.58,105.87
"2014-09-05",9.294372,8.19,777.02002,38.67,105.83
"2014-09-08",9.294372,8.18,766.02002,38.39,106.01
"2014-09-09",9.286007,8.16,751.70001,38.05,105.62
"2014-09-10",9.277641,8.16,745.22998,37.68,104.92
"2014-09-11",9.219081,8.15,745.02002,37.58,104.89
"2014-09-12",9.252544,8.13,726.19,37.36,104.71
"2014-09-15",9.227446,8.12,729.76001,37.27,103.94
"2014-09-16",9.210715,8.12,741.28998,37.37,103.07
"2014-09-17",9.219081,8.12,741.37,37.29,103.43
"2014-09-18",9.219081,8.12,733.94,37.41,104.05
"2014-09-19",9.219081,8.12,727.5,37.32,104.24
"2014-09-22",9.286007,8.13,713.10999,36.89,103.89
"2014-09-23",9.244178,8.13,705.25,36.61,103.2
"2014-09-24",9.244178,8.12,707.92999,36.73,103.04
"2014-09-25",9.193983,8.12,695.96002,36.27,101.68
"2014-09-26",9.252544,8.11,701.33002,36.35,101.34
"2014-09-29",9.252544,8.1,678.25,35.78,100.77
"2014-09-30",9.231645,8.07,675.88,35.59,100.5
"2014-10-01",9.231645,8.12,659.65997,35.31,100.26
"2014-10-02",9.240037,8.12,661.46002,35.15,100.14
"2014-10-03",9.240037,8.12,666.76001,35.28,100.74
"2014-10-06",9.256822,8.13,701,35.8,100.87
"2014-10-07",9.265214,8.13,702.54999,35.75,100.74
"2014-10-08",9.323961,8.16,697.83002,35.79,99.89
"2014-10-09",9.290391,8.13,701.48999,35.49,100.76
"2014-10-10",9.290391,8.12,676.70001,34.98,99.55
"2014-10-13",9.290391,8.12,699.32001,35.27,99.12
"2014-10-14",9.298784,8.12,701.40002,35.18,99.31
"2014-10-15",9.323961,8.12,676.56,34.83,99.96
"2014-10-16",9.315569,8.09,657.76001,34.48,99.04
"2014-10-17",9.290391,8.11,672.71002,34.71,99.84
"2014-10-20",9.290391,8.12,661.95001,34.83,100.65
"2014-10-21",9.307176,8.12,650.75,34.9,100.69
"2014-10-22",9.323961,8.13,646.57001,35.01,101.36
"2014-10-23",9.349138,8.13,631.67999,34.94,102.33
"2014-10-24",9.349138,8.13,649.46002,35.04,101.95
"2014-10-27",9.399492,8.13,628.12,34.78,101.84
"2014-10-28",9.35753,8.13,653.23999,35.2,102.26
"2014-10-29",9.35753,8.13,651.12,35.41,103.05
"2014-10-30",9.35753,8.13,669.65997,35.44,102.93
"2014-10-31",9.35289,8.14,678.44,35.76,104.07
"2014-11-03",9.361309,8.14,667.62,35.65,104.41
"2014-11-04",9.369727,8.14,666.33002,35.61,103.96
"2014-11-05",9.41182,8.13,663.03003,35.47,104.16
"2014-11-06",9.41182,8.13,646.17999,35.18,104.02
"2014-11-07",9.394982,8.14,649.40997,35.22,104.18
"2014-11-10",9.361309,8.14,648.67999,35.34,104.47
"2014-11-11",9.403401,8.13,644.15997,35.29,104.36
"2014-11-12",9.361309,8.14,648.38,35.33,104.45
"2014-11-13",9.361309,8.13,634.44,35.34,104.44
"2014-11-14",9.369727,8.13,627.77002,35.46,104.45
"2014-11-17",9.386564,8.12,623.90002,35.18,104.59
"2014-11-18",9.386564,8.12,631.32001,35.25,104.73
"2014-11-19",9.386564,8.1,641.70001,35.24,104.54
"2014-11-20",9.386564,8.1,,35.22,104.78
"2014-11-21",9.378146,8.12,672.56,35.86,105.14
"2014-11-24",9.386564,8.12,663.92999,35.95,105.4
"2014-11-25",9.403401,8.13,663.96997,35.78,105.53
"2014-11-26",9.41182,8.14,665.32001,35.8,105.6
"2014-11-27",9.420238,8.14,664,35.83,105.17
"2014-11-28",9.430694,8.15,647.60999,35.55,105.68
"2014-12-01",9.447579,8.13,626.40997,35.13,105.35
"2014-12-02",9.430694,8.1,617.65997,35.07,105.84
"2014-12-03",9.464465,8.09,622.87,34.99,106.69
"2014-12-04",9.413807,8.1,612.19,34.99,106.68
"2014-12-05",9.413807,8.1,613.65002,34.91,106.94
"2014-12-08",9.363151,8.1,599.57001,34.49,106.52
"2014-12-09",9.413807,8.09,597.41998,34.09,105.75
"2014-12-10",9.354708,8.08,582.88,33.89,105.72
"2014-12-11",9.405365,8.06,576.33002,33.39,104.69
"2014-12-12",9.346264,8.07,557.81,33.16,104.98
"2014-12-15",9.380036,8.03,542.19,32.63,104.03
"2014-12-16",9.354708,8.04,535.46997,32.3,102.61
"2014-12-17",9.312493,8.04,560.29999,32.49,102.02
"2014-12-18",9.287165,8.06,573.47998,33.21,103.31
"2014-12-19",9.304051,8.07,581.14001,33.47,103.58
"2014-12-22",9.320936,8.09,583.87,33.85,104.36
"2014-12-23",9.320936,8.09,582.5,33.71,104.18
"2014-12-24",,8.08,,33.73,
"2014-12-26",,8.09,,33.71,
"2014-12-29",9.312493,8.1,583.48999,33.95,105.14
"2014-12-30",9.320936,8.11,582.89001,33.79,105.38
"2014-12-31",9.321759,8.11,,33.85,105.71
"2015-01-02",9.330234,8.13,563.58002,33.68,106.28
"2015-01-05",9.330234,8.13,545.08002,33.22,105.75
"2015-01-06",9.287862,8.15,553.76001,33.06,104.64
"2015-01-07",9.30481,8.14,565.53003,33.4,104.86
"2015-01-08",9.287862,8.13,575.06,34.02,106.24
"2015-01-09",9.270913,8.15,572.35999,34.06,107.41
"2015-01-12",9.287862,8.15,559.13,33.78,107.65
"2015-01-13",9.30481,8.15,562,34.05,107.8
"2015-01-14",9.313285,8.15,560.51001,33.92,107.63
"2015-01-15",9.30481,8.16,559.48999,34.21,108.14
"2015-01-16",9.30481,8.16,566.90002,34.06,107.02
"2015-01-19",9.279388,8.15,557.90002,33.92,106.27
"2015-01-20",9.287862,8.16,559.84998,33.99,106.95
"2015-01-21",9.321759,8.15,576.65997,34.49,107.06
"2015-01-22",9.338709,8.16,585.89001,34.75,107.09
"2015-01-23",9.364131,8.19,576.95001,35.05,107.92
"2015-01-26",9.406503,8.2,575.76001,35.07,107.63
"2015-01-27",9.431926,8.24,578.94,35.04,108.5
"2015-01-28",9.457349,8.21,566.15002,34.79,108.73
"2015-01-29",9.491246,8.22,563.09998,34.55,108.4
"2015-01-30",9.554983,8.19,541.92999,34.12,107.88
"2015-02-02",9.52098,8.27,548.77002,34.42,106.87
"2015-02-03",9.512479,8.27,562.66998,34.88,106.89
"2015-02-04",9.495477,8.22,560.71997,34.79,107.31
"2015-02-05",9.503979,8.23,566.91998,34.95,107.53
"2015-02-06",9.512479,8.23,558.27002,34.52,107.36
"2015-02-09",9.503979,8.23,561.41998,34.26,106.93
"2015-02-10",9.503979,8.22,547.21002,34.1,107.24
"2015-02-11",9.486976,8.22,536.16998,33.95,107.37
"2015-02-12",9.486976,8.23,554.38,34.32,107.29
"2015-02-13",9.486976,8.23,564.27002,34.71,107.96
"2015-02-16",9.537982,8.26,,34.71,107.32
"2015-02-17",9.495477,8.22,,34.69,107.34
"2015-02-18",9.469975,8.22,563.33002,34.79,107.83
"2015-02-19",9.486976,8.23,562.92999,34.75,108.1
"2015-02-20",9.486976,8.24,562.63,34.81,108.21
"2015-02-23",9.486976,8.25,564.31,34.89,107.72
"2015-02-24",9.503979,8.3,571.54999,35.16,107.89
"2015-02-25",9.537982,8.29,567.70001,35.08,107.89
"2015-02-26",9.605989,8.3,566.73999,35.01,107.79
"2015-02-27",9.559605,8.3,567.40997,34.88,107.78
"2015-03-02",9.568133,8.33,559.25,34.73,107.58
"2015-03-03",9.559605,8.32,556.15997,34.75,107.43
"2015-03-04",9.559605,8.28,542.47998,34.48,106.89
"2015-03-05",9.559605,8.29,541.83002,34.34,106.47
"2015-03-06",9.602244,8.27,526.84998,34.14,106.77
"2015-03-09",9.593716,8.28,515.58002,33.86,105.65
"2015-03-10",9.551077,8.32,504.59,33.28,105.32
"2015-03-11",9.542549,8.29,514.52002,33.26,104.21
"2015-03-12",9.525494,8.29,516.84998,33.43,105.9
"2015-03-13",9.542549,8.27,501.82999,33.08,105.59
"2015-03-16",9.542549,8.27,506.57001,33.12,104.29
"2015-03-17",9.534022,8.26,511.57999,33.34,105.39
"2015-03-18",9.534022,8.26,523.06,33.83,104.74
"2015-03-19",9.525494,8.27,516.66998,33.69,105.85
"2015-03-20",9.57666,8.28,530.60999,33.91,105.8
"2015-03-23",9.525494,8.28,536.81,34.14,106.24
"2015-03-24",9.585188,8.29,537.40002,34.09,106.3
"2015-03-25",9.593716,8.3,536.75,33.89,106.02
"2015-03-26",9.57666,8.28,523.72998,33.43,105.39
"2015-03-27",9.568133,8.28,516.98999,33.45,105.73
"2015-03-30",9.636355,8.29,522.53003,33.87,106.09
"2015-03-31",9.594989,8.3,526.32001,34.1,107.2
"2015-04-01",9.663463,8.32,540.19,34.34,108.33
"2015-04-02",9.620666,8.32,548.87,34.7,108.42
"2015-04-03",,8.3,,,
"2015-04-06",,8.32,,34.98,
"2015-04-07",9.629226,8.33,559.53998,34.94,108.36
"2015-04-08",9.646345,8.34,562.51001,35.52,109.25
"2015-04-09",9.663463,8.35,563.02002,35.75,110.01
"2015-04-10",9.672023,8.35,562.19,35.96,110.7
"2015-04-13",9.680582,8.36,556.81,36.05,111.21
"2015-04-14",9.689141,8.37,560.90002,35.96,110.59
"2015-04-15",9.70626,8.37,566.79999,35.92,110.86
"2015-04-16",9.757615,8.36,572.15002,36.33,111.47
"2015-04-17",9.689141,8.36,563.82001,35.95,111.47
"2015-04-20",9.689141,8.36,561.47998,35.34,110.56
"2015-04-21",9.663463,8.35,,35.7,111.21
"2015-04-22",9.663463,8.34,568.84998,35.75,111.63
"2015-04-23",9.654904,8.34,575.25,35.78,111.63
"2015-04-24",9.654904,8.34,584.88,36.08,111.72
"2015-04-27",9.70626,8.35,585.48999,36.26,111.81
"2015-04-28",9.663463,8.34,589.87,36.12,111.8
"2015-04-29",9.637785,8.3,583.15997,35.65,111.03
"2015-04-30",9.626272,8.33,576.81,35.23,110.6
"2015-05-01",,8.29,,35.16,
"2015-05-04",9.617685,8.28,574.25,35.21,110.67
"2015-05-05",9.609097,8.26,581.20001,35.07,110.23
"2015-05-06",9.591923,8.24,577.58002,34.76,109.53
"2015-05-07",9.609097,8.23,572.96002,34.45,108.25
"2015-05-08",9.583336,8.26,585.90002,34.93,109.2
"2015-05-11",9.600511,8.25,580.34998,34.81,109.3
"2015-05-12",9.574748,8.22,577.12,34.65,108.51
"2015-05-13",9.574748,8.26,577.29999,34.83,109.1
"2015-05-14",,8.22,,35.04,
"2015-05-15",9.600511,8.25,592.89001,35.18,110.07
"2015-05-18",9.617685,8.25,581.53003,34.99,110
"2015-05-19",9.617685,8.26,574.78998,35,110.49
"2015-05-20",9.669208,8.25,570.26001,34.93,110.62
"2015-05-21",9.626272,8.26,570.08002,34.92,110.49
"2015-05-22",9.652033,8.26,561.39001,34.92,110.97
"2015-05-25",,8.26,,,
"2015-05-26",9.652033,8.28,546.81,34.43,110.71
"2015-05-27",9.669208,8.28,548.41998,34.3,110.16
"2015-05-28",9.669208,8.28,546.52002,34,109.58
"2015-05-29",9.672714,8.29,538.32001,33.78,109.59
"2015-06-01",9.672714,8.27,537.66998,33.78,110.51
"2015-06-02",9.646874,8.24,550.03998,33.85,109.2
"2015-06-03",9.629648,8.21,545.69,33.7,108.99
"2015-06-04",9.612421,8.2,,33.44,109.15
"2015-06-05",9.603808,8.2,534.77002,33.14,108.96
"2015-06-08",9.577968,8.19,537.40997,33.17,108.45
"2015-06-09",9.560742,8.16,539.66998,32.96,107.9
"2015-06-10",9.543515,8.14,548.21997,33.27,108.21
"2015-06-11",9.474609,8.17,542.64001,33.35,108.07
"2015-06-12",9.543515,8.18,543.47998,33.36,108.1
"2015-06-15",9.552128,8.18,540.45001,33.04,107.48
"2015-06-16",9.543515,8.17,544.97998,32.99,107.42
"2015-06-17",9.543515,8.17,544.10999,33.2,108.05
"2015-06-18",9.560742,8.16,555.46002,33.36,109.03
"2015-06-19",9.586581,8.18,549.16998,33.28,109.1
"2015-06-22",9.603808,8.17,553.27002,33.68,109.67
"2015-06-23",,8.18,,33.86,
"2015-06-24",9.595195,8.18,551.35999,33.95,109.41
"2015-06-25",9.595195,8.17,545.09003,33.77,109.37
"2015-06-26",9.586581,8.16,547.09998,33.57,108.87
"2015-06-29",9.577968,8.15,534.85999,32.89,108.11
"2015-06-30",9.572038,8.16,538.77002,33.09,108.67
"2015-07-01",9.520158,8.15,534.22998,33.17,109.19
"2015-07-02",9.572038,8.15,541.01001,33.21,109.5
"2015-07-03",9.580685,8.15,536.39001,33.07,109.67
"2015-07-06",9.589332,8.16,526.66998,32.36,108.87
"2015-07-07",9.597979,8.17,522.90997,32,108.55
"2015-07-08",9.572038,8.15,513.79999,31.27,105.81
"2015-07-09",9.554745,8.15,,31.67,106.94
"2015-07-10",9.537451,8.13,527.59998,32.07,108.07
"2015-07-13",9.528805,8.14,533.62,32.31,108.47
"2015-07-14",9.537451,8.14,537.38,32.28,108.52
"2015-07-15",9.546098,8.16,531.83002,32.3,108.53
"2015-07-16",9.563392,8.17,532.94,32.35,108.92
"2015-07-17",9.580685,8.18,522.46997,32.42,109
"2015-07-20",9.641213,8.18,517.34998,32.28,109.03
"2015-07-21",9.597979,8.17,517.37,32.37,108.73
"2015-07-22",9.606625,8.17,507.20999,32.05,109.19
"2015-07-23",9.615272,8.17,494.12,31.83,109.61
"2015-07-24",9.623919,8.17,483.07999,31.42,109.31
"2015-07-27",9.615272,8.16,477.10001,30.77,108.12
"2015-07-28",9.589332,8.15,480.28,30.69,107.9
"2015-07-29",9.597979,8.15,489.67001,30.92,108.02
"2015-07-30",9.597979,8.17,483.64002,30.76,108.15
"2015-07-31",9.604175,8.18,490.75,30.96,108.58
"2015-08-03",9.612851,8.19,482.35999,30.64,107.85
"2015-08-04",9.621527,8.18,479.85999,30.56,107.69
"2015-08-05",9.612851,8.17,476.63,30.6,108.23
"2015-08-06",9.595499,8.17,472.10999,30.52,107.9
"2015-08-07",9.604175,8.17,470.32001,30.45,107.67
"2015-08-10",9.612851,8.16,478.04999,30.62,108.02
"2015-08-11",9.612851,8.16,468.31,30.11,107.47
"2015-08-12",9.604175,8.13,464.14002,29.58,104.54
"2015-08-13",9.578147,8.13,459.32001,29.73,104.43
"2015-08-14",9.569471,8.12,459.64999,29.62,104.72
"2015-08-17",9.569471,8.12,457,29.41,103.77
"2015-08-18",9.560796,8.12,457.54001,29.26,103.45
"2015-08-19",9.543444,8.08,448.76001,29.01,102.5
"2015-08-20",9.543444,8.14,445.26999,28.54,101.14
"2015-08-21",9.517417,8.1,433.29001,27.99,99.05
"2015-08-24",9.50874,8.04,415.32001,26.8,94.25
"2015-08-25",9.439334,8.03,418.79999,27.22,95.3
"2015-08-26",9.413306,8.02,421.48001,27.41,95.76
"2015-08-27",9.40463,8.04,443.42999,27.79,98.23
"2015-08-28",9.421982,8.06,440.64002,27.85,99.4
"2015-08-31",9.434978,8.1,434.75,27.78,98.35
"2015-09-01",9.434978,8.05,420.82001,27.17,96.7
"2015-09-02",9.426274,8.05,421.73001,27.19,96.17
"2015-09-03",9.426274,8.07,427.67999,27.37,96.1
"2015-09-04",9.426274,8.08,417.5,26.86,95.01
"2015-09-07",9.434978,8.09,,26.65,93.37
"2015-09-08",9.426274,8.08,420.94,27.15,94.79
"2015-09-09",9.41757,8.08,420.01999,27.29,96.59
"2015-09-10",9.408867,8.08,414.98001,27.28,96.34
"2015-09-11",9.41757,8.08,414.98001,27.24,95.77
"2015-09-14",9.41757,8.08,421.22,27.21,95.86
"2015-09-15",9.408867,8.06,422.87,27.19,95.38
"2015-09-16",9.400162,8.05,432.5,27.76,96.94
"2015-09-17",9.391458,8.06,431.5,27.78,96.96
"2015-09-18",9.426274,8.09,421.98999,27.64,97.89
"2015-09-21",9.469793,8.09,413.09,27.45,97.46
"2015-09-22",9.513313,8.08,402.64002,27.07,97.56
"2015-09-23",9.469793,8.07,392.09,26.77,96.2
"2015-09-24",9.443682,8.06,387.26999,26.74,95.91
"2015-09-25",9.41757,8.04,396.39999,26.82,95.92
"2015-09-28",9.41757,8.03,385.41,26.46,95.33
"2015-09-29",9.408867,8,384.20001,26.37,94.65
"2015-09-30",9.359099,8.01,397.29999,26.72,96.11
"2015-10-01",9.359099,8.01,400.01001,26.87,96.63
"2015-10-02",9.385291,8.01,408.89999,27.36,97.5
"2015-10-05",9.394021,8.02,420.67001,27.9,98.79
"2015-10-06",9.428943,8.03,426,28.16,99.76
"2015-10-07",9.402752,8.04,436.85999,28.57,100.64
"2015-10-08",9.472596,8.05,438.57001,28.68,100.28
"2015-10-09",9.472596,8.05,448.87,28.92,100.95
"2015-10-12",9.507518,8.07,,28.92,102.1
"2015-10-13",9.524979,8.07,432.89999,28.65,101.5
"2015-10-14",9.533709,8.08,428.63,28.65,101.3
"2015-10-15",9.54244,8.08,432.34,29.14,102.39
"2015-10-16",9.559901,8.09,434.31,29.08,102.36
"2015-10-19",9.638475,8.09,432.14002,29.03,102.73
"2015-10-20",9.594823,8.09,430.63,28.92,102.74
"2015-10-21",9.594823,8.1,424.07001,28.68,102.52
"2015-10-22",9.594823,8.11,429.54999,28.89,102.37
"2015-10-23",9.603553,8.12,432.76999,28.94,103.6
"2015-10-26",9.621015,8.14,430.35001,28.96,103.41
"2015-10-27",9.629745,8.15,426.67001,28.83,103.34
"2015-10-28",9.629745,8.13,429.09,28.7,102.77
"2015-10-29",9.612284,8.11,421.09,28.45,102.53
"2015-10-30",9.59662,8.11,424,28.59,102.53
"2015-11-02",9.587864,8.11,,28.75,101.91
"2015-11-03",9.587864,8.12,440.26999,29.01,103.06
"2015-11-04",9.59662,8.12,436.79999,29.17,103.84
"2015-11-05",9.605376,8.12,437.91,29.11,103.25
"2015-11-06",9.614131,8.11,428.37,28.76,103.04
"2015-11-09",9.605376,8.09,422.53,28.48,102.2
"2015-11-10",9.587864,8.08,423.79001,28.21,100.74
"2015-11-11",9.579107,8.08,428.60999,28.39,100.68
"2015-11-12",9.579107,8.08,425.01001,28.4,101.16
"2015-11-13",9.587864,8.08,418.89002,27.97,100.15
"2015-11-16",9.59662,8.08,419.19,28.08,100.18
"2015-11-17",9.587864,8.07,423.14002,28.25,100.79
"2015-11-18",9.587864,8.08,427.17001,28.23,100.64
"2015-11-19",9.59662,8.08,435.07999,28.59,101.13
"2015-11-20",9.605376,8.07,,28.76,101.32
"2015-11-23",9.605376,8.06,436.22,28.68,100.99
"2015-11-24",9.605376,8.06,435.73999,28.64,100.74
"2015-11-25",9.605376,8.07,424.89002,28.55,101.01
"2015-11-26",9.59662,8.07,427.64999,28.56,100.85
"2015-11-27",9.605376,8.07,421.25,28.14,99.68
"2015-11-30",9.607953,8.03,406.37,28.01,99.01
"2015-12-01",9.599172,8.08,413.73001,28.21,99.65
"2015-12-02",9.607953,8.08,408.47,28.17,100.09
"2015-12-03",9.616736,8.05,416.38,28.12,100.16
"2015-12-04",9.590389,8,414.13,27.92,100.23
"2015-12-07",9.572824,8.04,407.98001,27.8,100.36
"2015-12-08",9.581606,8.02,400.62,27.47,100.07
"2015-12-09",9.581606,8,410.59,27.41,99.55
"2015-12-10",9.564042,7.95,405.91,27.2,99.1
"2015-12-11",9.555259,7.98,394.26001,26.66,98.2
"2015-12-14",9.546477,7.93,390.13,26.66,97.15
"2015-12-15",9.52013,7.91,396.06,26.97,98.24
"2015-12-16",9.502565,7.92,398.41,27.34,98.92
"2015-12-17",9.52013,7.94,402.82999,27.42,100.41
"2015-12-18",9.546477,7.94,394.10001,27.1,100.04
"2015-12-21",9.546477,7.93,384.92001,27.13,99.89
"2015-12-22",9.537694,7.93,386.67001,27.19,100.08
"2015-12-23",9.537694,7.93,394.51001,27.44,100.63
"2015-12-24",,7.93,,27.51,
"2015-12-28",9.537694,7.93,395.54999,27.45,101.22
"2015-12-29",9.537694,7.94,396.69,27.42,101.68
"2015-12-30",9.537694,7.98,387.20999,27.17,101.43
"2015-12-31",9.53089,7.94,,27.17,101.88
"2016-01-04",9.539699,7.95,375.41,26.46,99.79
"2016-01-05",9.557317,7.95,377.92999,26.47,99.24
"2016-01-06",9.566125,7.96,372.92001,26.14,98.85
"2016-01-07",9.583742,7.94,359.89002,25.41,96.25
"2016-01-08",9.574933,7.94,354.70001,25.31,96.35
"2016-01-11",9.574933,7.93,351.26999,25.01,94.69
"2016-01-12",9.566125,7.92,351.88,24.98,94
"2016-01-13",9.557317,7.92,350.82999,24.94,94.16
"2016-01-14",9.566125,7.89,353.57001,25.07,92.88
"2016-01-15",9.557317,7.85,341.76999,24.52,91.6
"2016-01-18",9.548508,7.83,339.51001,24.54,90.23
"2016-01-19",9.539699,7.82,338.07999,24.96,91.57
"2016-01-20",9.539699,7.79,331.07999,24.24,89.81
"2016-01-21",9.53089,7.77,330.37,24.18,89.21
"2016-01-22",9.513274,7.8,339.5,24.88,90.61
"2016-01-25",9.513274,7.81,,24.9,91.18
"2016-01-26",9.557317,7.8,338.42001,25,90.2
"2016-01-27",9.495656,7.79,341.94,25.04,90.43
"2016-01-28",9.504465,7.8,346.89999,25.3,90.44
"2016-01-29",9.530113,7.83,364.57999,25.94,91.93
"2016-02-01",9.574275,7.83,366.42001,25.95,92.25
"2016-02-02",9.574275,7.83,350.10001,25.5,91.7
"2016-02-03",9.565443,7.81,359.35999,25.56,90.77
"2016-02-04",9.55661,7.82,371.57001,25.78,91.77
"2016-02-05",9.618437,7.81,364.64999,25.64,92.35
"2016-02-08",9.574275,7.81,,25.19,92.37
"2016-02-09",9.591939,7.77,,24.99,91.65
"2016-02-10",9.583108,7.78,357.12,25.15,91.03
"2016-02-11",9.574275,7.78,347.85999,24.71,88.55
"2016-02-12",9.55661,7.75,352.35001,24.89,87.27
"2016-02-15",9.530113,7.75,355.78,25.23,88.75
"2016-02-16",9.538946,7.75,357.85001,25.37,88.67
"2016-02-17",9.530113,7.75,371.35001,25.56,88.57
"2016-02-18",9.547778,7.79,369.85999,25.76,89.46
"2016-02-19",9.55661,7.8,368.82001,25.63,89.38
"2016-02-22",9.565443,7.8,382.35001,25.89,90.03
"2016-02-23",9.565443,7.81,377.78,25.69,89.27
"2016-02-24",9.583108,7.82,375.01999,25.43,88.84
"2016-02-25",9.574275,7.83,378.25,25.28,88.16
"2016-02-26",9.574275,7.84,375.92999,25.41,89.18
"2016-02-29",9.581041,7.86,382.35999,25.55,89.18
"2016-03-01",9.589896,7.87,392.20001,26.17,90.51
"2016-03-02",9.589896,7.89,400.63,26.61,91.94
"2016-03-03",9.589896,7.91,411.57999,26.98,92.73
"2016-03-04",9.607606,7.91,426.48001,27.51,93.7
"2016-03-07",9.61646,7.93,424.53,27.48,93.94
"2016-03-08",9.61646,7.97,419.98999,27.22,93
"2016-03-09",9.66959,7.95,425.73999,27.21,93.3
"2016-03-10",9.625316,7.96,429.60001,27.28,93.25
"2016-03-11",9.581041,7.98,434.54001,27.68,94.26
"2016-03-14",9.643026,8.03,431.44,27.69,95.69
"2016-03-15",9.65188,8.03,418.29001,27.23,94.45
"2016-03-16",9.660735,8.01,419,27.38,94.39
"2016-03-17",9.66959,8.05,447.98999,28.11,95.73
"2016-03-18",9.713865,8.07,450.51999,28.48,96.86
"2016-03-21",9.77585,8.07,450.98001,28.53,96.62
"2016-03-22",9.731575,8.08,451.57999,28.49,96.19
"2016-03-23",9.72272,8.09,439.26001,28.28,95.51
"2016-03-24",9.72272,8.09,435.88,28.07,95.53
"2016-03-25",,8.09,,,
"2016-03-28",,8.09,,28.08,
"2016-03-29",9.72272,8.09,447.92001,28.21,94.97
"2016-03-30",9.74043,8.1,455.75,28.74,96.46
"2016-03-31",9.752402,8.15,452.92001,28.7,96.21
"2016-04-01",9.779024,8.12,452.73999,28.47,95.88
"2016-04-04",9.787897,8.13,441.59,28.4,96.23
"2016-04-05",9.796772,8.15,432.82999,28.01,95.51
"2016-04-06",9.805646,8.15,428.91,28.06,96.02
"2016-04-07",9.805646,8.17,425.97,27.95,96.28
"2016-04-08",9.823393,8.18,438.95999,28.25,96.63
"2016-04-11",9.823393,8.17,447.48001,28.55,96.9
"2016-04-12",9.885511,8.17,459.12,28.81,97.31
"2016-04-13",9.832267,8.18,463.13,29.27,98.12
"2016-04-14",9.832267,8.2,466.70999,29.3,98.32
"2016-04-15",9.850015,8.22,465.97,29.34,98.4
"2016-04-18",9.903258,8.21,461.04999,29.22,98.8
"2016-04-19",9.858888,8.22,471.67001,29.53,99.44
"2016-04-20",9.858888,8.24,471.39999,29.29,99.23
"2016-04-21",9.850015,8.24,,29.3,99.15
"2016-04-22",9.850015,8.2,464.35001,28.94,98.96
"2016-04-25",9.841141,8.25,462.53,28.9,98.57
"2016-04-26",9.832267,8.24,470.79999,29.14,98.74
"2016-04-27",9.832267,8.25,476.60999,29.08,99.12
"2016-04-28",9.832267,8.27,477.44,29.05,98.4
"2016-04-29",9.845998,8.28,479.07001,28.93,99.23
"2016-05-02",9.854893,8.29,471.20999,28.74,99.22
"2016-05-03",9.863787,8.29,458,28.19,98.83
"2016-05-04",9.863787,8.28,459.60999,28.09,97.97
"2016-05-05",,8.29,,28,
"2016-05-06",9.926047,8.28,455.84,27.92,98.08
"2016-05-09",9.881576,8.27,451.54001,27.78,98.34
"2016-05-10",9.89047,8.27,469.25,28.16,98.48
"2016-05-11",9.89047,8.28,469.13,28.2,98.58
"2016-05-12",9.899365,8.28,469.47,28.09,98.65
"2016-05-13",9.917153,8.29,459.34,27.76,97.82
"2016-05-16",,8.29,,27.88,
"2016-05-17",9.917153,8.3,454.16,28.05,98.83
"2016-05-18",9.917153,8.29,449.09,27.74,98.69
"2016-05-19",9.899365,8.27,440.82001,27.51,97.65
"2016-05-20",9.881576,8.27,445.32001,27.73,97.23
"2016-05-23",9.872682,8.28,440.87,27.79,96.9
"2016-05-24",9.881576,8.27,443.70999,27.86,96.5
"2016-05-25",9.881576,8.28,443.14002,28.26,97.44
"2016-05-26",9.881576,8.3,,28.43,97.58
"2016-05-27",9.89047,8.3,441,28.66,98.04
"2016-05-30",9.89047,8.31,441.37,28.67,97.83
"2016-05-31",9.887385,8.27,438.09,28.68,98.23
"2016-06-01",9.887385,8.32,439.14002,28.82,98.16
"2016-06-02",9.887385,8.33,444.26001,28.89,98.8
"2016-06-03",9.887385,8.36,450.26999,29.32,99.08
"2016-06-06",9.958709,8.36,451.57001,29.5,99.51
"2016-06-07",9.931963,8.38,456.70999,29.84,100.89
"2016-06-08",9.985456,8.4,470.19,30,101.42
"2016-06-09",9.949793,8.41,465.54001,29.8,101.24
"2016-06-10",9.958709,8.42,450.04001,29.3,100.39
"2016-06-13",9.958709,8.42,446.01001,28.87,99.22
"2016-06-14",9.949793,8.41,435.89002,28.63,99.37
"2016-06-15",9.940878,8.41,439.82001,28.91,99.44
"2016-06-16",9.940878,8.4,441.04001,28.71,99.28
"2016-06-17",9.949793,8.39,446.98999,28.84,99.49
"2016-06-20",9.940878,8.39,458.29999,29.36,99.56
"2016-06-21",9.949793,8.4,459.04999,29.52,99.93
"2016-06-22",9.949793,8.4,457.89002,29.73,99.88
"2016-06-23",,8.4,,30,
"2016-06-24",9.958709,8.41,453.01999,28.8,97.97
"2016-06-27",9.97654,8.41,441.84,28.45,97.57
"2016-06-28",9.985456,8.42,456.14002,28.95,98.12
"2016-06-29",10.047865,8.45,473.42999,29.58,99.45
"2016-06-30",10.079384,8.46,481.57999,30.03,100.31
"2016-07-01",10.052578,8.47,484.35999,30.22,100.86
"2016-07-04",10.124063,8.48,484.59,30.44,101.68
"2016-07-05",10.141934,8.51,474.53,30.08,101.28
"2016-07-06",10.124063,8.5,468.81,29.7,100.82
"2016-07-07",10.124063,8.52,468.48999,29.89,101.71
"2016-07-08",10.124063,8.53,480.88,30.07,101.56
"2016-07-11",10.141934,8.54,487.07001,30.52,102.6
"2016-07-12",10.204483,8.55,491.54001,30.85,103.63
"2016-07-13",10.150869,8.57,490.28,30.86,104.26
"2016-07-14",10.150869,8.57,501.95999,31.09,105.08
"2016-07-15",10.195548,8.57,499.32001,31.06,104.55
"2016-07-18",10.141934,8.57,506.5,31.23,104.53
"2016-07-19",10.141934,8.59,505.67999,31.15,104.78
"2016-07-20",10.150869,8.58,510.14999,31.36,105.44
"2016-07-21",10.195548,8.59,508.79001,31.33,105.74
"2016-07-22",10.159805,8.6,509.87,31.39,105.42
"2016-07-25",10.168741,8.6,504.81,31.34,105.24
"2016-07-26",10.177677,8.59,503.57999,31.54,105.24
"2016-07-27",10.186612,8.6,501.60001,31.69,105.69
"2016-07-28",10.195548,8.61,500.56,31.66,105.86
"2016-07-29",10.217243,8.62,508.92001,31.66,105.08
"2016-08-01",10.226198,8.62,502.85999,31.84,105.07
"2016-08-02",10.226198,8.6,499.07999,31.63,104.76
"2016-08-03",10.226198,8.59,503.38,31.39,103.94
"2016-08-04",10.208288,8.62,510.70999,31.58,104.21
"2016-08-05",10.262016,8.62,514.89001,31.91,104.8
"2016-08-08",10.226198,8.63,518.13,32.18,105.38
"2016-08-09",10.226198,8.64,524.82001,32.39,106.07
"2016-08-10",10.253061,8.66,524.06,32.33,106.76
"2016-08-11",10.270971,8.66,534.13,32.36,107.78
"2016-08-12",10.270971,8.67,531.94,32.38,107.53
"2016-08-15",,8.68,,32.59,
"2016-08-16",10.30679,8.67,532.85999,32.52,107.44
"2016-08-17",10.297835,8.67,529.77002,32.48,106.97
"2016-08-18",10.297835,8.68,530.51001,32.7,107.56
"2016-08-19",10.30679,8.68,528.15002,32.6,107.32
"2016-08-22",10.315745,8.69,522.53998,32.48,106.77
"2016-08-23",10.30679,8.7,521.85999,32.3,106.66
"2016-08-24",10.30679,8.71,519.76001,32.15,106.88
"2016-08-25",10.30679,8.71,520.17999,32.15,106.74
"2016-08-26",10.30679,8.71,521.76001,32.2,107.57
"2016-08-29",10.297835,8.7,521.42999,32.27,107.39
"2016-08-30",10.297835,8.67,519.40002,32.35,107.93
"2016-08-31",10.305783,8.71,518.14001,32.18,107.67
"2016-09-01",10.296807,8.71,518.92999,32.17,107.36
"2016-09-02",10.28783,8.7,527.17999,32.52,107.6
"2016-09-05",10.296807,8.71,525.04999,32.86,107.89
"2016-09-06",10.251921,8.71,532.25,33.38,108.98
"2016-09-07",10.314761,8.72,,33.41,108.8
"2016-09-08",10.332716,8.71,534.26001,33.31,109.21
"2016-09-09",10.323738,8.68,511.72,32.76,108.83
"2016-09-12",10.296807,8.65,511.06,32.5,106.34
"2016-09-13",10.260898,8.64,499.79999,32.09,106.22
"2016-09-14",10.251921,8.63,496.31,32.17,106.16
"2016-09-15",10.233966,8.62,501.75,32.41,106.17
"2016-09-16",10.22499,8.63,497.17999,32.29,105.8
"2016-09-19",10.233966,8.63,500.94,32.78,106.32
"2016-09-20",10.242944,8.64,504.95001,32.74,106.1
"2016-09-21",10.242944,8.63,509.37,33.06,106.52
"2016-09-22",10.269875,8.67,520.78003,33.43,107.53
"2016-09-23",10.305783,8.68,515.82001,33.29,107.34
"2016-09-26",10.296807,8.68,507.95001,32.87,106.39
"2016-09-27",10.305783,8.68,513.53003,33.19,107.12
"2016-09-28",10.305783,8.68,517.69,33.26,107.29
"2016-09-29",10.350669,8.68,514.28003,33.14,106.34
"2016-09-30",10.311279,8.68,511.12,32.97,106.04
"2016-10-03",10.302282,8.68,519.78998,33.26,107.04
"2016-10-04",10.302282,8.68,519.66998,33.36,107.4
"2016-10-05",10.275289,8.67,523.25,33.42,107.21
"2016-10-06",10.275289,8.68,525.66998,33.42,107.1
"2016-10-07",10.257293,8.68,527.57001,33.37,106.35
"2016-10-10",10.266291,8.68,535.25,33.4,106.28
"2016-10-11",10.248296,8.68,531.09998,32.9,105.37
"2016-10-12",10.239298,8.67,,32.77,105.36
"2016-10-13",10.239298,8.68,531.07001,32.45,103.76
"2016-10-14",10.239298,8.68,535.75,32.63,104.75
"2016-10-17",10.230301,8.68,537.97,32.55,103.9
"2016-10-18",10.230301,8.69,546.72,33.06,104.9
"2016-10-19",10.239298,8.7,549.65,33.18,105.06
"2016-10-20",10.248296,8.71,550.76,33.16,105.58
"2016-10-21",10.248296,8.71,552.22,33.09,105.48
"2016-10-24",10.266291,8.71,555.65,33.25,105.42
"2016-10-25",10.257294,8.71,554.56,33.37,104.75
"2016-10-26",10.257294,8.7,551.88,32.94,103.92
"2016-10-27",10.239298,8.68,550.14,32.82,103.64
"2016-10-28",10.221303,8.67,550.02,32.72,103.4
"2016-10-31",10.227417,8.67,554.11,32.78,103.25
"2016-11-01",,8.62,,32.73,
"2016-11-02",10.227417,8.65,,32.34,102.95
"2016-11-03",10.218398,8.64,526.23,32.2,102.88
"2016-11-04",10.218398,8.63,525.82,32.05,102.35
"2016-11-07",10.218398,8.64,548.9,32.7,103.06
"2016-11-08",10.227417,8.64,552.28,32.87,103.71
"2016-11-09",10.191341,8.61,529.18,32.13,102.31
"2016-11-10",10.128209,8.58,490.65,31.92,103.21
"2016-11-11",10.03802,8.55,471.29,31.22,101.04
"2016-11-14",9.95685,8.49,473.86,30.78,100.01
"2016-11-15",9.983907,8.5,,30.88,98.23
"2016-11-16",9.974888,8.5,485.85,30.97,98.09
"2016-11-17",9.992926,8.5,482.61,30.97,97.47
"2016-11-18",9.947831,8.47,481.65,31.01,96.93
"2016-11-21",9.938813,8.47,488.48,31.13,96.34
"2016-11-22",9.947831,8.49,491.52,31.4,96.43
"2016-11-23",9.95685,8.48,486.85,31.26,97.25
"2016-11-24",9.947831,8.48,487.76,31.07,96.52
"2016-11-25",9.929794,8.48,485.66,31.19,97.39
"2016-11-28",9.947831,8.49,490.65,31.46,96.97
"2016-11-29",9.95685,8.49,485.86,31.4,96.85
"2016-11-30",9.952398,8.49,493.68,31.48,97.1
"2016-12-01",9.934319,8.45,472.84,31.37,97
"2016-12-02",9.91624,8.49,475.35,31.26,96.51
"2016-12-05",9.925279,8.49,475.28,31.37,96.79
"2016-12-06",9.934319,8.5,483.44,31.57,97.35
"2016-12-07",9.952398,8.52,491.01,31.8,97.69
"2016-12-08",9.961437,8.53,491.69,32.06,98.86
"2016-12-09",9.952398,8.53,494.83,31.95,98.95
"2016-12-12",9.925279,8.53,489.86,31.8,97.99
"2016-12-13",9.943358,8.54,494.25,31.97,97.54
"2016-12-14",9.943358,8.55,486.51,31.71,97.78
"2016-12-15",9.889122,8.51,479.72,31.36,97.12
"2016-12-16",9.898161,8.52,477.96,31.31,97.53
"2016-12-19",9.898161,8.53,474.28,31.14,96.93
"2016-12-20",9.898161,8.53,476.87,31.27,96.08
"2016-12-21",9.907201,8.54,479.9,31.27,96.24
"2016-12-22",9.907201,8.55,479.56,31.02,95.33
"2016-12-23",9.907201,8.55,487.24,31.02,95.25
"2016-12-26",,8.55,,,
"2016-12-27",9.907201,8.55,489.69,31.12,95.28
"2016-12-28",9.907201,8.56,494.87,31.32,95.85
"2016-12-29",9.934319,8.57,503.75,31.65,96.45
"2016-12-30",9.939834,8.58,,31.72,97.2
"2017-01-02",9.939834,8.58,499.43,31.76,97.19
"2017-01-03",9.948895,8.59,510.14,31.89,97.57
"2017-01-04",9.976078,8.61,511.08,32.09,98.03
"2017-01-05",10.021382,8.64,515.31,32.53,98.71
"2017-01-06",10.048565,8.63,511.04,32.45,98.75
"2017-01-09",10.039504,8.65,510.69,32.53,98.06
"2017-01-10",10.048565,8.65,511.64,32.66,98.54
"2017-01-11",10.048565,8.65,508.69,32.94,99.25
"2017-01-12",10.066687,8.66,520.69,32.94,99.18
"2017-01-13",10.066687,8.65,516.14,32.9,99.32
"2017-01-16",10.057626,8.66,514.67,32.63,98.72
"2017-01-17",10.084809,8.67,521.18,32.93,99.05
"2017-01-18",10.075748,8.66,517.87,32.75,99.3
"2017-01-19",10.048565,8.64,518.5,32.76,98.97
"2017-01-20",10.030443,8.64,525.54,32.71,98.49
"2017-01-23",10.048565,8.66,536.48,33.05,98.46
"2017-01-24",10.057626,8.65,539.82,33.2,99.44
"2017-01-25",10.039504,8.65,,33.5,99.81
"2017-01-26",10.030443,8.65,540.9,33.51,100.09
"2017-01-27",10.030443,8.66,544.3,33.46,100.03
"2017-01-30",10.039504,8.67,540.35,33.41,99.97
"2017-01-31",10.045128,8.67,538.68,33.48,99.89
"2017-02-01",10.045128,8.67,537.09,33.59,101.32
"2017-02-02",10.063293,8.67,540.89,33.65,101.05
"2017-02-03",10.063293,8.69,548.16,33.79,101.16
"2017-02-06",10.09054,8.7,541.49,33.98,101.7
"2017-02-07",10.108705,8.71,538.34,33.86,102.23
"2017-02-08",10.12687,8.72,543.35,33.9,102.78
"2017-02-09",10.12687,8.71,546.15,33.9,103.01
"2017-02-10",10.117787,8.71,553.2,34.06,102.85
"2017-02-13",10.12687,8.71,555.04,34.15,102.93
"2017-02-14",10.145034,8.7,554.02,34.18,102.77
"2017-02-15",10.135952,8.7,567.65,34.35,102.62
"2017-02-16",10.135952,8.72,565.88,34.49,102.61
"2017-02-17",10.154117,8.72,560.24,34.41,102.07
"2017-02-20",10.163199,8.72,564,34.55,102.46
"2017-02-21",10.154117,8.73,570.29,34.62,102.84
"2017-02-22",10.172282,8.73,570.74,34.92,103.24
"2017-02-23",10.181364,8.75,569.7,34.93,103.3
"2017-02-24",10.190446,8.76,559.24,34.67,103.29
"2017-02-27",10.208611,8.76,,34.63,103.06
"2017-02-28",10.203464,8.76,,34.49,103.13
"2017-03-01",10.176157,8.75,560.1,34.59,103.11
"2017-03-02",10.167055,8.75,552.86,34.41,102.93
"2017-03-03",10.157953,8.74,558.41,34.49,102.15
"2017-03-06",10.157953,8.75,560.25,34.54,102.79
"2017-03-07",10.148851,8.74,556.85,34.62,103.81
"2017-03-08",10.121545,8.71,546.43,34.52,104.51
"2017-03-09",10.103341,8.68,538.14,34.18,104.07
"2017-03-10",10.085136,8.68,542.18,34.43,104.49
"2017-03-13",10.112443,8.68,547.52,34.74,105.17
"2017-03-14",10.103341,8.66,539.7,34.8,106.44
"2017-03-15",10.112443,8.67,549.42,35.08,107.05
"2017-03-16",10.148851,8.71,555.55,35.55,108.09
"2017-03-17",10.157953,8.71,551.41,35.65,108.52
"2017-03-20",10.176157,8.72,555.79,35.9,108.82
"2017-03-21",10.194362,8.72,546.24,35.74,108.97
"2017-03-22",10.212566,8.72,550.26,35.69,108.31
"2017-03-23",10.212566,8.72,547.56,35.61,109
"2017-03-24",10.212566,8.73,553.55,35.7,109.07
"2017-03-27",10.285383,8.74,554.77,35.69,108.32
"2017-03-28",10.239872,8.74,559.17,35.8,109.06
"2017-03-29",10.239872,8.75,564.4,35.96,109.03
"2017-03-30",10.248974,8.76,562.74,35.75,108.85
"2017-03-31",10.238978,8.76,557.06,35.53,108.84
"2017-04-03",10.248104,8.78,566.35,35.74,109.65
"2017-04-04",10.266355,8.77,569.42,35.78,109.98
"2017-04-05",10.266355,8.78,568.08,35.99,110.55
"2017-04-06",10.266355,8.78,561.27,35.78,110.77
"2017-04-07",10.266355,8.79,564.37,35.67,111.16
"2017-04-10",10.25723,8.79,563.64,35.52,110.98
"2017-04-11",10.25723,8.8,561.42,35.43,111.31
"2017-04-12",10.275481,8.81,558.13,35.75,111.35
"2017-04-13",10.284607,8.81,556.24,35.75,111.42
"2017-04-14",,8.81,,,
"2017-04-17",,8.81,,35.77,
"2017-04-18",10.293732,8.81,567.23,35.53,109.89
"2017-04-19",10.293732,8.81,556.08,35.33,110.32
"2017-04-20",10.293732,8.81,556.02,35.52,110.66
"2017-04-21",10.302858,8.81,,35.65,110.91
"2017-04-24",10.293732,8.82,562.75,35.93,111.03
"2017-04-25",10.293732,8.82,562.11,36.42,111.32
"2017-04-26",10.293732,8.83,556.44,36.4,111.64
"2017-04-27",10.293732,8.83,554.91,36.43,111.2
"2017-04-28",10.298824,8.84,556.57,36.52,111.33
"2017-05-01",,8.84,,36.56,
"2017-05-02",10.298824,8.88,570.14,36.79,111.33
"2017-05-03",10.307971,8.85,567.98,36.62,111.23
"2017-05-04",10.298824,8.84,555.45,36.65,111.76
"2017-05-05",10.289678,8.83,562.48,36.63,111.75
"2017-05-08",10.307971,8.83,559.29,36.86,112.36
"2017-05-09",10.298824,8.83,564.43,37.05,112.14
"2017-05-10",10.298824,8.84,572.98,37.18,112.3
"2017-05-11",10.289678,8.85,572.65,37.34,112.57
"2017-05-12",10.289678,8.86,580.59,37.35,111.58
"2017-05-15",10.307971,8.86,586.22,37.7,111.63
"2017-05-16",10.307971,8.87,587.75,37.8,111.66
"2017-05-17",10.326263,8.88,578.7,37.46,111.29
"2017-05-18",10.326263,8.87,521.89,36.86,109.78
"2017-05-19",10.326263,8.87,534.25,37.32,110.12
"2017-05-22",10.326263,8.88,530.55,37.58,110.71
"2017-05-23",10.326263,8.88,537.95,37.52,109.89
"2017-05-24",10.326263,8.88,542.99,37.53,109.79
"2017-05-25",,8.88,,37.79,
"2017-05-26",10.390288,8.89,547.8,37.9,111.43
"2017-05-29",10.344556,8.89,544.38,37.74,110.72
"2017-05-30",10.344556,8.9,543.37,37.66,110.46
"2017-05-31",10.353189,8.9,537.98,37.5,111.49
"2017-06-01",10.40821,8.9,539.32,37.53,111.85
"2017-06-02",10.371529,8.91,540.11,37.74,112.44
"2017-06-05",,8.92,,37.81,
"2017-06-06",10.39904,8.92,542.01,37.78,112.71
"2017-06-07",10.39904,8.92,544.52,37.68,112.67
"2017-06-08",10.3807,8.91,541.08,37.86,112.54
"2017-06-09",10.435721,8.9,540.11,37.87,112.87
"2017-06-12",10.3807,8.91,537.14,37.36,111.93
"2017-06-13",10.3807,8.91,538.65,37.56,112.22
"2017-06-14",10.38987,8.93,546.08,37.73,112.59
"2017-06-15",10.39904,8.91,,37.31,112.32
"2017-06-16",10.39904,8.91,545.35,37.37,112.39
"2017-06-19",10.40821,8.91,546.63,37.75,112.44
"2017-06-20",10.39904,8.9,535.8,37.67,112.1
"2017-06-21",10.40821,8.9,532.04,37.69,111.68
"2017-06-22",10.39904,8.89,532.89,37.68,111.83
"2017-06-23",,8.91,,37.77,
"2017-06-26",10.39904,8.92,545.07,38.09,111.4
"2017-06-27",10.39904,8.91,541.12,37.94,111.31
"2017-06-28",10.3807,8.91,545.54,37.86,111.33
"2017-06-29",10.371529,8.91,545.38,37.85,111.81
"2017-06-30",10.367013,8.9,548.28,37.79,111.68
"2017-07-03",10.348631,8.9,550.22,37.76,112.1
"2017-07-04",10.339441,8.9,550.32,37.43,112.04
"2017-07-05",10.339441,8.91,548.02,37.66,111.78
"2017-07-06",10.33025,8.9,545.05,37.65,112.25
"2017-07-07",10.32106,8.88,546.21,37.56,112.15
"2017-07-10",10.33025,8.89,556.08,37.77,112.13
"2017-07-11",10.33025,8.89,561.04,38.13,111.72
"2017-07-12",10.357822,8.9,572.24,38.62,111.85
"2017-07-13",10.367013,8.91,577.56,39.11,113.03
"2017-07-14",10.376203,8.92,582.56,39.47,113.43
"2017-07-17",10.385394,8.93,584.15,39.56,113.15
"2017-07-18",10.394585,8.94,585.99,39.71,113.01
"2017-07-19",10.403775,8.95,585.76,39.89,113.33
"2017-07-20",10.412966,8.96,587.52,39.94,113.38
"2017-07-21",10.422156,8.97,587.33,39.84,113.17
"2017-07-24",10.431347,8.97,586.13,40.09,113.45
"2017-07-25",10.412966,8.96,587.04,39.94,113.92
"2017-07-26",10.403775,8.96,585.02,40.12,114.4
"2017-07-27",10.422156,8.97,586.25,40.18,115.28
"2017-07-28",10.412966,8.98,586.46,39.8,114.74
"2017-07-31",10.429193,8.98,588.37,39.96,114.87
"2017-08-01",10.438406,8.99,594.67,39.95,114.74
"2017-08-02",10.456832,9,595.9,39.97,114.46
"2017-08-03",10.466045,9,596.25,39.71,114.21
"2017-08-04",10.466045,9,595.71,39.85,114.68
"2017-08-07",10.456832,9,598.4,40.25,114.55
"2017-08-08",10.466045,9,597.13,40.29,114.48
"2017-08-09",10.466045,8.99,593.79,39.99,113.85
"2017-08-10",10.466045,8.98,586.87,39.42,112.05
"2017-08-11",10.466045,8.97,588.79,39.06,110.97
"2017-08-14",10.466045,8.98,594.82,39.43,112.01
"2017-08-15",,8.97,,39.45,
"2017-08-16",10.456832,8.97,599.58,39.75,111.83
"2017-08-17",10.466045,8.98,594.45,39.59,111.68
"2017-08-18",10.484472,8.98,598.25,39.87,111.38
"2017-08-21",10.53975,8.98,602.14,39.85,111.52
"2017-08-22",10.493685,8.98,607.85,40.23,111.65
"2017-08-23",10.484472,8.99,609.54,40.45,111.96
"2017-08-24",10.502898,8.99,615.3,40.59,112.29
"2017-08-25",10.502898,8.99,615.72,40.77,112.52
"2017-08-28",10.512111,8.99,613.2,40.62,112.9
"2017-08-29",10.530537,9,612.24,40.48,112.34
"2017-08-30",10.530537,9,609.68,40.68,113.11
"2017-08-31",10.528346,9,611.17,40.7,113.86
"2017-09-01",10.528346,9.01,619.06,40.89,114.13
"2017-09-04",10.528346,9.01,617.53,40.61,113.56
"2017-09-05",10.537581,9.02,618.43,40.67,113.76
"2017-09-06",10.565287,9.03,624.89,40.69,114.04
"2017-09-07",10.565287,9.03,,40.91,114.51
"2017-09-08",10.592994,9.04,625.19,40.92,114.73
"2017-09-11",10.574523,9.02,632.88,41.15,115.36
"2017-09-12",10.556052,9.02,629.83,41.43,115.73
"2017-09-13",10.546817,9.02,626.85,41.45,115.41
"2017-09-14",10.537581,9.02,627.64,41.48,115.73
"2017-09-15",10.537581,9.02,633.4,41.57,115.95
"2017-09-18",10.537581,9.03,633.97,42,116.79
"2017-09-19",10.528346,9.03,633.02,41.86,116.87
"2017-09-20",10.528346,9.03,635.84,41.86,116.22
"2017-09-21",10.509875,9.03,631.06,41.89,116.11
"2017-09-22",10.51911,9.03,633.22,41.56,114.87
"2017-09-25",10.528346,9.04,623.94,41.05,113.21
"2017-09-26",10.583758,9.04,620.59,40.69,113.2
"2017-09-27",10.509875,9.02,613.8,40.56,112.94
"2017-09-28",10.482169,9.02,612.17,40.48,112.64
"2017-09-29",10.496025,9.03,619.48,40.83,113.79
"2017-10-02",10.496025,9.03,620.46,40.96,113.89
"2017-10-03",10.496025,9.04,632.55,41.52,114.72
"2017-10-04",10.50528,9.02,634.19,41.66,115.5
"2017-10-05",10.50528,9.05,635.16,41.71,115.7
"2017-10-06",10.496025,9.05,626.23,41.68,116.17
"2017-10-09",10.496025,9.05,619.5,41.53,115.79
"2017-10-10",10.50528,9.06,624.69,41.9,116.75
"2017-10-11",10.523792,9.06,623.65,42.09,116.17
"2017-10-12",10.533048,9.06,,42.36,117.29
"2017-10-13",10.542303,9.07,622.54,42.44,117.74
"2017-10-16",10.560815,9.08,618.21,42.5,118.29
"2017-10-17",10.551559,9.08,615.52,42.37,117.83
"2017-10-18",10.542303,9.08,619.06,42.36,117.9
"2017-10-19",10.551559,9.09,617.85,41.88,117.19
"2017-10-20",10.533048,9.07,614.8,42.03,116.86
"2017-10-23",10.533048,9.08,607.04,42.02,116.67
"2017-10-24",10.533048,9.07,604.69,41.93,117.01
"2017-10-25",10.514536,9.06,605.42,42.22,116.66
"2017-10-26",10.523792,9.07,598.82,41.87,117.62
"2017-10-27",10.570071,9.07,601.37,42.14,117.55
"2017-10-30",10.579326,9.08,594.86,42.27,117.71
"2017-10-31",10.539932,9.09,591.51,42.54,117.52
"2017-11-01",,9.07,,43,
"2017-11-02",10.539932,9.1,,42.95,118.88
"2017-11-03",10.54921,9.1,581.3,42.77,119.01
"2017-11-06",10.558488,9.11,588.07,43.02,118.95
"2017-11-07",10.54921,9.11,578.33,43.12,118.79
"2017-11-08",10.539932,9.1,590.13,43.23,119.25
"2017-11-09",10.539932,9.09,585.27,43.16,119.27
"2017-11-10",10.512098,9.07,577.53,42.91,119.11
"2017-11-13",10.50282,9.06,574.61,42.81,118.81
"2017-11-14",10.493542,9.05,565.19,42.78,118.27
"2017-11-15",10.50282,9.03,,42.59,117.34
"2017-11-16",10.493542,9.05,575.42,43.16,118.45
"2017-11-17",10.50282,9.06,583.36,43.63,118.54
"2017-11-20",10.512098,9.07,,43.69,118.85
"2017-11-21",10.512098,9.08,590.9,44.21,119.81
"2017-11-22",10.512098,9.09,592.15,44.37,120.52
"2017-11-23",10.512098,9.1,593.62,44.15,120.46
"2017-11-24",10.512098,9.1,592.71,44.2,120.44
"2017-11-27",10.512098,9.11,589.97,43.73,120.34
"2017-11-28",10.521376,9.11,588.94,43.89,120.87
"2017-11-29",10.512098,9.1,582.75,43.65,121.42
"2017-11-30",10.498441,9.1,570.85,42.7,120.43
"2017-12-01",10.498441,9.14,573.93,42.6,120.11
"2017-12-04",10.498441,9.11,577.34,42.92,120.08
"2017-12-05",10.498441,9.11,575.79,42.69,119.71
"2017-12-06",10.50774,9.12,574.84,42.09,118.65
"2017-12-07",10.50774,9.11,564.45,42.1,118.66
"2017-12-08",10.498441,9.1,567.31,42.45,119.57
"2017-12-11",10.498441,9.11,570.25,42.84,119.81
"2017-12-12",10.498441,9.11,570.03,42.57,119.14
"2017-12-13",10.489142,9.11,572.7,42.58,119.07
"2017-12-14",10.498441,9.12,568,42.42,120.24
"2017-12-15",10.498441,9.12,571.97,42.27,120.49
"2017-12-18",10.50774,9.12,583.4,42.54,120.87
"2017-12-19",10.50774,9.11,577.2,42.64,121.33
"2017-12-20",10.498441,9.1,580.21,42.69,121.61
"2017-12-21",10.489142,9.1,583.5,42.8,121.76
"2017-12-22",10.479843,9.1,581.49,43.03,122.16
"2017-12-26",,9.11,,42.92,
"2017-12-27",10.489142,9.11,588.37,43.08,122.68
"2017-12-28",10.498441,9.12,592.77,43.5,123.22
"2017-12-29",10.503676,9.13,,43.77,123.09
"2018-01-02",10.512996,9.13,609.3,44.45,124.92
"2018-01-03",10.512996,9.14,611.62,44.79,125.75
"2018-01-04",10.512996,9.16,617.2,45.11,126.7
"2018-01-05",10.522316,9.17,620.21,45.3,127.97
"2018-01-08",10.531636,9.17,620.29,45.18,129.13
"2018-01-09",10.531636,9.16,614.06,45.08,129.88
"2018-01-10",10.522316,9.15,609.27,44.74,130.24
"2018-01-11",10.531636,9.16,615.44,44.7,131.05
"2018-01-12",10.531636,9.17,619.68,45.22,130.82
"2018-01-15",10.531636,9.17,625.23,45.27,130.89
"2018-01-16",10.540956,9.18,622.59,45.55,130.63
"2018-01-17",10.531636,9.18,630.23,45.75,129.89
"2018-01-18",10.531636,9.17,635.44,45.9,129.76
"2018-01-19",10.475716,9.16,638.27,46.19,130.59
"2018-01-22",10.522316,9.17,640.12,46.29,131.67
"2018-01-23",10.531636,9.18,633.16,46.77,132.67
"2018-01-24",10.531636,9.19,657.72,47.17,132.64
"2018-01-25",10.531636,9.19,,47.21,133.1
"2018-01-26",10.531636,9.2,673.83,47.48,133.43
"2018-01-29",10.503676,9.19,664.33,47.12,132.74
"2018-01-30",10.494356,9.18,659.03,46.48,131.18
"2018-01-31",10.485759,9.18,663.27,46.74,131.19
"2018-02-01",10.476413,9.18,668.68,46.61,130.96
"2018-02-02",10.410994,9.18,651.56,45.52,129.2
"2018-02-05",10.429685,9.13,637.36,44.17,126.92
"2018-02-06",10.439031,9.13,639.45,44.87,124.63
"2018-02-07",10.42034,9.13,633.25,43.7,124.47
"2018-02-08",10.401648,9.12,615.98,42.67,124.87
"2018-02-09",10.364266,9.08,613.55,42.86,123.12
"2018-02-12",10.336229,9.08,,43.21,124.45
"2018-02-13",10.35492,9.07,,43.64,124.9
"2018-02-14",10.35492,9.07,633.87,44.64,125.33
"2018-02-15",10.326884,9.08,640.76,45.56,125.87
"2018-02-16",10.336229,9.1,641.74,45.47,125.23
"2018-02-19",10.35492,9.1,641.86,45.18,125.57
"2018-02-20",10.345575,9.09,642.48,44.83,124.71
"2018-02-21",10.35492,9.09,643.09,45.18,125.25
"2018-02-22",10.336229,9.08,646.49,45.03,124.19
"2018-02-23",10.345575,9.08,650,45.54,125.51
"2018-02-26",10.35492,9.09,650.13,45.87,126.48
"2018-02-27",10.35492,9.09,641.73,45.26,126.08
"2018-02-28",10.34344,9.09,633.21,44.63,125.92
"2018-03-01",10.352809,9.08,634.37,44.66,126.2
"2018-03-02",10.362178,9.07,636.35,44.38,125.71
"2018-03-05",10.352809,9.07,637.36,44.34,125.39
"2018-03-06",10.334071,9.08,639.99,45.08,126.22
"2018-03-07",10.334071,9.08,634.77,44.81,125.53
"2018-03-08",10.324702,9.08,632.28,45.01,126.5
"2018-03-09",10.315333,9.08,644.7,45.51,127.08
"2018-03-12",10.315333,9.07,644.39,45.92,127.98
"2018-03-13",10.315333,9.07,643.1,45.87,128.39
"2018-03-14",10.315333,9.08,638.59,45.69,128.27
"2018-03-15",10.324702,9.07,628.64,45.38,129.02
"2018-03-16",10.324702,9.06,628.37,45.22,128.73
"2018-03-19",10.305964,9.05,624.7,44.96,128.1
"2018-03-20",10.287226,9.04,621.69,45.04,128.09
"2018-03-21",10.268488,9.04,628.51,45.27,128.07
"2018-03-22",10.287226,9.04,626.58,44.1,127.51
"2018-03-23",10.268488,9.03,622.6,43.7,126.17
"2018-03-26",10.24038,9.03,628.27,44.43,127.02
"2018-03-27",10.268488,9.03,621.71,43.6,128.13
"2018-03-28",10.296595,9.03,618.21,43.33,127.6
"2018-03-29",10.294981,9.04,627.71,43.68,128.28
"2018-03-30",,9.04,,,
"2018-04-02",,9.04,,42.97,
"2018-04-03",10.304374,9.04,628.52,43.5,129.89
"2018-04-04",10.304374,9.04,625.42,43.18,129.59
"2018-04-05",10.285587,9.04,634.46,43.57,130.27
"2018-04-06",10.285587,9.05,626.32,43.26,130.67
"2018-04-09",10.304374,9.06,618.56,42.94,131.19
"2018-04-10",10.313767,9.07,621.57,43.23,131.85
"2018-04-11",10.313767,9.08,628.41,43.25,131.52
"2018-04-12",10.304374,9.09,632.11,43.25,130.95
"2018-04-13",10.304374,9.09,623.62,42.99,130.91
"2018-04-16",10.285587,9.1,615.77,42.95,130.17
"2018-04-17",10.285587,9.1,625.81,42.93,128.91
"2018-04-18",10.276194,9.1,634.54,43.18,129.27
"2018-04-19",10.257408,9.09,629.87,43.38,129.46
"2018-04-20",10.238621,9.07,624.87,42.94,128.43
"2018-04-23",10.201048,9.05,620.65,42.6,128.41
"2018-04-24",10.201048,9.05,616.89,42.72,128.22
"2018-04-25",10.163475,9.02,609.87,42.07,127.06
"2018-04-26",10.163475,9.02,615.91,42.21,126.89
"2018-04-27",10.182262,9.03,621.38,42.55,127.57
"2018-04-30",10.183864,9.03,616.25,42.76,128.58
"2018-05-01",,9.02,,42.57,
"2018-05-02",10.174443,9.01,596.87,42.32,128.06
"2018-05-03",10.165022,9.01,586.41,41.92,127.14
"2018-05-04",10.155602,8.97,587.41,42.05,126.69
"2018-05-07",10.13676,9,581.62,42.27,126.8
"2018-05-08",10.108498,9,576.84,42.43,126.99
"2018-05-09",10.061394,8.99,580.78,42.23,126.5
"2018-05-10",,8.99,,43.01,
"2018-05-11",10.117918,9.01,585.4,43.13,126.37
"2018-05-14",10.117918,9.01,575.76,43.1,126.44
"2018-05-15",10.108498,8.99,565.3,42.36,126.04
"2018-05-16",10.089656,8.98,570.85,42.69,125.92
"2018-05-17",10.080235,8.97,556.7,42.19,124.91
"2018-05-18",10.070815,8.97,546.96,41.96,124.28
"2018-05-21",,8.97,,42.11,
"2018-05-22",10.080235,8.97,562.72,42.35,123.17
"2018-05-23",10.099077,8.97,554.23,42.29,121.91
"2018-05-24",10.099077,8.98,549.39,42.28,122.89
"2018-05-25",10.117918,8.99,545.21,42.18,123.2
"2018-05-28",10.127339,8.99,527.76,42.2,123.63
"2018-05-29",10.13676,8.99,522.21,41.4,122.45
"2018-05-30",10.127339,8.98,524.18,41.48,122.14
"2018-05-31",10.119931,8.99,,41.48,123.59
"2018-06-01",10.110482,8.98,523.34,42.01,123.6
"2018-06-04",10.091584,8.95,532.87,42.66,124.31
"2018-06-05",10.082135,8.98,517.52,42.48,124.26
"2018-06-06",10.072686,8.97,509.85,42.71,125.65
"2018-06-07",10.072686,8.97,494.45,42.48,126.65
"2018-06-08",10.082135,8.99,506.6,42.21,125.83
"2018-06-11",10.072686,8.98,511.84,42.32,126.06
"2018-06-12",10.072686,8.98,509.56,42.46,126.38
"2018-06-13",10.063237,8.98,505.8,42.29,126.37
"2018-06-14",10.072686,8.98,499.56,41.7,125.5
"2018-06-15",10.072686,8.99,490.55,41.27,124.79
"2018-06-18",10.072686,8.98,486.33,40.93,124.14
"2018-06-19",10.063237,8.98,495.06,40.29,121.58
"2018-06-20",10.053788,8.98,501.68,40.73,122.05
"2018-06-21",10.044338,8.97,489.83,40.47,121.4
"2018-06-22",10.034889,8.97,497.28,40.74,122.03
"2018-06-25",10.044338,8.97,496.58,40.19,120.25
"2018-06-26",10.034889,8.97,500.78,39.75,119.36
"2018-06-27",10.02544,8.97,487.99,39.3,117.22
"2018-06-28",10.015991,8.96,494.27,39.33,114.97
"2018-06-29",10.005874,8.95,500.73,40.19,117.14
"2018-07-02",10.005874,8.96,490.14,39.7,116.01
"2018-07-03",9.986924,8.96,503.64,39.81,114.85
"2018-07-04",9.986924,8.96,506.95,39.72,113.83
"2018-07-05",9.967973,8.96,512.56,39.73,113.79
"2018-07-06",9.967973,8.97,517.06,40.05,114.21
"2018-07-09",9.967973,8.97,,40.54,115.95
"2018-07-10",9.967973,8.98,524.95,40.69,116.36
"2018-07-11",9.958498,8.98,522.06,40.08,114.97
"2018-07-12",9.958498,8.98,526.46,40.04,115.98
"2018-07-13",9.967973,8.99,527.72,40.17,116.13
"2018-07-16",9.977449,8.99,526.75,39.86,114.97
"2018-07-17",9.967973,8.99,533.14,39.99,115.11
"2018-07-18",9.977449,9,531.63,39.84,115.11
"2018-07-19",9.986924,9.04,528.43,39.65,114.7
"2018-07-20",10.01535,9.01,546.17,40.23,115.07
"2018-07-23",10.024825,9,540.9,40.06,116.21
"2018-07-24",10.024825,9.01,554,40.47,118.71
"2018-07-25",10.043775,9.02,563.85,40.95,118.37
"2018-07-26",10.062726,9.03,558.76,40.62,118.88
"2018-07-27",10.081676,9.04,563.06,40.9,119.17
"2018-07-30",10.081676,9.04,563.66,40.74,118.72
"2018-07-31",10.095086,9.05,556.76,40.63,118.44
"2018-08-01",10.076074,9.05,558.09,40.67,118.16
"2018-08-02",10.057063,9.05,555.58,39.9,116.46
"2018-08-03",10.057063,9.06,569.38,40.27,116.75
"2018-08-06",10.076074,9.1,565.77,40.18,117.25
"2018-08-07",10.057063,9.07,564.43,40.55,118.19
"2018-08-08",10.076074,9.06,553.33,40.34,117.75
"2018-08-09",10.08558,9.06,540.48,40.31,118.07
"2018-08-10",10.104591,9.07,520.64,39.72,118.07
"2018-08-13",10.104591,9.06,519.87,39.12,115.83
"2018-08-14",10.104591,9.09,529.55,39.25,115.65
"2018-08-15",,9.07,,38.45,
"2018-08-16",10.08558,9.06,516.66,38.39,113.72
"2018-08-17",10.104591,9.07,508.72,38.58,114.16
"2018-08-20",10.104591,9.07,508.7,38.93,114.82
"2018-08-21",10.104591,9.07,503.34,39.33,116.47
"2018-08-22",10.114097,9.07,504.77,39.79,116.26
"2018-08-23",10.123603,9.07,495.78,39.44,115.87
"2018-08-24",10.123603,9.07,497.17,39.79,115.11
"2018-08-27",10.133109,9.07,510.53,40.59,116.6
"2018-08-28",10.123603,9.07,499.9,40.67,116.83
"2018-08-29",10.123603,9.06,502.26,40.73,116.58
"2018-08-30",10.114097,9.06,485.49,40.06,116.46
"2018-08-31",10.127316,9.06,492.29,40.14,115.92
"2018-09-03",10.127316,9.05,488.49,39.65,114.7
"2018-09-04",10.098708,9.04,476.09,39.34,113.58
"2018-09-05",10.079636,9.03,475.97,38.75,111.53
"2018-09-06",10.079636,9.07,482.41,38.57,110.72
"2018-09-07",10.079636,9.03,,38.66,111.01
"2018-09-10",10.070099,9.03,488.67,38.37,109.91
"2018-09-11",10.060563,9.03,476.09,38.14,109.23
"2018-09-12",10.060563,9.03,483.38,38.23,108.69
"2018-09-13",10.051027,9.04,481.31,38.6,109.33
"2018-09-14",10.070099,9.05,481.68,39.07,110.53
"2018-09-17",10.060563,9.05,489.51,38.79,108.64
"2018-09-18",10.060563,9.04,496.25,38.91,108.53
"2018-09-19",10.051027,9.04,496.01,39.42,109.22
"2018-09-20",10.051027,9.05,499.33,39.79,109.67
"2018-09-21",10.060563,9.05,507.07,40.26,109.63
"2018-09-24",10.060563,9.09,501.61,39.9,107.68
"2018-09-25",10.060563,9.05,498.55,39.97,107.38
"2018-09-26",10.060563,9.05,504.66,40.04,107.55
"2018-09-27",10.089172,9.06,515.79,40.19,106.92
"2018-09-28",10.108146,9.07,513.55,40.13,106.14
"2018-10-01",10.098582,9.04,507.48,40.11,106.54
"2018-10-02",10.098582,9.05,523.47,39.5,105.41
"2018-10-03",10.089019,9.07,538.91,39.57,104.85
"2018-10-04",10.050767,9.04,528.17,38.69,102.83
"2018-10-05",10.031641,9,528.14,38.47,101
"2018-10-08",10.031641,9.03,554.32,38.16,99.37
"2018-10-09",10.022078,9.02,556.34,38.18,98.95
"2018-10-10",10.022078,9.01,543.24,37.31,99.13
"2018-10-11",9.983826,9.01,537.75,36.59,95.19
"2018-10-12",9.993389,9.01,,37.24,97.08
"2018-10-15",10.031641,9.05,544.48,36.78,96.42
"2018-10-16",10.022078,9.05,560.05,37.41,97.29
"2018-10-17",10.022078,9.02,559.86,37.31,96.95
"2018-10-18",10.002952,9.01,547.89,36.53,96.2
"2018-10-19",9.993389,9.03,549.17,36.72,96
"2018-10-22",9.993389,9,553.09,37.18,96.43
"2018-10-23",9.993389,9,547.75,36.43,94.71
"2018-10-24",9.983826,8.99,537.17,35.5,94.76
"2018-10-25",9.983826,9.02,544.48,36.05,94.48
"2018-10-26",9.983826,8.99,549.65,35.47,94.3
"2018-10-29",9.983826,8.98,535.71,35.1,93.62
"2018-10-30",9.955137,8.97,542.65,35.41,94.19
"2018-10-31",9.933352,8.96,546.51,36.03,95.73
"2018-11-01",,8.95,,36.91,
"2018-11-02",9.933352,8.92,,37.49,101.68
"2018-11-05",9.923754,8.92,572.22,37.34,100.42
"2018-11-06",9.923754,8.92,562.83,37.42,100.4
"2018-11-07",9.923754,8.96,559.94,37.92,100.77
"2018-11-08",9.923754,8.96,543.86,37.13,101.21
"2018-11-09",9.923754,8.98,542.84,36.7,100.22
"2018-11-12",9.933352,8.96,537.57,36.35,99.39
"2018-11-13",9.933352,8.94,527.73,36.29,100.05
"2018-11-14",9.933352,8.92,536.11,36.6,99.8
"2018-11-15",9.942949,8.9,,37.16,100.52
"2018-11-16",9.933352,8.89,554.29,37.28,100.83
"2018-11-19",9.933352,8.88,550.04,37.1,102.01
"2018-11-20",9.933352,8.89,,36.41,100.81
"2018-11-21",9.914157,8.86,539.48,36.71,101.5
"2018-11-22",9.914157,8.87,538.09,36.78,101.2
"2018-11-23",9.923754,8.9,531.91,36.57,100.38
"2018-11-26",9.914157,8.87,516.86,36.77,101.24
"2018-11-27",9.914157,8.86,525.77,36.93,101.46
"2018-11-28",9.914157,8.85,536.42,37.6,101.78
"2018-11-29",9.923754,8.85,544.9,37.7,102.86
"2018-11-30",9.936297,8.85,539.24,37.47,103.39
"2018-12-03",9.945925,8.87,546.36,38.27,105.33
"2018-12-04",9.965181,8.87,538.34,37.64,105.65
"2018-12-05",9.97481,8.86,536.04,37.6,104.88
"2018-12-06",9.984438,8.85,531.94,36.82,102.48
"2018-12-07",9.97481,8.85,532.44,36.68,103.1
"2018-12-10",10.032579,8.86,513.42,36.24,101.07
"2018-12-11",9.984438,8.86,517.39,36.45,101.43
"2018-12-12",9.984438,8.86,527.49,36.85,102.81
"2018-12-13",10.003694,8.87,527.03,36.92,104.75
"2018-12-14",10.013322,8.88,523.38,36.39,104.2
"2018-12-17",10.013322,8.88,515.15,36.28,103.83
"2018-12-18",10.032579,8.88,519.11,36.14,103.97
"2018-12-19",10.042207,8.84,519.55,35.89,104.34
"2018-12-20",10.051835,8.86,522.56,35.97,104.04
"2018-12-21",10.042207,8.84,519.65,35.71,102.78
"2018-12-24",,8.84,,35.69,
"2018-12-26",,8.84,,36.08,
"2018-12-27",10.061463,8.83,521.09,35.74,100.68
"2018-12-28",10.061463,8.83,532.8,36.08,101.32
"2018-12-31",10.067075,8.87,,36.29,102.05
"2019-01-02",10.076736,8.82,553.87,35.98,100.85
"2019-01-03",10.086397,8.87,557.68,35.68,100.27
"2019-01-04",10.096058,8.86,567.25,36.68,101.25
"2019-01-07",10.10572,8.88,567.9,36.68,102.06
"2019-01-08",10.096058,8.9,572.39,36.72,101.96
"2019-01-09",10.115381,8.92,584.85,37.55,102.66
"2019-01-10",10.125042,8.93,586.07,37.66,102.94
"2019-01-11",10.125042,8.94,582.68,37.85,103.09
"2019-01-14",10.144365,8.93,585.48,37.54,101.99
"2019-01-15",10.144365,8.93,584.58,37.95,103.67
"2019-01-16",10.144365,8.91,585.59,38.27,103.79
"2019-01-17",10.154026,8.95,586.76,38.36,103.38
"2019-01-18",10.144365,8.96,591.87,38.59,103.98
"2019-01-21",10.144365,8.97,588.19,38.66,103.99
"2019-01-22",10.163688,8.98,581.75,38.2,103.53
"2019-01-23",10.173349,8.98,586.84,38.41,103.64
"2019-01-24",10.202333,8.99,594.63,38.68,104.79
"2019-01-25",10.221655,9,,39.27,105.29
"2019-01-28",10.231317,9,586.6,39.17,104.71
"2019-01-29",10.231317,9.01,591.85,39.28,104.81
"2019-01-30",10.279623,9.02,597.91,39.73,105.4
"2019-01-31",10.285053,9.05,610.83,40.07,106.44
"2019-02-01",10.304441,9.02,609.89,39.98,106.97
"2019-02-04",10.285053,9.07,611.92,40.02,106.63
"2019-02-05",10.285053,9.09,611.14,40.33,106.74
"2019-02-06",10.294747,9.1,592.66,40.15,107.06
"2019-02-07",10.304441,9.09,586.77,39.84,107.15
"2019-02-08",10.304441,9.09,588.55,39.51,106.69
"2019-02-11",10.304441,9.09,579.01,39.45,106.57
"2019-02-12",10.304441,9.09,590.93,39.81,106.1
"2019-02-13",10.314134,9.09,583.78,39.62,107.14
"2019-02-14",10.285053,9.1,592.47,39.82,107.65
"2019-02-15",10.314134,9.1,596.09,39.43,106.42
"2019-02-18",10.323828,9.11,592.45,39.66,107
"2019-02-19",10.343215,9.11,598.44,39.64,107.12
"2019-02-20",10.352909,9.12,594.06,39.98,108.25
"2019-02-21",10.343215,9.11,592.35,40.03,108.85
"2019-02-22",10.343215,9.12,599.44,40.39,109.09
"2019-02-25",10.352909,9.1,597.09,40.7,110.82
"2019-02-26",10.362603,9.14,595.22,40.64,109.67
"2019-02-27",10.362603,9.14,593.33,40.43,108.84
"2019-02-28",10.364725,9.14,582.83,40.04,108.61
"2019-03-01",10.355002,9.13,575.09,40.09,110.92
"2019-03-04",10.355002,9.16,,40.24,111.32
"2019-03-05",10.364725,9.16,,40.3,112.31
"2019-03-06",10.374448,9.16,568.14,40.37,112.97
"2019-03-07",10.393894,9.17,560.41,39.92,112.28
"2019-03-08",10.384171,9.16,564.39,39.44,110.92
"2019-03-11",10.393894,9.17,578.42,39.87,112.02
"2019-03-12",10.41334,9.19,580.94,40.2,113.39
"2019-03-13",10.423063,9.2,583.99,40.24,114.96
"2019-03-14",10.442509,9.2,580.72,40.06,114.38
"2019-03-15",10.452232,9.21,587.15,40.43,115.03
"2019-03-18",10.481401,9.22,593.93,40.79,116.51
"2019-03-19",10.491124,9.23,596.1,40.84,116.12
"2019-03-20",10.491124,9.23,592.22,40.9,116.12
"2019-03-21",10.530016,9.25,583.46,40.88,115.83
"2019-03-22",10.559185,9.27,557.65,40.46,116.63
"2019-03-25",10.530016,9.28,562.85,40.21,114.89
"2019-03-26",10.588354,9.28,567,40.36,116.13
"2019-03-27",10.6078,9.29,545.38,40.21,117.74
"2019-03-28",10.617523,9.3,553.33,40.43,117.68
"2019-03-29",10.604075,9.31,563.86,40.79,118.25
"2019-04-01",10.604075,9.33,571.26,41.18,119.08
"2019-04-02",10.59432,9.31,567.85,41.3,119.4
"2019-04-03",10.584565,9.33,566.66,41.52,119.9
"2019-04-04",10.584565,9.32,573.86,41.7,119.25
"2019-04-05",10.584565,9.33,580.53,41.83,119.4
"2019-04-08",10.574809,9.33,584.43,41.96,119.01
"2019-04-09",10.584565,9.36,580.55,42.15,120.15
"2019-04-10",10.623586,9.35,582.02,42.4,119.73
"2019-04-11",10.59432,9.36,575.05,42,118.6
"2019-04-12",10.584565,9.36,564.77,42.21,119
"2019-04-15",10.584565,9.37,563.53,42.12,119.22
"2019-04-16",10.584565,9.37,567.38,42.39,119.33
"2019-04-17",10.584565,9.38,562.97,42.59,119.24
"2019-04-18",10.59432,9.38,565.97,42.42,118.6
"2019-04-19",,9.38,,,
"2019-04-22",,9.38,,42.26,
"2019-04-23",10.59432,9.39,569.37,42.46,116.6
"2019-04-24",10.613831,9.41,561.47,42.17,117.31
"2019-04-25",10.613831,9.41,566.86,41.83,116.45
"2019-04-26",10.613831,9.43,569.59,41.83,116.07
"2019-04-29",10.623586,9.42,568.79,42.03,115.91
"2019-04-30",10.623811,9.43,567.35,41.93,114.46
"2019-05-01",,9.44,,41.89,
"2019-05-02",10.584645,9.43,559.95,41.7,114.82
"2019-05-03",10.623811,9.43,565.78,41.86,115.4
"2019-05-06",10.623811,9.42,559.2,41.16,112.51
"2019-05-07",10.633603,9.44,551.31,40.8,112.42
"2019-05-08",10.633603,9.46,558.31,40.61,110.46
"2019-05-09",,9.45,,39.77,
"2019-05-10",10.623811,9.42,549.37,40.04,110.09
"2019-05-13",10.633603,9.42,534.17,39.07,108.59
"2019-05-14",10.623811,9.41,537.68,39.19,107.12
"2019-05-15",10.633603,9.42,533.37,39.29,107.71
"2019-05-16",10.633603,9.45,525.68,39.18,107.83
"2019-05-17",10.643394,9.45,519.86,38.72,106.45
"2019-05-20",10.643394,9.43,524.92,38.54,108.56
"2019-05-21",10.633603,9.42,537.15,38.77,108.32
"2019-05-22",10.633603,9.43,539.01,38.85,108.91
"2019-05-23",10.653186,9.43,535.35,38.28,108.12
"2019-05-24",10.653186,9.43,534.01,38.48,108.94
"2019-05-27",10.662977,9.43,537.78,38.47,109.49
"2019-05-28",10.711935,9.44,540.08,38.34,110.18
"2019-05-29",10.68256,9.44,547.16,38.42,110.28
"2019-05-30",,9.45,,38.68,
"2019-05-31",10.709747,9.48,553.25,38.8,110.15
"2019-06-03",10.729398,9.49,555.21,39.23,110.21
"2019-06-04",10.729398,9.46,562.18,39.04,109.52
"2019-06-05",10.739224,9.5,555.97,38.99,109.97
"2019-06-06",10.749049,9.49,558.47,39.02,108.52
"2019-06-07",10.749049,9.5,564.59,39.25,108.69
"2019-06-10",,9.5,,39.8,
"2019-06-11",10.778525,9.5,574.25,40.27,110.48
"2019-06-12",10.739224,9.51,573.67,39.92,109.64
"2019-06-13",10.758875,9.52,574.72,39.8,109
"2019-06-14",10.7687,9.52,566.54,39.5,108.12
"2019-06-17",10.7687,9.53,563.15,39.38,106.98
"2019-06-18",10.827653,9.55,575.4,39.97,107.24
"2019-06-19",10.788351,9.55,578.43,40.51,108.24
"2019-06-20",10.827653,9.61,,41.15,110.48
"2019-06-21",10.827653,9.6,590.96,41.06,110.51
"2019-06-24",10.837478,9.62,591.66,41.13,110.58
"2019-06-25",10.837478,9.64,583.29,40.76,110.31
"2019-06-26",10.837478,9.61,583.74,40.83,110.62
"2019-06-27",10.837478,9.61,581.42,41.17,111.3
"2019-06-28",10.848586,9.63,585.05,41.23,110.9
"2019-07-01",10.85844,9.64,588.73,41.62,111.82
"2019-07-02",10.868293,9.65,582.24,41.76,111.99
"2019-07-03",10.888,9.68,588.24,41.63,111.76
"2019-07-04",10.897853,9.68,594.85,41.79,112.55
"2019-07-05",10.897853,9.66,598.12,41.68,111.58
"2019-07-08",10.897853,9.66,603.27,41.22,109.49
"2019-07-09",10.878146,9.65,,41.11,109.27
"2019-07-10",10.868293,9.65,608.64,41.57,109.51
"2019-07-11",10.888,9.64,609.71,41.67,110.11
"2019-07-12",10.878146,9.64,606.89,41.55,110.36
"2019-07-15",10.888,9.65,604.95,41.6,110.33
"2019-07-16",10.897853,9.64,602.92,41.82,111.01
"2019-07-17",10.897853,9.66,602.9,41.63,110.34
"2019-07-18",10.897853,9.65,605.02,41.65,109.59
"2019-07-19",10.907707,9.64,599.48,41.66,109.9
"2019-07-22",10.907707,9.67,599.16,41.66,109.13
"2019-07-23",10.907707,9.68,594.17,41.74,109.87
"2019-07-24",10.907707,9.7,596.26,41.79,109.65
"2019-07-25",10.927413,9.7,587.54,41.81,109.55
"2019-07-26",10.91756,9.71,589.11,41.72,109.74
"2019-07-29",10.91756,9.73,592.17,41.62,109.39
"2019-07-30",10.91756,9.72,588.44,41.45,108.55
"2019-07-31",10.923976,9.73,584.84,40.97,108.4
"2019-08-01",10.91409,9.73,576.43,40.48,107.06
"2019-08-02",10.933862,9.75,570.63,39.67,105.19
"2019-08-05",10.943748,9.77,550.42,38.42,102.09
"2019-08-06",10.933862,9.75,558.35,38.68,102.74
"2019-08-07",10.96352,9.77,562.31,38.5,102.94
"2019-08-08",10.993177,9.75,573.83,39.17,104.39
"2019-08-09",10.96352,9.78,574.47,38.98,104.21
"2019-08-12",10.973406,9.78,550.01,38.67,104.35
"2019-08-13",10.983291,9.79,558.69,38.93,101.82
"2019-08-14",10.993177,9.78,537.96,37.8,102.61
"2019-08-15",,9.77,,38.1,
"2019-08-16",11.003063,9.77,542.11,38.49,103.81
"2019-08-19",11.003063,9.77,535.35,38.6,104.59
"2019-08-20",11.022835,9.81,536.72,38.81,104.46
"2019-08-21",11.022835,9.8,544.91,38.91,104.57
"2019-08-22",11.022835,9.8,537.92,38.62,102.29
"2019-08-23",11.022835,9.82,523.47,38.17,103.09
"2019-08-26",11.042607,9.81,513.65,38,102.52
"2019-08-27",11.052493,9.84,515.4,38.09,103.67
"2019-08-28",11.072265,9.84,519.9,38.17,103.08
"2019-08-29",11.062379,9.83,529.95,38.48,102.9
"2019-08-30",11.054485,9.84,539.56,38.96,103.84
"2019-09-02",11.0644,9.84,535.72,38.99,103.84
"2019-09-03",11.074314,9.85,528.9,38.67,102.31
"2019-09-04",11.074314,9.83,541.17,39.42,103.83
"2019-09-05",11.074314,9.81,548.65,39.9,104.74
"2019-09-06",11.044571,9.85,553.48,40.2,105.19
"2019-09-09",11.054485,9.81,550.83,40.25,105.49
"2019-09-10",11.044571,9.79,548.9,40.18,105.6
"2019-09-11",11.014828,9.79,557.72,40.62,106.96
"2019-09-12",11.014828,9.79,561.31,40.88,107.74
"2019-09-13",11.004914,9.77,557.58,41.1,108.71
"2019-09-16",10.985085,9.79,557.15,40.9,107.71
"2019-09-17",10.994999,9.79,561.51,40.7,105.91
"2019-09-18",11.014828,9.8,559.26,40.76,106.68
"2019-09-19",11.014828,9.8,555.03,40.5,106.01
"2019-09-20",11.014828,9.81,554.82,40.6,108.64
"2019-09-23",11.044571,9.83,552.53,40.5,109.47
"2019-09-24",11.044571,9.83,548.14,40.37,108.33
"2019-09-25",11.044571,9.8,550.19,40.14,106.86
"2019-09-26",11.024742,9.81,554.04,40.3,107.23
"2019-09-27",11.014828,9.81,554.44,40.04,107.34
"2019-09-30",11.017208,9.82,551.15,40,106.23
"2019-10-01",11.007265,9.84,547.55,39.9,105.15
"2019-10-02",11.037095,9.82,536.9,39.46,104.9
"2019-10-03",11.047038,9.82,545.54,39.6,105.75
"2019-10-04",11.066925,9.83,557.14,39.65,105.72
"2019-10-07",11.076868,9.83,547.15,39.56,105.8
"2019-10-08",11.076868,9.83,542.54,39.54,106.47
"2019-10-09",11.056981,9.81,546.59,39.66,106.76
"2019-10-10",11.056981,9.79,549.83,39.79,106.72
"2019-10-11",11.027151,9.8,560.47,40.57,107.39
"2019-10-14",11.017208,9.8,560.41,40.57,107.83
"2019-10-15",11.037095,9.8,558.99,40.7,108.56
"2019-10-16",11.027151,9.8,561.56,40.95,109.45
"2019-10-17",11.056981,9.82,562.81,41.14,110.69
"2019-10-18",11.027151,9.82,563.65,40.93,110.67
"2019-10-21",11.027151,9.81,564.88,41.04,110.53
"2019-10-22",11.037095,9.83,574.69,41.36,110.28
"2019-10-23",11.056981,9.84,577.72,41.27,110.31
"2019-10-24",11.056981,9.85,581.77,41.35,110.11
"2019-10-25",11.047038,9.86,581.15,41.46,110.28
"2019-10-28",11.037095,9.83,588.25,41.71,111
"2019-10-29",11.047038,9.84,584.08,41.65,112.39
"2019-10-30",11.047038,9.84,584.33,41.61,112.14
"2019-10-31",11.059548,9.86,579.84,41.59,112.62
"2019-11-01",,9.86,,42.02,
"2019-11-04",11.069521,9.86,588.12,42.68,113.37
"2019-11-05",11.059548,9.85,586.07,43.03,113.75
"2019-11-06",11.049575,9.87,579.82,43.07,113.51
"2019-11-07",11.049575,9.83,582.27,43.22,113.17
"2019-11-08",11.02963,9.84,569.85,42.79,112.73
"2019-11-11",11.02963,9.83,571.8,42.28,111.74
"2019-11-12",11.02963,9.84,560.93,42.34,112.39
"2019-11-13",11.02963,9.84,555.39,41.83,110.85
"2019-11-14",11.039603,9.85,557.25,41.98,111.01
"2019-11-15",11.049575,9.85,,42.29,110.8
"2019-11-18",11.049575,9.85,559.37,42.5,110.6
"2019-11-19",11.059548,9.85,556.19,42.68,111.73
"2019-11-20",11.079493,9.84,,42.36,111.27
"2019-11-21",11.079493,9.83,561.99,42.15,110.1
"2019-11-22",11.069521,9.84,568.06,42.21,110.15
"2019-11-25",11.059548,9.85,563.15,42.43,110.73
"2019-11-26",11.079493,9.87,550.74,42.29,110.86
"2019-11-27",11.079493,9.87,553.59,42.52,111.43
"2019-11-28",11.079493,9.88,554.99,42.52,110.98
"2019-11-29",11.08,9.88,557.06,42.06,110.17
"2019-12-02",11.07,9.86,558.55,42.06,110.01
"2019-12-03",11.06,9.89,559.03,41.89,109.54
"2019-12-04",11.07,9.88,566.24,42,109.45
"2019-12-05",11.07,9.89,568.91,42.26,109.77
"2019-12-06",11.06,9.89,574.78,42.67,109.36
"2019-12-09",11.05,9.9,576.68,42.62,109.71
"2019-12-10",11.05,9.9,577.23,42.56,108.99
"2019-12-11",11.04,9.92,583.81,42.93,108.8
"2019-12-12",11.06,9.91,591.64,43.72,109.34
"2019-12-13",11.05,9.95,595.3,44.29,110.15
"2019-12-16",11.07,9.96,598.24,44.48,109.75
"2019-12-17",11.09,9.97,600.66,44.9,110.16
"2019-12-18",11.1,9.98,608.76,45.08,110.03
"2019-12-19",11.09,9.98,609.68,45,110.39
"2019-12-20",11.1,9.99,607.38,45.04,111.18
"2019-12-23",11.1,9.99,612.36,45.12,111.22
"2019-12-24",,9.99,,45.04,
"2019-12-26",,10,,,
