"","LU0093503810","IE00B11XZ988","LU1003076939","LU0006061385","LU0294219869"
"1",15.38,24.11,8.83,25.18,20.7
"2",15.38,24.11,8.83,25.18,20.7
"3",15.39,24.1,8.83,25.2,20.73
"4",15.4,24.13,8.83,25.22,20.68
"5",15.41,24.16,8.83,25.26,20.71
"6",15.41,24.06,8.85,25.27,20.68
"7",15.42,24.08,8.85,25.26,20.69
"8",15.41,24.24,8.83,25.27,20.76
"9",15.42,24.29,8.84,25.3,20.74
"10",15.42,24.22,8.84,25.33,20.8
"11",15.42,24.19,8.85,25.33,20.74
"12",15.42,24.22,8.85,25.35,20.71
"13",15.43,24.24,8.85,25.37,20.72
"14",15.44,24.23,8.85,25.41,20.72
"15",15.44,24.22,8.87,25.4,20.66
"16",15.44,24.16,8.87,25.4,20.64
"17",15.43,24.27,8.85,25.41,20.45
"18",15.43,24.29,8.84,25.43,20.33
"19",15.43,24.25,8.84,25.42,20.33
"20",15.43,24.3,8.83,25.43,20.43
"21",15.43,24.36,8.83,25.44,20.3
"22",15.43,24.34,8.84,25.46,20.29
"23",15.44,24.36,8.82,25.48,20.23
"24",15.44,24.45,8.83,25.51,20.1
"25",15.44,24.42,8.82,25.51,20.31
"26",15.45,24.41,8.82,25.53,20.35
"27",15.44,24.4,8.82,25.5,20.39
"28",15.45,24.49,8.83,25.52,20.42
"29",15.45,24.49,8.84,25.54,20.38
"30",15.46,24.43,8.84,25.53,20.46
"31",15.46,24.38,8.85,25.52,20.5
"32",15.46,24.44,8.84,25.53,20.45
"33",15.47,24.41,8.85,25.56,20.51
"34",15.47,24.44,8.86,25.58,20.57
"35",15.48,24.47,8.86,25.59,20.51
"36",15.48,24.44,8.86,25.6,20.42
"37",15.47,24.4,8.87,25.58,20.42
"38",15.48,24.43,8.87,25.58,20.5
"39",15.48,24.42,8.88,25.59,20.57
"40",15.49,24.47,8.87,25.62,20.55
"41",15.49,24.5,8.88,25.65,20.55
"42",15.5,24.53,8.89,25.69,20.56
"43",15.49,24.51,8.91,25.68,20.58
"44",15.49,24.55,8.89,25.72,20.41
"45",15.5,24.5,8.91,25.72,20.57
"46",15.51,24.5,8.92,25.72,20.62
"47",15.51,24.49,8.93,25.69,20.7
"48",15.51,24.41,8.94,25.68,20.64
"49",15.51,24.42,8.93,25.69,20.58
"50",15.52,24.42,8.94,25.67,20.54
"51",15.52,24.44,8.91,25.7,20.49
"52",15.51,24.5,8.91,25.7,20.45
"53",15.52,24.5,8.89,25.73,20.43
"54",15.51,24.46,8.9,25.73,20.51
"55",15.52,24.5,8.89,25.72,20.51
"56",15.52,24.32,8.91,25.73,20.54
"57",15.51,24.28,8.94,25.68,20.52
"58",15.52,24.28,8.94,25.69,20.5
"59",15.52,24.26,8.95,25.71,20.53
"60",15.52,24.28,8.94,25.73,20.6
"61",15.53,24.33,8.94,25.75,20.63
"62",15.54,24.32,8.94,25.77,20.76
"63",15.54,24.29,8.96,25.79,20.84
"64",15.54,24.31,8.96,25.77,20.91
"65",15.55,24.31,8.96,25.79,20.97
"66",15.55,24.27,8.97,25.76,20.96
"67",15.55,24.28,8.97,25.75,20.93
"68",15.57,24.38,8.96,25.8,20.99
"69",15.58,24.42,8.96,25.84,20.97
"70",15.58,24.42,8.96,25.82,20.96
"71",15.58,24.47,8.97,25.83,21.04
"72",15.58,24.53,8.96,25.86,20.96
"73",15.58,24.53,8.95,25.89,20.94
"74",15.58,24.49,8.95,25.88,20.92
"75",15.58,24.47,8.96,25.86,20.87
"76",15.59,24.46,8.97,25.91,20.89
"77",15.59,24.41,8.97,25.91,20.94
"78",15.59,24.41,8.98,25.895,20.945
"79",15.59,24.41,8.985,25.8875,20.95
"80",15.59,24.39,8.99,25.88,20.9
"81",15.59,24.44,8.99,25.9,20.87
"82",15.59,24.43,8.99,25.91,20.85
"83",15.58,24.44,8.99,25.93,20.79
"84",15.58,24.45,8.99,25.92,20.86
"85",15.59,24.44,9,25.9,20.94
"86",15.59,24.5,8.99,25.92,20.9
"87",15.595,24.53,9,25.94,20.91
"88",15.6,24.49,9.01,25.96,20.91
"89",15.6,24.5,9.01,25.99,20.91
"90",15.6,24.5,9.01,26,20.92
"91",15.6,24.55,9.01,26,21.03
"92",15.61,24.61,9.01,26.02,21.11
"93",15.61,24.61,9.01,26.02,21.14
"94",15.61,24.58,9.02,26.01,21.13
"95",15.61,24.62,9.01,26.02,21.21
"96",15.62,24.68,9,26.07,21.19
"97",15.62,24.71,9,26.09,21.14
"98",15.61,24.69,9.01,26.08,21.19
"99",15.61,24.71,9.01,26.07,21.23
"100",15.6,24.75,9.01,26.04,21.17
"101",15.6,24.75,9.02,26.04,21.21
"102",15.6,24.75,9.01,26.04,21.29
"103",15.61,24.77,9.01,26.05,21.31
"104",15.62,24.77,9.02,26.09,21.31
"105",15.62,24.77,9.02,26.09,21.3
"106",15.63,24.84,9.02,26.13,21.33
"107",15.625,24.83,9.025,26.13,21.38
"108",15.62,24.82,9.03,26.13,21.34
"109",15.63,24.76,9.04,26.13,21.33
"110",15.63,24.71,9.03,26.1,21.31
"111",15.63,24.71,9.02,26.08,21.33
"112",15.64,24.75,9.02,26.08,21.37
"113",15.67,24.74,9.04,26.17,21.51
"114",15.675,24.72,9.055,26.175,21.55
"115",15.68,24.69,9.07,26.18,21.52
"116",15.68,24.69,9.05,26.15,21.5
"117",15.68,24.73,9.05,26.15,21.46
"118",15.68,24.68,9.07,26.16,21.48
"119",15.68,24.67,9.07,26.19,21.39
"120",15.68,24.62,9.07,26.15,21.36
"121",15.67,24.66,9.06,26.14,21.38
"122",15.67,24.72,9.06,26.18,21.39
"123",15.67,24.73,9.07,26.15,21.36
"124",15.675,24.72,9.07,26.175,21.39
"125",15.68,24.75,9.07,26.2,21.41
"126",15.68,24.79,9.07,26.23,21.41
"127",15.68,24.84,9.07,26.26,21.42
"128",15.68,24.85,9.07,26.26,21.41
"129",15.68,24.86,9.06,26.25,21.41
"130",15.68,24.82,9.08,26.26,21.44
"131",15.68,24.76,9.09,26.23,21.46
"132",15.69,24.73,9.1,26.21,21.51
"133",15.69,24.725,9.09,26.23,21.51
"134",15.69,24.72,9.08,26.23,21.5
"135",15.69,24.76,9.07,26.25,21.52
"136",15.68,24.79,9.07,26.26,21.53
"137",15.67,24.84,9.06,26.27,21.49
"138",15.67,24.85,9.06,26.26,21.46
"139",15.67,24.81,9.07,26.26,21.49
"140",15.67,24.77,9.07,26.28,21.47
"141",15.68,24.75,9.08,26.3,21.48
"142",15.68,24.8,9.08,26.32,21.38
"143",15.68,24.78,9.08,26.34,21.42
"144",15.69,24.75,9.08,26.35,21.46
"145",15.69,24.78,9.09,26.34,21.52
"146",15.69,24.8,9.09,26.36,21.57
"147",15.69,24.74,9.1,26.35,21.54
"148",15.7,24.77,9.1,26.37,21.55
"149",15.7,24.74,9.1,26.39,21.54
"150",15.7,24.76,9.1,26.4,21.52
"151",15.7,24.68,9.1,26.39,21.51
"152",15.7,24.68,9.09,26.34,21.4
"153",15.7,24.75,9.07,26.34,21.3
"154",15.7,24.77,9.07,26.37,21.33
"155",15.7,24.76,9.07,26.35,21.3
"156",15.69,24.75,9.06,26.36,21.21
"157",15.68,24.81,9.06,26.37,21.14
"158",15.68,24.79,9.05,26.41,21.16
"159",15.68,24.8,9.06,26.39,21.28
"160",15.69,24.8,9.06,26.39,21.31
"161",15.68,24.85,9.05,26.39,21.35
"162",15.69,24.87,9.05,26.44,21.45
"163",15.695,24.91,9.06,26.46,21.46
"164",15.7,24.88,9.07,26.48,21.54
"165",15.7,24.86,9.07,26.48,21.58
"166",15.71,24.82,9.08,26.48,21.56
"167",15.71,24.84,9.07,26.47,21.56
"168",15.71,24.82,9.08,26.49,21.59
"169",15.73,24.82,9.09,26.54,21.59
"170",15.73,24.83,9.09,26.57,21.65
"171",15.73,24.85,9.08,26.6,21.67
"172",15.72,24.87,9.09,26.62,21.59
"173",15.72,24.87,9.09,26.61,21.64
"174",15.73,24.84,9.09,26.6,21.65
"175",15.73,24.81,9.09,26.54,21.61
"176",15.73,24.82,9.09,26.51,21.64
"177",15.75,24.81,9.08,26.52,21.75
"178",15.77,24.82,9.08,26.53,21.78
"179",15.77,24.78,9.08,26.54,21.8
"180",15.77,24.72,9.1,26.48,21.63
"181",15.77,24.67,9.09,26.44,21.68
"182",15.77,24.69,9.08,26.44,21.66
"183",15.77,24.62,9.09,26.4,21.6
"184",15.77,24.64,9.07,26.41,21.54
"185",15.76,24.65,9.07,26.39,21.59
"186",15.77,24.61,9.07,26.42,21.65
"187",15.77,24.57,9.08,26.39,21.61
"188",15.77,24.61,9.08,26.42,21.66
"189",15.77,24.63,9.08,26.48,21.6
"190",15.77,24.67,9.07,26.5,21.58
"191",15.77,24.63,9.07,26.52,21.67
"192",15.77,24.68,9.07,26.54,21.54
"193",15.77,24.6,9.08,26.54,21.55
"194",15.77,24.6,9.07,26.55,21.43
"195",15.77,24.59,9.07,26.55,21.49
"196",15.77,24.7,9.06,26.59,21.44
"197",15.77,24.66,9.06,26.59,21.45
"198",15.77,24.68,9.08,26.57,21.51
"199",15.77,24.7,9.08,26.59,21.49
"200",15.77,24.74,9.06,26.61,21.44
"201",15.76,24.76,9.05,26.65,21.46
"202",15.77,24.77,9.05,26.68,21.52
"203",15.76,24.79,9.04,26.66,21.41
"204",15.76,24.84,9.03,26.67,21.44
"205",15.76,24.83,9.03,26.7,21.38
"206",15.74,24.83,9.01,26.78,21.22
"207",15.7,24.78,9.02,26.72,21.18
"208",15.72,24.78,9.02,26.66,21.31
"209",15.72,24.78,9.02,26.66,21.28
"210",15.73,24.78,9.03,26.65,21.32
"211",15.74,24.78,9.04,26.65,21.35
"212",15.73,24.76,9.04,26.63,21.37
"213",15.74,24.77,9.04,26.65,21.41
"214",15.74,24.77,9.04,26.65,21.35
"215",15.74,24.76,9.04,26.65,21.45
"216",15.74,24.72,9.04,26.64,21.49
"217",15.74,24.75,9.04,26.66,21.54
"218",15.74,24.77,9.07,26.68,21.61
"219",15.75,24.77,9.08,26.68,21.55
"220",15.75,24.75,9.08,26.73,21.52
"221",15.75,24.76,9.09,26.7,21.51
"222",15.75,24.75,9.09,26.7,21.51
"223",15.75,24.81,9.08,26.68,21.5
"224",15.75,24.78,9.08,26.72,21.54
"225",15.76,24.79,9.09,26.7,21.51
"226",15.76,24.77,9.07,26.7,21.53
"227",15.75,24.79,9.08,26.7,21.47
"228",15.75,24.81,9.09,26.71,21.46
"229",15.75,24.79,9.08,26.72,21.48
"230",15.75,24.8,9.07,26.71,21.5
"231",15.75,24.78,9.08,26.7,21.47
"232",15.74,24.8,9.07,26.74,21.49
"233",15.75,24.85,9.08,26.76,21.64
"234",15.76,24.88,9.09,26.78,21.59
"235",15.76,24.91,9.1,26.82,21.59
"236",15.75,24.91,9.11,26.86,21.58
"237",15.75,24.93,9.1,26.9,21.58
"238",15.74,24.95,9.11,26.92,21.46
"239",15.74,24.94,9.11,26.95,21.38
"240",15.74,24.88,9.11,26.88,21.39
"241",15.75,24.89,9.11,26.88,21.43
"242",15.74,24.9,9.11,26.88,21.36
"243",15.75,24.89,9.13,26.88,21.35
"244",15.75,24.89,9.13,26.89,21.3
"245",15.74,24.88,9.11,26.94,21.26
"246",15.73,24.89,9.12,26.95,21.07
"247",15.72,24.89,9.11,26.96,21.04
"248",15.72,24.9,9.11,26.99,20.94
"249",15.72,24.86,9.11,27,20.81
"250",15.71,24.87,9.09,27.03,20.69
"251",15.71,24.82,9.09,27.03,20.86
"252",15.73,24.81,9.11,27.01,21
"253",15.73,24.86,9.11,27.01,21.05
"254",15.74,24.88,9.13,27.04,21.05
"255",15.74,24.77,9.14,27.05,21.01
"256",15.74,24.77,9.135,27.06,20.98
"257",15.74,24.79,9.1325,27.065,20.985
"258",15.74,24.8,9.13125,27.0675,20.99
"259",15.74,24.81,9.13,27.07,21.01
"260",15.74,24.82,9.13,27.12,21.01
"261",15.74,24.86,9.13,27.13,21.05
"262",15.745,24.915,9.135,27.15,21.005
"263",15.75,24.97,9.14,27.17,20.96
"264",15.75,25.03,9.14,27.22,20.85
"265",15.74,25.06,9.14,27.32,20.8
"266",15.74,25.08,9.15,27.29,20.88
"267",15.73,25.04,9.15,27.3,21.07
"268",15.74,25.05,9.15,27.27,21.06
"269",15.74,25.1,9.14,27.34,20.99
"270",15.74,25.1,9.15,27.38,21.01
"271",15.74,25.17,9.14,27.44,21.01
"272",15.74,25.24,9.1,27.37,21.03
"273",15.76,25.23,9.08,27.4,21.18
"274",15.77,25.245,9.09,27.42,21.09
"275",15.77,25.26,9.12,27.43,21.1
"276",15.77,25.2,9.11,27.4,21.05
"277",15.77,25.22,9.1,27.33,21.31
"278",15.82,25.35,9.13,27.44,21.43
"279",15.81,25.35,9.15,27.48,21.39
"280",15.82,25.34,9.15,27.48,21.33
"281",15.8,25.43,9.16,27.46,21.22
"282",15.8,25.39,9.16,27.5,21.16
"283",15.79,25.46,9.16,27.53,21.01
"284",15.8,25.44,9.16,27.56,21
"285",15.81,25.33,9.17,27.51,21.14
"286",15.81,25.35,9.16,27.45,21.14
"287",15.82,25.31,9.17,27.47,21.16
"288",15.82,25.23,9.18,27.45,21.27
"289",15.82,25.2,9.16,27.37,21.22
"290",15.82,25.14,9.16,27.33,21.15
"291",15.82,25.15,9.16,27.31,21.07
"292",15.82,25.11,9.15,27.33,21.1
"293",15.83,25.09,9.17,27.32,21.15
"294",15.83,25.025,9.17,27.26,21.15
"295",15.83,24.96,9.17,27.29,21.14
"296",15.84,25.07,9.18,27.24,21.04
"297",15.84,25.02,9.18,27.27,21
"298",15.84,25,9.17,27.29,20.97
"299",15.85,25.11,9.18,27.31,20.95
"300",15.86,25.22,9.19,27.34,21.02
"301",15.86,25.23,9.19,27.43,21.05
"302",15.87,25.24,9.21,27.48,21.21
"303",15.88,25.28,9.21,27.46,21.23
"304",15.89,25.19,9.22,27.46,21.2
"305",15.88,25.15,9.21,27.37,21.2
"306",15.89,25.15,9.2,27.35,21.17
"307",15.89,25.17,9.21,27.39,21.16
"308",15.91,25.06,9.24,27.38,21.16
"309",15.91,25.07,9.22,27.35,21.09
"310",15.9,25.15,9.19,27.42,21.01
"311",15.9,25.2,9.2,27.48,21.17
"312",15.9,25.18,9.21,27.54,21.15
"313",15.9,25.15,9.22,27.51,21.08
"314",15.9,25.14,9.22,27.53,21.05
"315",15.9,25.19,9.21,27.52,21.05
"316",15.89,25.32,9.2,27.56,20.95
"317",15.89,25.33,9.21,27.65,21
"318",15.89,25.38,9.21,27.65,20.97
"319",15.89,25.35,9.21,27.63,21.08
"320",15.88,25.4,9.21,27.63,21.13
"321",15.88,25.35,9.2,27.64,21.05
"322",15.89,25.25,9.2,27.61,21.07
"323",15.89,25.32,9.2,27.56,20.99
"324",15.89,25.3,9.21,27.6,21.03
"325",15.89,25.36,9.21,27.6,21.1
"326",15.89,25.46,9.21,27.64,21.21
"327",15.89,25.39,9.22,27.65,21.25
"328",15.895,25.38,9.22,27.635,21.28
"329",15.8975,25.37,9.22,27.6275,21.31
"330",15.9,25.45,9.22,27.62,21.38
"331",15.9,25.46,9.22,27.64,21.49
"332",15.9,25.39,9.23,27.63,21.54
"333",15.91,25.41,9.23,27.63,21.49
"334",15.9,25.44,9.24,27.62,21.37
"335",15.9,25.44,9.23,27.66,21.4
"336",15.9,25.48,9.24,27.69,21.38
"337",15.9,25.47,9.23,27.68,21.43
"338",15.89,25.52,9.22,27.65,21.37
"339",15.89,25.46,9.22,27.66,21.41
"340",15.89,25.43,9.22,27.61,21.42
"341",15.9,25.36,9.22,27.6,21.53
"342",15.91,25.37,9.22,27.56,21.46
"343",15.91,25.38,9.22,27.58,21.44
"344",15.91,25.4,9.23,27.58,21.55
"345",15.92,25.31,9.22,27.59,21.57
"346",15.91,25.22,9.22,27.45,21.48
"347",15.91,25.2,9.22,27.37,21.3
"348",15.91,25.14,9.215,27.345,21.24
"349",15.91,25.09,9.21,27.32,21.3
"350",15.91,25.04,9.21,27.21,21.28
"351",15.9,24.91,9.2,27.11,21.2
"352",15.89,24.98,9.2,27.05,21.18
"353",15.9,25.03,9.2,27.16,21.32
"354",15.9,24.93,9.21,27.14,21.26
"355",15.9,24.89,9.2,26.97,21.18
"356",15.91,24.82,9.2,27.01,21.14
"357",15.905,24.83,9.2,27.04,21.26
"358",15.9,24.94,9.2,27.07,21.27
"359",15.9,24.88,9.2,27.05,21.3
"360",15.91,24.88,9.2,27.06,21.34
"361",15.91,24.89,9.21,27.04,21.39
"362",15.9,24.94,9.2,27.03,21.35
"363",15.91,24.97,9.21,27.05,21.42
"364",15.905,25.02,9.205,27.055,21.39
"365",15.9,25.07,9.2,27.06,21.36
"366",15.9,25.08,9.21,27.11,21.37
"367",15.9,25.08,9.2,27.14,21.34
"368",15.89,25.13,9.21,27.17,21.28
"369",15.88,25.05,9.21,27.14,21.3
"370",15.87,24.92,9.2,26.97,21.2
"371",15.88,24.78,9.2,26.83,21.13
"372",15.87,24.82,9.18,26.8,21.08
"373",15.86,24.82,9.2,26.73,21.11
"374",15.86,24.81,9.17,26.71,20.96
"375",15.85,24.75,9.18,26.68,21.03
"376",15.84,24.68,9.17,26.6,21.01
"377",15.86,24.79,9.17,26.66,21.04
"378",15.85,24.79,9.17,26.69,21.02
"379",15.82,24.81,9.15,26.69,20.95
"380",15.81,24.84,9.15,26.67,20.98
"381",15.82,24.87,9.15,26.7,21.01
"382",15.81,24.79,9.14,26.73,21.04
"383",15.82,24.86,9.15,26.77,20.98
"384",15.84,24.78,9.17,26.77,21.11
"385",15.845,24.78,9.175,26.755,21.24
"386",15.85,24.84,9.18,26.74,21.14
"387",15.85,24.82,9.18,26.73,21.11
"388",15.85,24.77,9.18,26.69,21.08
"389",15.83,24.85,9.15,26.68,20.85
"390",15.83,24.87,9.15,26.72,20.94
"391",15.84,24.8,9.16,26.67,21.04
"392",15.83,24.83,9.15,26.63,21.07
"393",15.83,24.875,9.15,26.68,21.02
"394",15.82,24.92,9.14,26.71,20.96
"395",15.81,24.97,9.13,26.81,20.91
"396",15.82,24.96,9.13,26.85,20.7
"397",15.82,24.89,9.14,26.82,20.87
"398",15.84,24.83,9.15,26.73,20.98
"399",15.84,24.86,9.15,26.68,21.13
"400",15.85,24.88,9.15,26.71,21.09
"401",15.85,24.94,9.15,26.77,21.09
"402",15.86,24.97,9.16,26.79,21.15
"403",15.86,25.01,9.17,26.87,21.13
"404",15.87,24.99,9.17,26.89,21.09
"405",15.87,24.99,9.17,26.87,21.03
"406",15.87,25.02,9.16,26.92,20.99
"407",15.87,25.04,9.16,26.95,20.82
"408",15.87,25.03,9.16,27.03,20.72
"409",15.87,25.01,9.15,27.05,20.61
"410",15.87,25,9.15,27.02,20.69
"411",15.87,25,9.15,27.01,20.78
"412",15.88,25.03,9.15,27.04,20.72
"413",15.88,25.06,9.15,27.1,20.72
"414",15.88,25.09,9.16,27.12,20.65
"415",15.88,25.04,9.16,27.13,20.69
"416",15.88,25.01,9.16,27.03,20.62
"417",15.88,25.01,9.15,27.03,20.56
"418",15.88,25.06,9.16,27.07,20.52
"419",15.88,25.01,9.15,27.09,20.54
"420",15.88,25.07,9.14,27.14,20.35
"421",15.88,25.03,9.13,27.18,20.2
"422",15.88,24.98,9.14,27.13,20.2
"423",15.88,24.98,9.14,27.11,20.16
"424",15.88,25.02,9.13,27.15,20.14
"425",15.87,24.97,9.14,27.13,20.21
"426",15.87,25.02,9.13,27.1,20.03
"427",15.86,25.03,9.12,27.17,19.85
"428",15.86,24.99,9.11,27.17,19.53
"429",15.85,24.9,9.08,27.2,19.02
"430",15.85,24.82,9.1,27.06,19.17
"431",15.85,24.76,9.09,27.01,19.41
"432",15.85,24.87,9.09,26.99,19.83
"433",15.85,24.88,9.09,27.05,19.93
"434",15.85,24.87,9.1,27.03,19.86
"435",15.85,24.81,9.09,26.98,19.63
"436",15.85,24.78,9.09,26.96,19.69
"437",15.85,24.83,9.09,26.99,19.72
"438",15.86,24.83,9.09,27.06,19.5
"439",15.86,24.805,9.09,27.07,19.41
"440",15.86,24.78,9.09,27.06,19.55
"441",15.86,24.82,9.1,27.02,19.58
"442",15.86,24.8,9.09,27.05,19.57
"443",15.85,24.83,9.09,27.06,19.53
"444",15.85,24.82,9.09,27.07,19.57
"445",15.85,24.71,9.09,27.01,19.69
"446",15.85,24.7,9.09,26.95,19.75
"447",15.85,24.82,9.09,26.94,19.64
"448",15.85,24.89,9.09,27.11,19.72
"449",15.85,24.81,9.09,27.09,19.75
"450",15.83,24.85,9.08,27.09,19.57
"451",15.83,24.83,9.08,27.1,19.34
"452",15.83,24.79,9.06,27.15,19.38
"453",15.82,24.75,9.07,27.07,19.4
"454",15.82,24.73,9.05,27.09,19.18
"455",15.81,24.72,9.04,27.12,19.15
"456",15.81,24.73,9.05,27.12,19.39
"457",15.82,24.8,9.05,27.17,19.38
"458",15.82,24.87,9.04,27.25,19.45
"459",15.82,24.86,9.07,27.2,19.69
"460",15.83,24.9,9.08,27.15,19.65
"461",15.83,24.9,9.09,27.18,19.85
"462",15.83,24.86,9.09,27.21,20
"463",15.84,24.86,9.1,27.2,20.01
"464",15.84,24.92,9.09,27.22,19.99
"465",15.84,24.88,9.09,27.23,19.74
"466",15.83,24.91,9.08,27.27,19.74
"467",15.83,24.89,9.09,27.27,20
"468",15.83,24.91,9.09,27.28,19.93
"469",15.83,24.92,9.1,27.27,19.89
"470",15.84,24.89,9.1,27.22,19.81
"471",15.83,24.93,9.09,27.25,19.71
"472",15.84,24.98,9.1,27.31,20.09
"473",15.85,24.97,9.11,27.32,20.2
"474",15.86,24.96,9.11,27.34,20.16
"475",15.86,24.98,9.1,27.38,20.08
"476",15.86,24.92,9.11,27.38,20.2
"477",15.86,24.85,9.11,27.31,20.13
"478",15.85,24.88,9.1,27.26,20.13
"479",15.85,24.89,9.11,27.23,20.15
"480",15.85,24.86,9.11,27.22,20.32
"481",15.86,24.83,9.11,27.22,20.4
"482",15.85,24.8,9.11,27.17,20.32
"483",15.85,24.78,9.11,27.08,20.43
"484",15.85,24.74,9.1,27,20.32
"485",15.85,24.75,9.09,27.04,20.39
"486",15.86,24.71,9.1,27.06,20.41
"487",15.85,24.72,9.09,27.08,20.29
"488",15.85,24.75,9.09,27.12,20.25
"489",15.85,24.75,9.09,27.14,20.32
"490",15.86,24.79,9.09,27.14,20.36
"491",15.86,24.8,9.09,27.17,20.57
"492",15.86,24.82,9.1,27.24,20.58
"493",15.87,24.81,9.1,27.26,20.69
"494",15.87,24.84,9.09,27.22,20.62
"495",15.87,24.84,9.1,27.24,20.68
"496",15.88,24.84,9.09,27.27,20.74
"497",15.88,24.84,9.09,27.28,20.69
"498",15.88,24.84,9.09,27.31,20.59
"499",15.88,24.86,9.09,27.29,20.6
"500",15.89,24.96,9.1,27.31,20.58
"501",15.89,24.95,9.1,27.34,20.61
"502",15.88,24.79,9.1,27.23,20.35
"503",15.87,24.86,9.09,27.14,20.44
"504",15.87,24.9,9.09,27.21,20.29
"505",15.87,24.87,9.08,27.26,20.15
"506",15.87,24.89,9.08,27.24,20
"507",15.87,24.85,9.07,27.23,20.02
"508",15.86,24.92,9.05,27.25,19.7
"509",15.85,24.79,9.04,27.21,19.69
"510",15.85,24.8,9.04,27.12,19.92
"511",15.85,24.79,9.04,27.13,20.06
"512",15.86,24.87,9.05,27.16,20.1
"513",15.85,24.89,9.05,27.24,19.96
"514",15.85,24.88,9.04,27.26,19.92
"515",15.85,24.83,9.04,27.22,19.92
"516",15.85,24.81,9.04,27.17,19.95
"517",15.85,24.84,9.045,27.18,19.89
"518",15.85,24.81,9.05,27.19,19.92
"519",15.86,24.78,9.04,27.18,19.97
"520",15.86,24.78,9.04,27.13,19.84
"521",15.85,24.81,9.04,27.15,19.91
"522",15.86,24.85,9.05,27.24,19.7
"523",15.86,24.84,9.04,27.22,19.81
"524",15.86,24.88,9.03,27.28,19.56
"525",15.85,24.85,9.02,27.25,19.33
"526",15.85,24.83,9.02,27.29,19.26
"527",15.85,24.77,9.02,27.26,19.35
"528",15.84,24.81,9.01,27.24,19.32
"529",15.84,24.86,9.01,27.3,19.33
"530",15.83,24.8,8.99,27.32,19.35
"531",15.82,24.8,8.99,27.33,19.01
"532",15.82,24.795,8.97,27.31,19.11
"533",15.82,24.79,8.97,27.29,19.14
"534",15.81,24.76,8.96,27.32,18.97
"535",15.8,24.74,8.96,27.34,18.98
"536",15.82,24.78,8.96,27.3,19.41
"537",15.81,24.79,8.96,27.33,19.23
"538",15.81,24.82,8.96,27.37,19.34
"539",15.82,24.85,8.96,27.37,19.24
"540",15.82,24.88,8.96,27.41,19.35
"541",15.82,24.96,8.95,27.54,19.73
"542",15.83,24.9,8.96,27.59,19.72
"543",15.82,24.94,8.95,27.58,19.4
"544",15.82,24.89,8.95,27.6,19.29
"545",15.82,24.92,8.95,27.59,19.25
"546",15.82,24.91,8.94,27.58,19.16
"547",15.8,24.92,8.94,27.62,18.91
"548",15.78,24.84,8.92,27.59,18.74
"549",15.77,24.88,8.91,27.57,18.67
"550",15.74,24.76,8.91,27.61,18.39
"551",15.73,24.72,8.9,27.54,18.61
"552",15.76,24.72,8.9,27.51,18.85
"553",15.76,24.72,8.9,27.52,18.74
"554",15.76,24.74,8.89,27.51,18.84
"555",15.77,24.8,8.91,27.6,18.83
"556",15.77,24.8,8.91,27.65,18.73
"557",15.77,24.82,8.9,27.66,18.96
"558",15.77,24.84,8.9,27.63,18.86
"559",15.77,24.82,8.9,27.76,18.82
"560",15.77,24.88,8.89,27.74,18.84
"561",15.78,24.83,8.89,27.74,18.97
"562",15.79,24.89,8.89,27.79,19.03
"563",15.8,24.82,8.89,27.82,19.33
"564",15.81,24.88,8.91,27.73,19.36
"565",15.82,24.93,8.92,27.75,19.37
"566",15.83,24.91,8.92,27.76,19.52
"567",15.82,24.9,8.93,27.74,19.51
"568",15.82,24.95,8.92,27.88,19.37
"569",15.82,24.91,8.93,27.77,19.55
"570",15.82,24.91,8.93,27.78,19.4
"571",15.84,24.94,8.94,27.72,19.64
"572",15.85,24.97,8.95,27.77,19.62
"573",15.84,24.94,8.95,27.74,19.37
"574",15.84,25,8.95,27.76,19.27
"575",15.84,25.05,8.95,27.86,19.44
"576",15.85,25.1,8.96,27.97,19.51
"577",15.85,25.06,8.96,27.93,19.54
"578",15.85,25.05,8.96,27.94,19.68
"579",15.85,25.12,8.96,27.92,19.59
"580",15.85,25.1,8.95,27.94,19.55
"581",15.85,25.115,8.95,27.96,19.625
"582",15.85,25.13,8.95,27.97,19.7
"583",15.85,25.24,8.95,27.98,19.56
"584",15.85,25.2,8.96,27.99,19.63
"585",15.85,25.24,8.96,28.02,19.64
"586",15.85,25.26,8.96,28.07,19.59
"587",15.85,25.27,8.97,28.07,19.5
"588",15.85,25.3,8.96,28.1,19.27
"589",15.85,25.27,8.96,28.05,19.26
"590",15.85,25.33,8.97,28.07,19.08
"591",15.85,25.32,8.97,28.08,19.18
"592",15.85,25.32,8.98,28.05,19.3
"593",15.84,25.26,8.98,28.03,19.46
"594",15.84,25.3,8.99,28.03,19.67
"595",15.85,25.3,8.99,28.05,19.7
"596",15.85,25.35,8.99,28.08,19.52
"597",15.86,25.34,9,28.08,19.48
"598",15.86,25.37,9,28.07,19.61
"599",15.85,25.3,9.01,28.11,19.81
"600",15.85,25.28,9.02,28.03,19.66
"601",15.87,25.28,9.02,27.98,19.85
"602",15.87,25.26,9.02,27.91,19.76
"603",15.87,25.24,9.02,27.91,19.83
"604",15.88,25.33,9.02,27.91,19.86
"605",15.87,25.35,9.02,27.97,19.62
"606",15.88,25.37,9.03,28.02,19.49
"607",15.88,25.3,9.03,28.02,19.38
"608",15.88,25.35,9.02,28.08,19.17
"609",15.88,25.35,9.02,28.05,19.08
"610",15.875,25.39,9.015,28.08,19.16
"611",15.87,25.35,9.01,28.11,19.19
"612",15.88,25.37,9.01,28.11,19.15
"613",15.87,25.4,9.01,28.11,19.34
"614",15.87,25.42,9.01,28.11,19.27
"615",15.87,25.4,9.02,28.11,19.38
"616",15.87,25.47,9.02,28.11,19.3
"617",15.875,25.41,9.02,28.115,19.31
"618",15.88,25.43,9.02,28.12,19.35
"619",15.88,25.29,9.02,28.07,19.35
"620",15.87,25.34,9.01,28.04,19.3
"621",15.87,25.35,9,28.04,19.36
"622",15.87,25.36,9.01,28.06,19.19
"623",15.88,25.36,9.01,28.06,19.29
"624",15.88,25.37,9.02,28.08,19.33
"625",15.88,25.42,9.02,28.11,19.3
"626",15.88,25.42,9.02,28.13,19.42
"627",15.88,25.425,9.03,28.09,19.41
"628",15.88,25.43,9.03,28.09,19.34
"629",15.88,25.4,9.01,28.14,19.19
"630",15.88,25.44,9.01,28.14,19.14
"631",15.88,25.49,9.01,28.23,18.92
"632",15.88,25.48,9.02,28.24,19.1
"633",15.88,25.51,9.03,28.28,19.22
"634",15.88,25.53,9.04,28.3,19.31
"635",15.88,25.56,9.05,28.37,19.3
"636",15.87,25.59,9.04,28.4,19.16
"637",15.87,25.56,9.03,28.39,18.92
"638",15.86,25.51,9.02,28.41,18.94
"639",15.86,25.55,9.01,28.41,18.9
"640",15.86,25.53,9.01,28.49,18.77
"641",15.86,25.51,9.02,28.4,18.82
"642",15.86,25.5,9.04,28.37,18.9
"643",15.86,25.48,9.04,28.38,19.09
"644",15.86,25.49,9.04,28.35,19.08
"645",15.86,25.48,9.02,28.415,19.25
"646",15.86,25.52,9,28.48,18.81
"647",15.86,25.62,9.02,28.61,18.75
"648",15.87,25.63,9.02,28.66,19
"649",15.88,25.67,9.04,28.71,19.26
"650",15.88,25.69,9.05,28.69,19.36
"651",15.89,25.8,9.08,28.8,19.27
"652",15.89,25.86,9.09,28.8,19.2
"653",15.89,25.92,9.07,28.85,19.01
"654",15.89,25.92,9.1,28.9,18.89
"655",15.89,25.92,9.1,28.85,18.86
"656",15.89,25.97,9.1,28.88,18.99
"657",15.89,25.92,9.12,28.9,19.29
"658",15.89,25.85,9.13,28.81,19.55
"659",15.9,25.9,9.13,28.84,19.47
"660",15.9,25.83,9.14,28.76,19.63
"661",15.9,25.78,9.14,28.71,19.64
"662",15.9,25.78,9.13,28.71,19.75
"663",15.9,25.83,9.13,28.71,19.72
"664",15.9,25.82,9.13,28.69,19.78
"665",15.9,25.84,9.14,28.65,19.65
"666",15.9,25.86,9.14,28.68,19.75
"667",15.9,25.85,9.15,28.73,19.58
"668",15.9,25.85,9.14,28.73,19.47
"669",15.9,25.92,9.14,28.78,19.42
"670",15.9,25.92,9.15,28.81,19.41
"671",15.9,25.96,9.14,28.82,19.17
"672",15.91,25.9,9.16,28.81,19.19
"673",15.9,25.82,9.15,28.69,19.01
"674",15.9,25.83,9.14,28.7,19.1
"675",15.9,25.92,9.15,28.76,19.16
"676",15.91,25.86,9.17,28.76,19.38
"677",15.92,25.87,9.18,28.72,19.49
"678",15.92,25.91,9.18,28.78,19.48
"679",15.92,25.95,9.19,28.88,19.43
"680",15.92,25.86,9.19,28.91,19.57
"681",15.92,25.92,9.19,28.92,19.39
"682",15.92,25.87,9.2,28.88,19.45
"683",15.92,25.82,9.21,28.84,19.32
"684",15.91,25.88,9.2,28.81,19.23
"685",15.91,25.92,9.2,28.84,19.11
"686",15.91,25.89,9.21,28.82,19.15
"687",15.91,25.93,9.2,28.83,19.09
"688",15.91,25.92,9.2,28.87,18.99
"689",15.91,25.92,9.2,28.86,19.05
"690",15.91,25.92,9.2,28.83,19.13
"691",15.91,25.84,9.19,28.83,19.23
"692",15.91,25.93,9.18,28.8,19.19
"693",15.91,25.93,9.19,28.84,19.27
"694",15.91,25.94,9.19,28.83,19.28
"695",15.91,25.94,9.19,28.75,19.23
"696",15.91,25.92,9.19,28.73,19.42
"697",15.92,25.945,9.19,28.74,19.41
"698",15.92,25.97,9.2,28.78,19.37
"699",15.92,25.98,9.2,28.88,19.37
"700",15.92,25.89,9.21,28.82,19.38
"701",15.92,25.82,9.21,28.63,19.27
"702",15.92,25.82,9.19,28.58,19.19
"703",15.92,25.74,9.19,28.58,19.12
"704",15.92,25.78,9.17,28.52,19.02
"705",15.92,25.76,9.17,28.51,19.01
"706",15.92,25.78,9.17,28.53,19.06
"707",15.92,25.78,9.17,28.53,18.99
"708",15.92,25.8,9.17,28.61,18.97
"709",15.92,25.85,9.17,28.58,18.93
"710",15.92,25.9,9.19,28.7,18.99
"711",15.92,25.95,9.2,28.73,18.93
"712",15.92,25.97,9.2,28.76,18.79
"713",15.92,25.99,9.19,28.8,18.96
"714",15.92,25.98,9.2,28.84,19.01
"715",15.93,25.99,9.21,28.81,18.98
"716",15.93,25.96,9.21,28.83,19.03
"717",15.93,25.97,9.21,28.77,19.16
"718",15.93,25.88,9.21,28.73,19.23
"719",15.93,25.86,9.22,28.63,19.38
"720",15.92,25.83,9.22,28.57,19.46
"721",15.92,25.82,9.22,28.55,19.31
"722",15.92,25.76,9.22,28.53,19.53
"723",15.92,25.81,9.23,28.5,19.59
"724",15.92,25.79,9.22,28.48,19.66
"725",15.92,25.84,9.21,28.53,19.55
"726",15.92,25.77,9.22,28.49,19.67
"727",15.92,25.83,9.23,28.48,19.6
"728",15.93,25.84,9.22,28.49,19.72
"729",15.93,25.85,9.22,28.54,19.74
"730",15.93,25.87,9.22,28.55,19.85
"731",15.94,25.89,9.23,28.58,19.86
"732",15.93,25.86,9.23,28.58,20
"733",15.93,25.88,9.23,28.55,20
"734",15.92,25.86,9.23,28.51,19.93
"735",15.92,25.81,9.23,28.41,19.95
"736",15.91,25.8,9.22,28.37,19.76
"737",15.91,25.83,9.21,28.39,19.81
"738",15.905,25.84,9.2,28.41,19.56
"739",15.9,25.85,9.19,28.43,19.4
"740",15.9,25.82,9.19,28.41,19.39
"741",15.9,25.84,9.19,28.44,19.38
"742",15.91,25.84,9.2,28.41,19.72
"743",15.91,25.81,9.2,28.42,19.97
"744",15.91,25.58,9.23,28.33,19.72
"745",15.9,25.53,9.24,28.12,19.36
"746",15.9,25.39,9.22,28.03,19.16
"747",15.89,25.36,9.21,27.87,19.38
"748",15.89,25.36,9.19,27.95,19.53
"749",15.88,25.4,9.19,27.9,19.58
"750",15.89,25.34,9.2,27.89,19.67
"751",15.88,25.29,9.2,27.87,19.73
"752",15.88,25.27,9.2,27.82,19.78
"753",15.89,25.28,9.2,27.86,19.75
"754",15.89,25.21,9.21,27.79,19.83
"755",15.89,25.2,9.2,27.8,19.83
"756",15.89,25.19,9.2,27.81,19.76
"757",15.89,25.27,9.2,27.84,19.71
"758",15.89,25.29,9.19,27.87,19.69
"759",15.9,25.26,9.21,27.86,19.99
"760",15.9,25.15,9.22,27.77,19.82
"761",15.89,25.21,9.2,27.82,19.78
"762",15.9,25.24,9.21,27.78,19.87
"763",15.9,25.25,9.21,27.83,20.05
"764",15.91,25.32,9.22,27.87,20.07
"765",15.92,25.29,9.25,27.83,20.28
"766",15.93,25.22,9.26,27.78,20.42
"767",15.93,25.23,9.25,27.68,20.41
"768",15.93,25.22,9.25,27.74,20.43
"769",15.93,25.14,9.25,27.82,20.58
"770",15.93,25.07,9.26,27.72,20.75
"771",15.93,25.04,9.24,27.74,20.66
"772",15.93,25.14,9.24,27.78,20.69
"773",15.93,25.13,9.25,27.8,20.75
"774",15.93,25.16,9.25,27.83,20.73
"775",15.93,25.19,9.26,27.83,20.74
"776",15.93,25.21,9.26,27.85,20.78
"777",15.93,25.235,9.265,27.85,20.77
"778",15.93,25.2475,9.27,27.85,20.76
"779",15.94,25.26,9.26,27.86,20.74
"780",15.94,25.3,9.26,27.93,20.65
"781",15.94,25.36,9.27,27.93,20.62
"782",15.94,25.36,9.27,27.96,20.72
"783",15.95,25.36,9.29,27.88,20.68
"784",15.94,25.34,9.29,27.87,20.55
"785",15.94,25.46,9.29,27.85,20.44
"786",15.93,25.42,9.29,27.88,20.67
"787",15.94,25.49,9.29,27.89,20.54
"788",15.94,25.48,9.29,27.9,20.42
"789",15.94,25.51,9.29,27.91,20.34
"790",15.94,25.49,9.29,27.95,20.36
"791",15.95,25.49,9.31,27.89,20.38
"792",15.94,25.515,9.3,27.91,20.32
"793",15.95,25.54,9.29,27.97,20.19
"794",15.95,25.45,9.3,27.93,20.3
"795",15.95,25.42,9.31,27.83,20.33
"796",15.95,25.44,9.31,27.79,20.41
"797",15.95,25.52,9.29,27.84,20.33
"798",15.95,25.42,9.3,27.88,20.39
"799",15.95,25.39,9.32,27.78,20.48
"800",15.94,25.45,9.32,27.73,20.56
"801",15.94,25.51,9.33,27.73,20.7
"802",15.93,25.51,9.32,27.72,20.66
"803",15.93,25.52,9.31,27.75,20.45
"804",15.93,25.51,9.33,27.71,20.59
"805",15.93,25.49,9.32,27.76,20.65
"806",15.94,25.47,9.33,27.75,20.71
"807",15.93,25.61,9.33,27.72,20.6
"808",15.93,25.64,9.34,27.73,20.68
"809",15.92,25.66,9.32,27.81,20.65
"810",15.94,25.6,9.33,27.85,20.83
"811",15.93,25.6,9.34,27.79,20.91
"812",15.94,25.58,9.35,27.8,21.01
"813",15.94,25.51,9.35,27.79,21.14
"814",15.94,25.46,9.37,27.76,21.14
"815",15.94,25.53,9.37,27.79,20.93
"816",15.93,25.6,9.35,27.83,20.89
"817",15.93,25.61,9.36,27.81,20.94
"818",15.92,25.62,9.37,27.79,21.14
"819",15.91,25.62,9.37,27.83,21.13
"820",15.92,25.64,9.37,27.88,21.18
"821",15.92,25.74,9.36,27.93,21.03
"822",15.93,25.66,9.38,27.98,21.07
"823",15.93,25.67,9.37,27.99,21
"824",15.94,25.53,9.41,27.94,21.23
"825",15.95,25.51,9.41,27.89,21.22
"826",15.95,25.52,9.4,27.9,21.24
"827",15.94,25.51,9.4,27.9,21.25
"828",15.94,25.48,9.39,27.89,21.33
"829",15.94,25.42,9.4,27.82,21.27
"830",15.94,25.36,9.39,27.79,21.2
"831",15.93,25.39,9.38,27.75,21.24
"832",15.93,25.35,9.38,27.75,21.31
"833",15.93,25.36,9.37,27.74,21.27
"834",15.94,25.51,9.37,27.77,21.22
"835",15.93,25.47,9.38,27.82,21.25
"836",15.93,25.52,9.38,27.84,21.28
"837",15.93,25.55,9.38,27.83,21.32
"838",15.93,25.61,9.37,27.88,21.15
"839",15.94,25.64,9.36,27.95,21.11
"840",15.94,25.62,9.37,27.96,21.12
"841",15.94,25.65,9.37,27.95,21.24
"842",15.94,25.65,9.36,28,21.08
"843",15.94,25.59,9.36,28.01,21.12
"844",15.95,25.64,9.37,28.01,21.26
"845",15.94,25.61,9.38,28.02,21.41
"846",15.94,25.66,9.38,28,21.39
"847",15.94,25.73,9.38,28.01,21.38
"848",15.94,25.73,9.37,28.07,21.4
"849",15.95,25.72,9.38,28.05,21.36
"850",15.95,25.74,9.37,28.08,21.38
"851",15.95,25.7,9.36,28.12,21.52
"852",15.95,25.73,9.37,28.08,21.51
"853",15.94,25.83,9.37,28.1,21.34
"854",15.94,25.83,9.37,28.13,21.31
"855",15.94,25.94,9.36,28.17,21.33
"856",15.94,25.915,9.36,28.18,21.36
"857",15.94,25.89,9.36,28.185,21.39
"858",15.94,26.01,9.36,28.19,21.21
"859",15.94,25.96,9.38,28.22,21.16
"860",15.94,25.9,9.38,28.19,21.21
"861",15.94,25.91,9.37,28.2,21.18
"862",15.95,25.83,9.39,28.18,21.19
"863",15.95,25.77,9.39,28.17,21.22
"864",15.96,25.81,9.4,28.13,21.1
"865",15.95,25.82,9.39,28.15,21.16
"866",15.96,25.85,9.4,28.17,21.23
"867",15.965,25.79,9.4,28.17,21.29
"868",15.97,25.83,9.4,28.17,21.31
"869",15.97,25.82,9.41,28.2,21.4
"870",15.97,25.76,9.42,28.15,21.21
"871",15.97,25.78,9.41,28.16,21.24
"872",15.97,25.75,9.42,28.14,21.27
"873",15.97,25.73,9.43,28.1,21.36
"874",15.97,25.72,9.41,28.12,21.46
"875",15.97,25.74,9.43,28.09,21.52
"876",15.97,25.81,9.42,28.14,21.48
"877",15.97,25.81,9.44,28.16,21.55
"878",15.97,25.83,9.44,28.16,21.45
"879",15.96,25.98,9.43,28.24,21.11
"880",15.97,25.95,9.41,28.28,20.64
"881",15.97,25.94,9.41,28.27,20.81
"882",15.96,25.94,9.42,28.26,20.77
"883",15.96,25.92,9.42,28.28,20.93
"884",15.97,25.96,9.43,28.26,20.93
"885",15.97,25.97,9.43,28.29,20.98
"886",15.97,25.98,9.43,28.32,21.02
"887",15.97,26,9.43,28.32,21.02
"888",15.97,26.02,9.43,28.33,20.88
"889",15.97,26.06,9.44,28.35,20.91
"890",15.97,26.04,9.45,28.32,21.01
"891",15.96,26.12,9.45,28.36,20.83
"892",15.965,26.09,9.455,28.38,20.95
"893",15.97,26.12,9.46,28.4,20.87
"894",15.97,26.09,9.47,28.41,20.93
"895",15.97,26.07,9.46,28.36,21.02
"896",15.98,26.05,9.47,28.38,21.07
"897",15.98,26.02,9.45,28.38,21.02
"898",15.98,26.05,9.45,28.36,21.07
"899",15.98,26.14,9.46,28.44,21.06
"900",15.98,26.12,9.47,28.42,21.17
"901",15.98,26.14,9.46,28.42,21.13
"902",15.98,26.11,9.47,28.42,21.24
"903",15.98,26.18,9.46,28.43,21.1
"904",15.98,26.17,9.46,28.44,21.02
"905",15.98,26.18,9.46,28.48,21.06
"906",15.985,26.2,9.465,28.505,21.07
"907",15.99,26.23,9.47,28.53,21.2
"908",15.98,26.16,9.48,28.48,21.07
"909",15.98,26.17,9.47,28.44,21.12
"910",15.98,26.14,9.47,28.41,21
"911",15.97,26.09,9.47,28.35,21.01
"912",15.97,26.02,9.47,28.33,21.11
"913",15.97,26.02,9.47,28.31,21.14
"914",15.98,26.05,9.47,28.29,21.07
"915",15.97,26.02,9.47,28.2,21.02
"916",15.97,25.97,9.46,28.16,21.15
"917",15.97,25.98,9.46,28.19,21.25
"918",15.97,26,9.47,28.19,21.17
"919",15.98,26.06,9.47,28.26,21.27
"920",15.98,26.04,9.49,28.29,21.32
"921",15.98,26.08,9.49,28.34,21.3
"922",15.98,26.1,9.5,28.34,21.3
"923",15.98,26.17,9.5,28.39,21.21
"924",15.99,26.18,9.5,28.41,21.22
"925",15.98,26.19,9.51,28.42,21.17
"926",15.98,26.24,9.51,28.45,21.03
"927",15.98,26.21,9.51,28.45,21.02
"928",15.98,26.11,9.52,28.41,21.05
"929",15.98,26.17,9.51,28.38,20.98
"930",15.99,26.13,9.52,28.44,21.03
"931",15.99,26.19,9.52,28.44,20.92
"932",15.99,26.2,9.53,28.44,20.84
"933",15.99,26.28,9.53,28.48,20.85
"934",15.99,26.28,9.54,28.53,20.9
"935",15.99,26.32,9.53,28.55,20.82
"936",15.99,26.26,9.54,28.54,20.93
"937",15.99,26.28,9.54,28.53,20.9
"938",15.99,26.24,9.55,28.55,20.91
"939",15.99,26.31,9.52,28.56,20.8
"940",15.99,26.35,9.51,28.58,20.65
"941",15.99,26.39,9.51,28.59,20.64
"942",15.99,26.35,9.52,28.59,20.81
"943",15.99,26.27,9.52,28.585,20.98
"944",15.99,26.35,9.52,28.58,20.94
"945",15.99,26.39,9.52,28.59,20.81
"946",15.99,26.4,9.52,28.63,20.84
"947",15.99,26.42,9.52,28.64,20.76
"948",15.99,26.37,9.53,28.63,20.9
"949",15.99,26.43,9.53,28.63,20.81
"950",15.98,26.39,9.53,28.66,20.88
"951",15.98,26.44,9.54,28.65,20.81
"952",15.98,26.45,9.54,28.67,20.68
"953",15.98,26.48,9.54,28.71,20.7
"954",15.99,26.46,9.55,28.7,20.89
"955",15.98,26.5,9.55,28.71,20.83
"956",15.98,26.44,9.56,28.71,20.93
"957",15.98,26.515,9.56,28.7,20.86
"958",15.98,26.59,9.55,28.73,20.76
"959",15.98,26.53,9.57,28.77,20.89
"960",15.97,26.6,9.56,28.77,20.76
"961",15.97,26.61,9.57,28.8,20.73
"962",15.97,26.52,9.58,28.76,20.97
"963",15.98,26.48,9.58,28.73,20.98
"964",15.98,26.46,9.58,28.69,21.09
"965",15.98,26.49,9.58,28.68,21.09
"966",15.98,26.5,9.58,28.7,21.11
"967",15.98,26.46,9.59,28.69,21.14
"968",15.99,26.46,9.59,28.69,21.08
"969",15.98,26.41,9.59,28.69,21.25
"970",15.98,26.44,9.59,28.66,21.19
"971",15.98,26.46,9.59,28.69,21.2
"972",15.98,26.52,9.59,28.7,21.13
"973",15.98,26.51,9.59,28.69,21.17
"974",15.98,26.42,9.6,28.6,21.14
"975",15.98,26.43,9.59,28.58,21.09
"976",15.99,26.41,9.61,28.59,21.15
"977",15.99,26.4,9.6,28.59,21.21
"978",15.99,26.41,9.61,28.58,21.2
"979",15.99,26.42,9.61,28.62,21.24
"980",15.99,26.39,9.61,28.61,21.24
"981",16,26.36,9.62,28.53,21.16
"982",16,26.37,9.61,28.55,21.08
"983",15.99,26.4,9.61,28.57,20.99
"984",15.99,26.4,9.62,28.58,20.97
"985",15.99,26.43,9.61,28.57,20.95
"986",15.99,26.49,9.6,28.61,20.92
"987",15.99,26.44,9.61,28.61,20.96
"988",15.99,26.45,9.6,28.58,21.01
"989",16,26.41,9.61,28.58,21.05
"990",15.99,26.42,9.6,28.62,20.97
"991",16,26.35,9.62,28.54,21.06
"992",15.99,26.36,9.62,28.56,21
"993",16,26.32,9.62,28.51,20.98
"994",15.99,26.28,9.62,28.45,21
"995",15.99,26.25,9.61,28.46,21.01
"996",15.99,26.28,9.6,28.44,21.06
"997",16,26.36,9.61,28.51,20.88
"998",16,26.36,9.61,28.53,20.98
"999",16,26.35,9.61,28.545,21.04
"1000",16,26.39,9.61,28.56,21.05
"1001",16,26.39,9.61,28.52,20.99
"1002",16,26.43,9.61,28.58,21.03
"1003",16,26.43,9.61,28.56,21
"1004",16,26.41,9.6,28.56,21.02
"1005",15.99,26.39,9.6,28.51,20.97
"1006",15.99,26.31,9.59,28.47,20.95
"1007",15.99,26.3,9.57,28.43,20.93
"1008",15.99,26.32,9.57,28.4,20.76
"1009",15.98,26.35,9.55,28.44,20.68
"1010",15.98,26.32,9.58,28.44,20.84
"1011",15.99,26.34,9.57,28.46,20.85
"1012",15.99,26.3,9.58,28.46,20.91
"1013",15.99,26.31,9.58,28.47,20.96
"1014",16,26.39,9.59,28.48,20.87
"1015",15.99,26.385,9.59,28.53,20.88
"1016",15.99,26.38,9.6,28.53,20.87
"1017",15.99,26.41,9.6,28.54,20.87
"1018",16,26.4,9.59,28.53,20.98
"1019",16,26.35,9.61,28.51,21.02
"1020",16,26.28,9.61,28.51,21
"1021",16,26.32,9.6,28.52,20.96
"1022",16,26.31,9.62,28.53,21.06
"1023",16,26.34,9.61,28.54,21.05
"1024",16,26.37,9.61,28.58,21.03
"1025",15.99,26.31,9.61,28.56,21.03
"1026",16,26.32,9.61,28.54,21.09
"1027",15.99,26.3,9.61,28.54,21.05
"1028",15.99,26.3,9.61,28.51,21
"1029",15.99,26.38,9.61,28.52,20.87
"1030",15.99,26.37,9.64,28.55,20.81
"1031",15.99,26.35,9.62,28.56,20.9
"1032",15.99,26.31,9.63,28.59,20.93
"1033",16,26.24,9.63,28.55,20.91
"1034",16,26.22,9.63,28.51,20.93
"1035",15.99,26.24,9.62,28.47,20.84
"1036",15.99,26.23,9.63,28.49,20.75
"1037",15.99,26.28,9.63,28.515,20.72
"1038",15.99,26.33,9.63,28.54,20.69
"1039",15.99,26.33,9.64,28.57,20.59
"1040",15.99,26.37,9.64,28.58,20.59
"1041",15.99,26.33,9.66,28.58,20.7
"1042",15.99,26.35,9.65,28.58,20.83
"1043",15.99,26.35,9.68,28.58,20.83
"1044",16,26.32,9.68,28.61,20.92
"1045",16,26.32,9.68,28.6,20.96
"1046",16.01,26.24,9.7,28.56,20.96
"1047",16,26.23,9.7,28.49,20.86
"1048",15.99,26.28,9.7,28.51,20.82
"1049",15.98,26.26,9.72,28.54,20.79
"1050",15.98,26.26,9.72,28.59,20.72
"1051",15.99,26.26,9.73,28.6,20.71
"1052",15.99,26.22,9.72,28.6,20.86
"1053",15.99,26.19,9.73,28.6,20.9
"1054",15.99,26.16,9.73,28.59,20.95
"1055",15.99,26.13,9.74,28.59,20.89
"1056",16,26.18,9.74,28.64,20.76
"1057",16,26.14,9.77,28.66,20.77
"1058",16,26.2,9.77,28.67,20.74
"1059",15.99,26.15,9.77,28.67,20.71
"1060",15.99,26.12,9.78,28.6,20.73
"1061",15.99,26.09,9.77,28.57,20.63
"1062",15.99,26.1,9.76,28.61,20.72
"1063",15.99,26.03,9.77,28.6,20.8
"1064",15.99,25.96,9.78,28.51,20.78
"1065",15.99,26.05,9.75,28.5,20.61
"1066",15.98,26.04,9.73,28.52,20.76
"1067",15.99,25.94,9.73,28.53,20.81
"1068",15.98,25.92,9.75,28.42,20.69
"1069",15.97,25.94,9.71,28.41,20.7
"1070",15.97,25.9,9.71,28.41,20.67
"1071",15.97,25.93,9.71,28.4,20.54
"1072",15.96,25.81,9.71,28.36,20.54
"1073",15.97,25.86,9.7,28.39,20.47
"1074",15.97,25.89,9.71,28.46,20.55
"1075",15.98,25.885,9.72,28.43,20.56
"1076",15.97,25.88,9.71,28.41,20.58
"1077",15.97,25.81,9.71,28.42,20.65
"1078",15.97,25.83,9.69,28.39,20.57
"1079",15.97,25.89,9.7,28.43,20.62
"1080",15.97,25.91,9.71,28.48,20.59
"1081",15.97,25.84,9.72,28.47,20.65
"1082",15.97,25.88,9.71,28.45,20.57
"1083",15.97,25.96,9.7,28.49,20.44
"1084",15.97,25.88,9.7,28.49,20.39
"1085",15.96,25.84,9.69,28.48,20.47
"1086",15.97,25.86,9.7,28.47,20.43
"1087",15.97,25.85,9.71,28.49,20.39
"1088",15.97,25.87,9.7,28.5,20.47
"1089",15.97,25.87,9.7,28.48,20.54
"1090",15.97,25.89,9.7,28.5,20.49
"1091",15.98,25.92,9.7,28.51,20.48
"1092",15.97,25.93,9.71,28.53,20.45
"1093",15.97,25.91,9.69,28.56,20.46
"1094",15.97,25.88,9.69,28.56,20.51
"1095",15.97,25.87,9.68,28.56,20.45
"1096",15.96,25.82,9.68,28.55,20.56
"1097",15.96,25.8,9.68,28.54,20.54
"1098",15.96,25.87,9.66,28.63,20.44
"1099",15.96,25.87,9.67,28.61,20.37
"1100",15.96,25.87,9.68,28.63,20.45
"1101",15.96,25.93,9.66,28.65,20.45
"1102",15.96,25.93,9.66,28.68,20.65
"1103",15.96,25.97,9.66,28.69,20.67
"1104",15.965,25.975,9.665,28.695,20.64
"1105",15.9675,25.98,9.6675,28.6975,20.61
"1106",15.97,25.92,9.67,28.7,20.71
"1107",15.97,25.92,9.66,28.7,20.76
"1108",15.97,25.9,9.67,28.67,20.87
"1109",15.97,25.97,9.66,28.67,20.7
"1110",15.97,25.96,9.67,28.66,20.59
"1111",15.97,25.96,9.67,28.65,20.63
"1112",15.97,25.97,9.66,28.67,20.63
"1113",15.97,25.91,9.67,28.65,20.7
"1114",15.97,25.92,9.66,28.64,20.71
"1115",15.97,25.93,9.67,28.64,20.67
"1116",15.97,25.95,9.65,28.66,20.66
"1117",15.98,25.87,9.67,28.67,20.71
"1118",15.97,25.82,9.67,28.6,20.66
"1119",15.97,25.75,9.66,28.53,20.69
"1120",15.97,25.71,9.65,28.48,20.67
"1121",15.97,25.69,9.65,28.47,20.7
"1122",15.97,25.63,9.64,28.44,20.76
"1123",15.97,25.67,9.63,28.47,20.79
"1124",15.96,25.71,9.63,28.48,20.8
"1125",15.97,25.73,9.63,28.48,20.82
"1126",15.965,25.65,9.625,28.46,20.88
"1127",15.96,25.67,9.62,28.44,20.82
"1128",15.96,25.68,9.62,28.46,20.65
"1129",15.96,25.7,9.61,28.45,20.63
"1130",15.96,25.69,9.61,28.45,20.56
"1131",15.95,25.65,9.61,28.39,20.54
"1132",15.95,25.62,9.59,28.36,20.53
"1133",15.95,25.68,9.6,28.4,20.53
"1134",15.95,25.7,9.61,28.44,20.44
"1135",15.94,25.68,9.62,28.4,20.36
"1136",15.94,25.54,9.62,28.31,20.5
"1137",15.94,25.54,9.61,28.3,20.53
"1138",15.94,25.53,9.61,28.27,20.52
"1139",15.93,25.59,9.6,28.24,20.37
"1140",15.925,25.6,9.605,28.255,20.43
"1141",15.92,25.6,9.61,28.27,20.5
"1142",15.92,25.66,9.6,28.3,20.48
"1143",15.92,25.69,9.6,28.38,20.39
"1144",15.91,25.73,9.6,28.4,20.45
"1145",15.9,25.815,9.61,28.42,20.46
"1146",15.86,25.9,9.61,28.41,20.3
"1147",15.86,25.8,9.61,28.44,20.26
"1148",15.87,25.8,9.61,28.46,20.25
"1149",15.88,25.74,9.61,28.42,20.34
"1150",15.89,25.7,9.6,28.42,20.34
"1151",15.89,25.71,9.6,28.41,20.18
"1152",15.88,25.66,9.6,28.33,20.21
"1153",15.87,25.69,9.6,28.31,19.99
"1154",15.86,25.67,9.6,28.34,20.19
"1155",15.88,25.66,9.6,28.33,20.13
"1156",15.88,25.67,9.6,28.31,20.18
"1157",15.88,25.63,9.6,28.35,20.12
"1158",15.88,25.64,9.6,28.38,20.11
"1159",15.89,25.66,9.6,28.43,20.15
"1160",15.9,25.66,9.6,28.42,20.2
"1161",15.89,25.69,9.59,28.43,20.19
"1162",15.9,25.65,9.59,28.44,20.26
"1163",15.89,25.68,9.59,28.43,20.16
"1164",15.89,25.68,9.59,28.44,20.17
"1165",15.88,25.7,9.58,28.44,20.14
"1166",15.88,25.71,9.58,28.42,20.16
"1167",15.87,25.76,9.58,28.46,20.08
"1168",15.87,25.73,9.58,28.48,20.13
"1169",15.87,25.74,9.57,28.51,20.03
"1170",15.87,25.7,9.57,28.51,20.05
"1171",15.87,25.75,9.57,28.54,20.12
"1172",15.86,25.755,9.57,28.57,20.13
"1173",15.87,25.76,9.58,28.56,20.16
"1174",15.87,25.81,9.58,28.59,20.17
"1175",15.88,25.79,9.59,28.57,20.21
"1176",15.88,25.79,9.59,28.56,20.39
"1177",15.88,25.82,9.58,28.56,20.41
"1178",15.88,25.81,9.58,28.54,20.48
"1179",15.88,25.85,9.59,28.6,20.49
"1180",15.89,25.83,9.59,28.58,20.47
"1181",15.89,25.82,9.59,28.59,20.57
"1182",15.88,25.8,9.59,28.59,20.58
"1183",15.88,25.82,9.59,28.59,20.47
"1184",15.88,25.79,9.59,28.58,20.42
"1185",15.89,25.71,9.59,28.5,20.5
"1186",15.88,25.76,9.58,28.45,20.5
"1187",15.88,25.78,9.59,28.49,20.56
"1188",15.89,25.75,9.59,28.47,20.65
"1189",15.89,25.77,9.59,28.46,20.65
"1190",15.89,25.79,9.6,28.4,20.66
"1191",15.89,25.8,9.6,28.44,20.65
"1192",15.89,25.78,9.6,28.36,20.7
"1193",15.88,25.81,9.6,28.33,20.73
"1194",15.88,25.86,9.59,28.35,20.77
"1195",15.88,25.87,9.6,28.4,20.78
"1196",15.88,25.81,9.61,28.38,20.74
"1197",15.88,25.81,9.6,28.38,20.67
"1198",15.87,25.83,9.6,28.39,20.64
"1199",15.86,25.9,9.6,28.42,20.51
"1200",15.86,25.85,9.6,28.38,20.33
"1201",15.86,25.87,9.59,28.38,20.53
"1202",15.855,25.9,9.59,28.385,20.35
"1203",15.85,25.89,9.59,28.39,20.38
"1204",15.85,25.88,9.59,28.41,20.29
"1205",15.85,25.94,9.6,28.44,20.18
"1206",15.86,25.9,9.61,28.44,20.1
"1207",15.86,25.94,9.61,28.46,20.11
"1208",15.86,25.93,9.61,28.43,20.07
"1209",15.85,25.94,9.61,28.4,20.03
"1210",15.85,25.92,9.62,28.41,20.04
"1211",15.85,25.87,9.61,28.38,19.94
"1212",15.85,25.84,9.61,28.34,19.93
"1213",15.84,25.83,9.61,28.34,19.7
"1214",15.83,25.86,9.61,28.36,19.84
"1215",15.83,25.805,9.61,28.36,19.7
"1216",15.84,25.75,9.61,28.34,19.66
"1217",15.85,25.74,9.6,28.32,19.6
"1218",15.84,25.76,9.6,28.36,19.61
"1219",15.85,25.65,9.59,28.31,19.78
"1220",15.85,25.63,9.59,28.33,19.7
"1221",15.86,25.58,9.59,28.29,19.71
"1222",15.85,25.63,9.58,28.3,19.71
"1223",15.86,25.65,9.59,28.31,19.71
"1224",15.86,25.62,9.59,28.26,19.81
"1225",15.86,25.59,9.59,28.27,19.76
"1226",15.87,25.53,9.59,28.28,19.82
"1227",15.87,25.52,9.59,28.23,19.86
"1228",15.86,25.54,9.59,28.24,19.86
"1229",15.86,25.56,9.6,28.26,19.94
"1230",15.86,25.59,9.6,28.24,19.88
"1231",15.87,25.54,9.58,28.2,19.88
"1232",15.86,25.6,9.58,28.23,19.93
"1233",15.86,25.62,9.6,28.25,20.11
"1234",15.84,25.67,9.58,28.21,20.11
"1235",15.84,25.67,9.61,28.18,20.2
"1236",15.83,25.72,9.6,28.17,20.25
"1237",15.83,25.56,9.6,28.16,20.41
"1238",15.83,25.47,9.59,28.04,20.33
"1239",15.82,25.44,9.58,27.99,20.44
"1240",15.81,25.48,9.57,27.95,20.5
"1241",15.81,25.52,9.57,27.95,20.47
"1242",15.82,25.5,9.58,27.96,20.35
"1243",15.81,25.63,9.57,27.98,20.27
"1244",15.81,25.62,9.58,28.01,20.34
"1245",15.81,25.58,9.58,28.03,20.34
"1246",15.82,25.59,9.58,28.04,20.48
"1247",15.82,25.57,9.58,28.06,20.63
"1248",15.81,25.58,9.58,28,20.49
"1249",15.8,25.52,9.57,28,20.48
"1250",15.81,25.52,9.57,28.05,20.56
"1251",15.8,25.55,9.56,28.1,20.55
"1252",15.8,25.6,9.56,28.11,20.44
"1253",15.79,25.56,9.56,28.13,20.54
"1254",15.79,25.63,9.56,28.2,20.5
"1255",15.8,25.59,9.56,28.19,20.41
"1256",15.79,25.57,9.56,28.18,20.47
"1257",15.8,25.52,9.56,28.15,20.43
"1258",15.805,25.55,9.565,28.135,20.41
"1259",15.81,25.44,9.57,28.12,20.62
"1260",15.81,25.46,9.56,28.11,20.58
"1261",15.81,25.48,9.56,28.09,20.65
"1262",15.81,25.49,9.57,28.1,20.66
"1263",15.81,25.47,9.58,28.07,20.69
"1264",15.8,25.51,9.57,28.09,20.66
"1265",15.8,25.57,9.57,28.13,20.64
"1266",15.8,25.56,9.56,28.12,20.51
"1267",15.79,25.6,9.56,28.11,20.51
"1268",15.78,25.57,9.55,28.17,20.53
"1269",15.78,25.67,9.55,28.17,20.48
"1270",15.77,25.68,9.55,28.18,20.39
"1271",15.76,25.63,9.54,28.19,20.46
"1272",15.76,25.61,9.53,28.2,20.48
"1273",15.77,25.605,9.54,28.22,20.48
"1274",15.77,25.6,9.54,28.26,20.46
"1275",15.77,25.55,9.54,28.25,20.36
"1276",15.77,25.55,9.53,28.26,20.47
"1277",15.76,25.58,9.52,28.23,20.45
"1278",15.76,25.56,9.53,28.3,20.52
"1279",15.76,25.56,9.53,28.31,20.56
"1280",15.75,25.59,9.53,28.31,20.56
"1281",15.75,25.64,9.53,28.38,20.4
"1282",15.75,25.645,9.53,28.43,20.43
"1283",15.74,25.65,9.53,28.5,20.35
"1284",15.74,25.71,9.52,28.44,20.33
"1285",15.73,25.68,9.53,28.51,20.28
"1286",15.73,25.66,9.52,28.51,20.37
"1287",15.73,25.63,9.52,28.5,20.44
"1288",15.74,25.65,9.53,28.52,20.44
"1289",15.74,25.67,9.53,28.51,20.42
"1290",15.74,25.72,9.53,28.53,20.41
"1291",15.74,25.79,9.52,28.57,20.39
"1292",15.74,25.81,9.52,28.62,20.4
"1293",15.74,25.73,9.52,28.7,20.38
"1294",15.74,25.76,9.52,28.65,20.4
"1295",15.74,25.79,9.52,28.67,20.27
"1296",15.74,25.785,9.52,28.68,20.4
"1297",15.74,25.78,9.52,28.69,20.42
"1298",15.74,25.8,9.52,28.7,20.34
"1299",15.74,25.86,9.53,28.72,20.33
"1300",15.73,25.87,9.54,28.8,20.44
"1301",15.73,26.02,9.54,28.8,20.24
"1302",15.72,25.91,9.54,28.8,20.5
"1303",15.72,25.91,9.54,28.78,20.51
"1304",15.72,25.89,9.54,28.72,20.55
"1305",15.72,25.88,9.55,28.72,20.46
"1306",15.72,25.88,9.56,28.76,20.57
"1307",15.72,25.94,9.57,28.79,20.57
"1308",15.72,25.92,9.57,28.81,20.59
"1309",15.73,25.93,9.57,28.81,20.65
"1310",15.74,25.93,9.56,28.79,20.7
"1311",15.74,25.92,9.57,28.81,20.68
"1312",15.75,25.9,9.57,28.79,20.77
"1313",15.75,25.925,9.57,28.77,20.74
"1314",15.75,25.95,9.58,28.81,20.67
"1315",15.75,25.94,9.58,28.82,20.75
"1316",15.75,25.99,9.59,28.9,20.8
"1317",15.76,25.95,9.6,28.91,20.75
"1318",15.76,25.98,9.6,28.9,20.72
"1319",15.76,26.03,9.6,28.91,20.73
"1320",15.76,26.08,9.61,28.93,20.64
"1321",15.77,26.19,9.63,29.01,20.72
"1322",15.77,26.14,9.64,29.02,20.81
"1323",15.77,26.13,9.64,28.97,20.87
"1324",15.77,26.17,9.65,28.98,20.87
"1325",15.77,26.18,9.66,28.99,20.91
"1326",15.77,26.26,9.65,29,20.86
"1327",15.76,26.28,9.65,29.05,20.86
"1328",15.76,26.22,9.65,29.03,20.86
"1329",15.77,26.2,9.65,29,20.89
"1330",15.77,26.16,9.65,28.98,20.92
"1331",15.76,26.2,9.65,29.04,20.92
"1332",15.77,26.2,9.66,29.04,20.91
"1333",15.78,26.225,9.67,29.05,20.86
"1334",15.78,26.25,9.67,29.06,20.84
"1335",15.78,26.26,9.66,29.07,20.84
"1336",15.78,26.21,9.66,29.03,20.83
"1337",15.77,26.27,9.66,29.07,20.87
"1338",15.78,26.24,9.67,29.07,20.88
"1339",15.78,26.28,9.67,29.08,20.81
"1340",15.79,26.26,9.68,29.04,20.91
"1341",15.79,26.23,9.69,29,20.91
"1342",15.79,26.18,9.67,28.96,20.94
"1343",15.79,26.22,9.67,28.95,20.92
"1344",15.79,26.22,9.68,28.98,20.97
"1345",15.79,26.22,9.68,29.04,20.87
"1346",15.8,26.26,9.68,29.13,20.82
"1347",15.8,26.28,9.68,29.15,20.75
"1348",15.79,26.28,9.68,29.16,20.82
"1349",15.8,26.34,9.69,29.16,20.77
"1350",15.8,26.35,9.69,29.18,20.76
"1351",15.81,26.31,9.68,29.19,20.82
"1352",15.81,26.35,9.7,29.21,20.84
"1353",15.81,26.34,9.72,29.23,20.89
"1354",15.81,26.34,9.72,29.22,20.9
"1355",15.81,26.44,9.72,29.24,20.82
"1356",15.81,26.41,9.73,29.34,20.86
"1357",15.81,26.53,9.74,29.45,20.62
"1358",15.81,26.58,9.75,29.47,20.64
"1359",15.8,26.6,9.75,29.48,20.65
"1360",15.81,26.64,9.76,29.54,20.45
"1361",15.81,26.6,9.76,29.54,20.51
"1362",15.8,26.57,9.77,29.52,20.53
"1363",15.82,26.5,9.77,29.48,20.73
"1364",15.81,26.51,9.77,29.44,20.76
"1365",15.81,26.5,9.77,29.42,20.73
"1366",15.81,26.51,9.77,29.41,20.77
"1367",15.81,26.53,9.78,29.41,20.8
"1368",15.81,26.51,9.78,29.44,20.81
"1369",15.81,26.53,9.79,29.45,20.8
"1370",15.81,26.57,9.8,29.51,20.82
"1371",15.82,26.54,9.8,29.51,20.89
"1372",15.83,26.48,9.81,29.45,20.91
"1373",15.82,26.51,9.81,29.4,20.91
"1374",15.82,26.45,9.81,29.38,20.9
"1375",15.83,26.47,9.81,29.35,20.89
"1376",15.82,26.52,9.81,29.41,20.94
"1377",15.82,26.495,9.805,29.395,20.925
"1378",15.82,26.47,9.8025,29.3875,20.91
"1379",15.82,26.53,9.8,29.38,20.95
"1380",15.82,26.59,9.81,29.44,20.86
"1381",15.82,26.58,9.8,29.43,20.83
"1382",15.82,26.63,9.8,29.48,20.82
"1383",15.82,26.58,9.82,29.47,20.82
"1384",15.82,26.64,9.82,29.46,20.8
"1385",15.825,26.64,9.82,29.475,20.83
"1386",15.83,26.57,9.82,29.49,20.8
"1387",15.83,26.63,9.81,29.48,20.81
"1388",15.83,26.68,9.81,29.48,20.75
"1389",15.83,26.73,9.81,29.54,20.68
"1390",15.83,26.67,9.81,29.56,20.71
"1391",15.825,26.7,9.805,29.55,20.6
"1392",15.82,26.73,9.8,29.54,20.65
"1393",15.82,26.79,9.8,29.55,20.53
"1394",15.82,26.77,9.79,29.58,20.59
"1395",15.82,26.82,9.8,29.61,20.58
"1396",15.81,26.76,9.81,29.63,20.56
"1397",15.82,26.78,9.8,29.65,20.5
"1398",15.81,26.74,9.8,29.62,20.5
"1399",15.81,26.72,9.8,29.6,20.6
"1400",15.81,26.75,9.8,29.62,20.56
"1401",15.8,26.87,9.8,29.69,20.48
"1402",15.8,26.8,9.81,29.74,20.49
"1403",15.81,26.845,9.81,29.75,20.49
"1404",15.8,26.89,9.81,29.77,20.48
"1405",15.8,26.92,9.82,29.86,20.55
"1406",15.8,26.95,9.825,29.895,20.53
"1407",15.8,27.08,9.83,29.93,20.4
"1408",15.81,27.18,9.85,30.01,20.33
"1409",15.81,27.12,9.86,30.05,20.44
"1410",15.81,27.12,9.87,30.07,20.46
"1411",15.81,27.09,9.87,30.1,20.4
"1412",15.81,27.17,9.88,30.18,20.37
"1413",15.815,27.09,9.89,30.165,20.49
"1414",15.82,27.1,9.9,30.15,20.56
"1415",15.81,27.13,9.9,30.16,20.59
"1416",15.81,27.18,9.9,30.18,20.6
"1417",15.81,27.15,9.91,30.24,20.63
"1418",15.81,27.16,9.91,30.22,20.62
"1419",15.84,27.21,9.92,30.35,20.66
"1420",15.85,27.3,9.94,30.34,20.69
"1421",15.86,27.36,9.97,30.5,20.68
"1422",15.86,27.25,9.98,30.44,20.68
"1423",15.85,27.34,9.97,30.44,20.61
"1424",15.85,27.36,9.98,30.49,20.59
"1425",15.85,27.29,9.98,30.47,20.61
"1426",15.85,27.38,9.98,30.43,20.6
"1427",15.86,27.39,9.99,30.48,20.62
"1428",15.86,27.33,10,30.5,20.72
"1429",15.87,27.42,10,30.55,20.7
"1430",15.88,27.45,10.02,30.69,20.69
"1431",15.88,27.385,10.03,30.75,20.73
"1432",15.89,27.32,10.03,30.64,20.82
"1433",15.87,27.34,10.02,30.64,20.86
"1434",15.87,27.3,10.01,30.59,20.84
"1435",15.87,27.33,10,30.53,20.87
"1436",15.88,27.26,10.01,30.53,20.96
"1437",15.87,27.3,10.01,30.43,20.97
"1438",15.87,27.32,10.01,30.49,20.92
"1439",15.88,27.29,10.02,30.52,20.93
"1440",15.88,27.37,10.01,30.56,20.89
"1441",15.88,27.4,10.02,30.61,20.9
"1442",15.89,27.4,10.02,30.63,20.93
"1443",15.89,27.4,10.03,30.66,20.92
"1444",15.89,27.34,10.03,30.66,20.94
"1445",15.89,27.39,10.04,30.72,20.95
"1446",15.91,27.33,10.04,30.71,20.93
"1447",15.89,27.31,10.03,30.69,20.95
"1448",15.89,27.34,10.04,30.73,20.91
"1449",15.88,27.32,10.03,30.72,20.89
"1450",15.89,27.36,10.03,30.75,20.88
"1451",15.88,27.56,10.03,30.8,20.77
"1452",15.88,27.59,10.04,30.95,20.7
"1453",15.88,27.74,10.03,31.05,20.41
"1454",15.88,27.75,10.03,31.06,20.4
"1455",15.89,27.83,10.03,31.26,20.37
"1456",15.89,27.77,10.04,31.12,20.47
"1457",15.88,27.72,10.04,31.14,20.52
"1458",15.88,27.87,10.03,31.14,20.17
"1459",15.88,27.77,10.03,31.19,20.11
"1460",15.88,27.91,10.02,31.26,19.92
"1461",15.88,27.98,10.03,31.355,19.91
"1462",15.88,27.99,10.04,31.45,19.97
"1463",15.88,27.88,10.04,31.33,19.97
"1464",15.88,27.95,10.04,31.37,19.93
"1465",15.88,27.92,10.05,31.37,20.02
"1466",15.88,27.87,10.05,31.32,20.01
"1467",15.88,28.04,10.05,31.28,19.9
"1468",15.88,27.98,10.05,31.4,19.87
"1469",15.88,28.09,10.05,31.45,19.79
"1470",15.89,28.13,10.06,31.58,19.72
"1471",15.89,28.06,10.07,31.56,19.68
"1472",15.9,28.1,10.06,31.54,19.73
"1473",15.89,28.135,10.07,31.54,19.72
"1474",15.89,28.17,10.07,31.58,19.73
"1475",15.89,28.25,10.07,31.55,19.74
"1476",15.89,28.08,10.08,31.41,19.77
"1477",15.88,28.13,10.06,31.39,19.81
"1478",15.88,28.01,10.07,31.32,19.82
"1479",15.87,27.85,10.06,31.23,19.86
"1480",15.86,27.84,10.05,31.11,19.86
"1481",15.88,27.77,10.05,31.19,19.8
"1482",15.86,27.62,10.05,31.01,19.8
"1483",15.86,27.73,10.04,30.96,19.83
"1484",15.86,27.76,10.05,31,19.77
"1485",15.86,27.78,10.05,31.08,19.77
"1486",15.86,27.82,10.05,31.13,19.76
"1487",15.85,27.85,10.05,31.14,19.79
"1488",15.85,27.94,10.06,31.25,19.79
"1489",15.86,28.03,10.07,31.29,19.75
"1490",15.85,27.87,10.07,31.36,19.83
"1491",15.85,27.94,10.05,31.29,19.81
"1492",15.85,27.96,10.06,31.32,19.8
"1493",15.85,27.97,10.08,31.3,19.81
"1494",15.85,28.05,10.08,31.21,19.8
"1495",15.86,28.11,10.08,31.28,19.81
"1496",15.86,28.23,10.08,31.39,19.84
"1497",15.86,28.26,10.09,31.44,19.86
"1498",15.86,28.18,10.1,31.44,19.82
"1499",15.86,28.19,10.08,31.44,19.83
"1500",15.86,28.12,10.09,31.39,19.81
"1501",15.85,28,10.08,31.27,19.79
"1502",15.85,27.91,10.08,31.12,19.78
"1503",15.85,27.97,10.07,31.13,19.77
"1504",15.85,27.89,10.08,31.15,19.73
"1505",15.85,27.94,10.08,31.06,19.71
"1506",15.85,27.94,10.09,31.05,19.65
"1507",15.85,27.98,10.09,31.04,19.67
"1508",15.85,27.91,10.09,30.98,19.69
"1509",15.85,27.96,10.09,31.02,19.73
"1510",15.85,27.97,10.09,31.07,19.75
"1511",15.84,27.97,10.1,31.08,19.77
"1512",15.85,27.91,10.1,31.06,19.81
"1513",15.84,27.84,10.11,30.94,19.79
"1514",15.84,27.87,10.1,30.93,19.78
"1515",15.84,27.91,10.1,30.97,19.73
"1516",15.85,28.09,10.09,31.11,19.73
"1517",15.85,28.04,10.11,31.095,19.74
"1518",15.85,27.98,10.13,31.08,19.77
"1519",15.84,27.86,10.13,30.98,19.81
"1520",15.84,27.95,10.11,30.94,19.75
"1521",15.84,27.75,10.14,30.89,19.77
"1522",15.83,27.76,10.11,30.79,19.76
"1523",15.83,27.75,10.11,30.79,19.77
"1524",15.83,27.8,10.11,30.75,19.75
"1525",15.83,27.84,10.09,30.82,19.74
"1526",15.83,27.91,10.09,30.88,19.76
"1527",15.82,27.9,10.1,30.88,19.72
"1528",15.83,27.94,10.1,30.91,19.67
"1529",15.83,27.96,10.1,30.91,19.65
"1530",15.83,28.02,10.09,30.98,19.63
"1531",15.82,27.98,10.09,30.94,19.66
"1532",15.82,27.97,10.09,30.93,19.66
"1533",15.82,28,10.09,30.95,19.62
"1534",15.82,28.03,10.09,30.99,19.58
"1535",15.82,27.98,10.1,30.99,19.57
"1536",15.82,27.975,10.1,30.96,19.62
"1537",15.82,27.97,10.1,30.95,19.59
"1538",15.82,27.88,10.11,30.83,19.59
"1539",15.82,28.09,10.08,30.89,19.58
"1540",15.82,28,10.1,30.94,19.58
"1541",15.82,27.96,10.1,30.86,19.61
"1542",15.81,27.91,10.11,30.84,19.71
"1543",15.82,27.94,10.11,30.87,19.7
"1544",15.82,27.95,10.11,30.86,19.68
"1545",15.82,28.02,10.12,30.89,19.64
"1546",15.83,27.85,10.14,30.91,19.65
"1547",15.83,28.01,10.14,30.87,19.64
"1548",15.83,27.91,10.16,30.93,19.66
"1549",15.83,27.93,10.15,30.9,19.67
"1550",15.83,27.87,10.17,30.89,19.73
"1551",15.83,27.89,10.17,30.83,19.73
"1552",15.83,27.88,10.17,30.83,19.75
"1553",15.83,27.85,10.17,30.85,19.76
"1554",15.83,27.88,10.17,30.85,19.81
"1555",15.83,27.88,10.17,30.85,19.81
"1556",0.141901747680667,0.256173973552223,0.10192427876711,0.1,0.4
