"","LU0261952922","LU0811022283","LU0249332452","LU0170475312","LU0029872446"
"1",10.8627,7.17,119.05972,29.28,8.2
"2",10.8627,7.17,119.05972,29.28,8.2
"3",10.8627,7.167,119.01023,29.31,8.2
"4",10.8628,7.163,119.13892,29.24,8.21
"5",10.8628,7.163,119.4161,29.28,8.22
"6",10.8628,7.168,119.3567,29.3,8.2
"7",10.8628,7.165,119.55469,29.29,8.21
"8",10.8628,7.173,120.17835,29.32,8.24
"9",10.8629,7.197,120.33674,29.26,8.25
"10",10.8629,7.197,120.22785,29.36,8.23
"11",10.8629,7.195,120.13876,29.29,8.22
"12",10.8629,7.2,120.33674,29.28,8.24
"13",10.8629,7.213,120.42584,29.25,8.24
"14",10.863,7.215,120.38624,29.27,8.24
"15",10.863,7.208,120.30704,29.2,8.25
"16",10.863,7.205,120.18826,29.17,8.24
"17",10.863,7.201,120.50503,28.93,8.26
"18",10.8631,7.208,120.73272,28.7,8.27
"19",10.8631,7.194,120.48523,28.7,8.26
"20",10.8631,7.198,120.41594,28.79,8.27
"21",10.8631,7.211,120.81191,28.59,8.3
"22",10.8631,7.215,120.9109,28.6,8.29
"23",10.8632,7.218,121.15839,28.47,8.3
"24",10.8632,7.221,121.58406,28.32,8.33
"25",10.8632,7.216,121.19799,28.56,8.31
"26",10.8632,7.216,120.9604,28.64,8.3
"27",10.8632,7.219,120.67332,28.7,8.31
"28",10.8633,7.219,120.9406,28.75,8.32
"29",10.8633,7.231,120.76241,28.68,8.32
"30",10.8633,7.237,120.41594,28.79,8.31
"31",10.8633,7.239,120.02986,28.83,8.29
"32",10.8633,7.238,120.35654,28.74,8.3
"33",10.8634,7.251,120.38624,28.81,8.29
"34",10.8634,7.254,120.46544,28.88,8.3
"35",10.8634,7.27,120.67332,28.81,8.3
"36",10.8634,7.282,120.57433,28.72,8.29
"37",10.8635,7.276,120.23775,28.72,8.29
"38",10.8635,7.276,120.48523,28.84,8.29
"39",10.8635,7.283,120.60403,28.92,8.29
"40",10.8635,7.287,120.85151,28.92,8.31
"41",10.8635,7.294,121.0693,28.91,8.32
"42",10.8636,7.309,121.34648,28.89,8.32
"43",10.8636,7.315,121.48507,28.95,8.32
"44",10.8636,7.317,121.92064,28.74,8.34
"45",10.8636,7.327,121.64346,28.94,8.32
"46",10.8636,7.327,121.74246,29.02,8.32
"47",10.8637,7.33,121.41578,29.18,8.31
"48",10.8637,7.331,121.23759,29.13,8.3
"49",10.8637,7.333,121.13859,29.05,8.3
"50",10.8637,7.321,121.22768,28.96,8.3
"51",10.8637,7.328,121.38608,28.87,8.31
"52",10.8638,7.33,121.80185,28.79,8.33
"53",10.8638,7.333,121.91074,28.77,8.32
"54",10.8638,7.325,121.78205,28.88,8.3
"55",10.8638,7.324,121.91074,28.88,8.31
"56",10.8639,7.321,121.37618,28.92,8.28
"57",10.8639,7.293,120.82181,28.83,8.27
"58",10.8639,7.297,121.14849,28.8,8.28
"59",10.8639,7.303,121.40587,28.86,8.28
"60",10.8639,7.313,121.51477,28.93,8.28
"61",10.864,7.325,121.82165,28.97,8.29
"62",10.864,7.34,122.08893,29.13,8.3
"63",10.864,7.346,121.69296,29.21,8.29
"64",10.864,7.344,121.78205,29.32,8.28
"65",10.864,7.345,121.58406,29.41,8.29
"66",10.8641,7.356,121.18809,29.41,8.28
"67",10.8641,7.347,121.32668,29.37,8.28
"68",10.8641,7.347,121.87115,29.44,8.31
"69",10.8641,7.365,121.94044,29.42,8.32
"70",10.8641,7.376,121.84145,29.41,8.32
"71",10.8642,7.384,121.92064,29.5,8.31
"72",10.8642,7.393,122.5542,29.44,8.33
"73",10.8642,7.394,122.64329,29.42,8.33
"74",10.8642,7.394,122.5245,29.38,8.32
"75",10.8643,7.389,122.83138,29.32,8.32
"76",10.8643,7.392,122.92048,29.37,8.32
"77",10.8643,7.395,122.71259,29.45,8.29
"78",10.8643,7.39,122.618545,29.45,8.29
"79",10.8643,7.3875,122.5715225,29.45,8.29
"80",10.8644,7.385,122.5245,29.41,8.3
"81",10.8644,7.386,122.87098,29.36,8.31
"82",10.8644,7.388,122.79179,29.33,8.32
"83",10.8644,7.395,122.92048,29.27,8.32
"84",10.8644,7.391,122.69279,29.35,8.32
"85",10.8645,7.384,122.5641,29.43,8.32
"86",10.8645,7.388,122.92048,29.38,8.33
"87",10.8645,7.396,123.18776,29.38,8.36
"88",10.8645,7.404,123.45504,29.39,8.36
"89",10.8645,7.407,123.30655,29.4,8.36
"90",10.8646,7.431,123.33625,29.41,8.36
"91",10.8646,7.428,123.25706,29.55,8.37
"92",10.8646,7.438,123.50454,29.61,8.37
"93",10.8646,7.447,123.33625,29.64,8.35
"94",10.8646,7.45,123.06897,29.67,8.34
"95",10.8647,7.445,123.32635,29.73,8.35
"96",10.8647,7.466,123.90052,29.71,8.37
"97",10.8647,7.485,124.57367,29.63,8.37
"98",10.8647,7.489,124.44498,29.68,8.36
"99",10.8648,7.486,124.26679,29.73,8.35
"100",10.8648,7.48,124.1084,29.67,8.37
"101",10.8648,7.482,123.90052,29.71,8.38
"102",10.8648,7.486,124.00941,29.8,8.38
"103",10.8648,7.488,124.1381,29.85,8.38
"104",10.8649,7.501,124.1579,29.85,8.38
"105",10.8649,7.515,124.1282,29.83,8.38
"106",10.8649,7.527,124.84096,29.84,8.39
"107",10.8649,7.533,124.84096,29.89,8.39
"108",10.8649,7.539,124.84096,29.88,8.38
"109",10.865,7.537,124.27669,29.89,8.38
"110",10.865,7.524,123.78172,29.87,8.37
"111",10.865,7.517,123.37585,29.89,8.37
"112",10.865,7.519,123.68273,29.97,8.39
"113",10.865,7.531,123.73222,30.14,8.38
"114",10.8651,7.5315,123.59858,30.17,8.37
"115",10.8651,7.532,123.46494,30.13,8.36
"116",10.8651,7.526,123.44514,30.08,8.36
"117",10.8651,7.527,123.60353,30.03,8.37
"118",10.8651,7.534,123.58373,30.06,8.37
"119",10.8652,7.537,123.78172,29.96,8.38
"120",10.8652,7.525,123.59363,29.93,8.36
"121",10.8652,7.525,123.94011,29.96,8.37
"122",10.8652,7.533,124.0787,30.02,8.38
"123",10.8652,7.527,124.03911,29.98,8.39
"124",10.8653,7.5305,124.148,30.01,8.38
"125",10.8653,7.534,124.25689,30.03,8.38
"126",10.8653,7.537,124.68256,30.03,8.39
"127",10.8653,7.541,124.85086,30.03,8.39
"128",10.8653,7.548,124.92015,30.03,8.4
"129",10.8654,7.554,124.94985,30.04,8.4
"130",10.8654,7.554,124.57367,30.06,8.4
"131",10.8654,7.55,124.1183,30.1,8.39
"132",10.8654,7.553,124.148,30.16,8.38
"133",10.8654,7.547,124.2074,30.16,8.38
"134",10.8655,7.55,124.29649,30.13,8.38
"135",10.8655,7.553,124.80136,30.17,8.39
"136",10.8655,7.565,124.97955,30.2,8.38
"137",10.8655,7.575,125.14783,30.12,8.39
"138",10.8655,7.586,125.25673,30.08,8.39
"139",10.8656,7.582,124.92015,30.15,8.37
"140",10.8656,7.583,124.82115,30.08,8.37
"141",10.8656,7.581,124.79146,30.08,8.37
"142",10.8656,7.578,125.26663,29.95,8.38
"143",10.8656,7.589,125.32602,29.99,8.38
"144",10.8657,7.595,125.42501,30.05,8.38
"145",10.8657,7.595,125.36562,30.1,8.38
"146",10.8657,7.599,125.41512,30.18,8.37
"147",10.8657,7.612,125.25673,30.11,8.36
"148",10.8657,7.614,125.54381,30.11,8.37
"149",10.8658,7.613,125.34583,30.09,8.37
"150",10.8658,7.622,125.7517,30.08,8.37
"151",10.8658,7.624,125.24683,30.07,8.35
"152",10.8658,7.605,125.28642,29.92,8.36
"153",10.8658,7.605,125.52401,29.72,8.39
"154",10.8659,7.58,125.50421,29.81,8.4
"155",10.8659,7.598,125.29633,29.78,8.39
"156",10.8659,7.599,125.49431,29.64,8.39
"157",10.8659,7.597,125.83089,29.54,8.4
"158",10.866,7.59,126.06847,29.58,8.39
"159",10.866,7.591,125.81109,29.69,8.38
"160",10.866,7.589,125.6923,29.74,8.38
"161",10.866,7.597,125.91998,29.77,8.39
"162",10.866,7.6,126.19717,29.91,8.39
"163",10.8661,7.618,126.241715,29.94,8.39
"164",10.8661,7.636,126.28626,30.04,8.38
"165",10.8661,7.642,126.27636,30.1,8.38
"166",10.8661,7.639,126.17737,30.06,8.38
"167",10.8661,7.639,126.32586,30.06,8.39
"168",10.8662,7.634,126.23676,30.09,8.39
"169",10.8662,7.652,126.39516,30.07,8.4
"170",10.8662,7.654,126.64264,30.16,8.39
"171",10.8662,7.666,126.99901,30.2,8.4
"172",10.8663,7.666,127.3158,30.11,8.4
"173",10.8663,7.677,127.4148,30.17,8.4
"174",10.8663,7.678,127.47419,30.19,8.4
"175",10.8663,7.678,127.05842,30.12,8.41
"176",10.8663,7.669,126.90003,30.13,8.41
"177",10.8664,7.656,126.53375,30.22,8.41
"178",10.8664,7.659,126.43475,30.25,8.41
"179",10.8664,7.661,126.10807,30.3,8.42
"180",10.8664,7.666,125.44482,30.11,8.4
"181",10.8664,7.654,124.94985,30.16,8.39
"182",10.8665,7.645,125.11814,30.16,8.39
"183",10.8665,7.643,124.51427,30.12,8.37
"184",10.8665,7.632,124.50437,30.04,8.38
"185",10.8665,7.612,124.42518,30.1,8.38
"186",10.8665,7.619,124.1777,30.17,8.38
"187",10.8666,7.617,123.62333,30.15,8.38
"188",10.8666,7.612,124.29649,30.21,8.39
"189",10.8666,7.614,124.44498,30.14,8.39
"190",10.8666,7.628,124.82115,30.09,8.4
"191",10.8667,7.632,124.79146,30.19,8.39
"192",10.8667,7.632,125.01914,29.99,8.4
"193",10.8667,7.636,124.74196,29.96,8.4
"194",10.8667,7.65,124.90035,29.81,8.41
"195",10.8667,7.621,124.93995,29.89,8.41
"196",10.8668,7.618,125.55371,29.83,8.44
"197",10.8668,7.624,125.42501,29.87,8.44
"198",10.8668,7.637,125.13794,29.92,8.44
"199",10.8668,7.632,125.29633,29.94,8.44
"200",10.8668,7.631,125.7319,29.86,8.45
"201",10.8669,7.639,125.99918,29.87,8.45
"202",10.8669,7.651,126.02888,29.94,8.45
"203",10.8669,7.666,126.21697,29.77,8.44
"204",10.8669,7.659,126.55354,29.81,8.45
"205",10.8669,7.656,126.52385,29.72,8.45
"206",10.867,7.671,127.44449,29.51,8.46
"207",10.867,7.667,126.97922,29.46,8.45
"208",10.867,7.685,126.61294,29.67,8.46
"209",10.867,7.659,126.85053,29.65,8.46
"210",10.867,7.67,126.77133,29.73,8.46
"211",10.8671,7.685,126.57335,29.79,8.46
"212",10.8671,7.7,126.16747,29.81,8.45
"213",10.8671,7.695,125.94969,29.85,8.46
"214",10.8671,7.694,126.01898,29.8,8.47
"215",10.8672,7.692,126.01898,29.96,8.46
"216",10.8672,7.689,125.87049,30.02,8.45
"217",10.8672,7.689,126.00908,30.05,8.46
"218",10.8672,7.682,125.83089,30.11,8.46
"219",10.8672,7.689,125.59331,30.05,8.47
"220",10.8673,7.691,125.91009,30,8.47
"221",10.8673,7.683,125.81109,30,8.47
"222",10.8673,7.688,125.79129,30.01,8.47
"223",10.8673,7.672,126.34566,29.99,8.47
"224",10.8673,7.678,126.29616,30.05,8.46
"225",10.8674,7.702,126.26647,30.05,8.46
"226",10.8674,7.703,126.24666,30.05,8.46
"227",10.8674,7.694,126.15757,29.99,8.47
"228",10.8674,7.697,126.39516,29.96,8.47
"229",10.8675,7.711,126.14767,29.97,8.47
"230",10.8675,7.707,126.10807,30.01,8.48
"231",10.8675,7.706,125.722,29.99,8.47
"232",10.8675,7.703,126.06847,29.99,8.48
"233",10.8675,7.701,126.55354,30.14,8.48
"234",10.8676,7.702,126.77133,30.11,8.49
"235",10.8676,7.723,127.29599,30.12,8.5
"236",10.8676,7.731,127.65237,30.11,8.49
"237",10.8676,7.73,127.92955,30.13,8.49
"238",10.8676,7.732,127.80087,29.97,8.5
"239",10.8677,7.751,127.70187,29.81,8.51
"240",10.8677,7.737,127.09801,29.8,8.5
"241",10.8677,7.716,127.2663,29.85,8.5
"242",10.8677,7.723,127.57318,29.78,8.5
"243",10.8677,7.726,127.2069,29.78,8.5
"244",10.8678,7.713,127.38509,29.69,8.49
"245",10.8678,7.72,127.96916,29.61,8.48
"246",10.8678,7.724,127.86027,29.33,8.49
"247",10.8678,7.723,127.90977,29.28,8.48
"248",10.8678,7.719,128.33543,29.11,8.49
"249",10.8679,7.717,128.04836,28.91,8.48
"250",10.8679,7.703,128.21664,28.71,8.48
"251",10.8679,7.681,128.02855,28.97,8.48
"252",10.8679,7.672,127.02872,29.23,8.48
"253",10.8679,7.668,127.2168,29.31,8.48
"254",10.868,7.676,127.54348,29.32,8.49
"255",10.868,7.684,126.98912,29.28,8.47
"256",10.868,7.677,126.73174,29.26,8.48
"257",10.868,7.6735,127.013865,29.27,8.48
"258",10.868,7.67175,127.1549275,29.28,8.48
"259",10.8681,7.67,127.29599,29.29,8.49
"260",10.8681,7.672,127.1871,29.25,8.49
"261",10.8681,7.685,127.50389,29.29,8.49
"262",10.8681,7.6745,127.721675,29.235,8.5
"263",10.8681,7.66925,127.93946,29.18,8.51
"264",10.8682,7.664,128.35524,29.02,8.52
"265",10.8682,7.679,128.66211,28.91,8.53
"266",10.8682,7.667,128.56311,29.02,8.51
"267",10.8682,7.658,128.34533,29.25,8.5
"268",10.8682,7.65,129.05808,29.23,8.51
"269",10.8683,7.663,129.08778,29.12,8.5
"270",10.8683,7.664,129.07788,29.11,8.5
"271",10.8683,7.687,130.08763,29.08,8.5
"272",10.8683,7.68,130.5232,29.07,8.5
"273",10.8683,7.68,130.46379,29.26,8.49
"274",10.8684,7.69,130.95876,29.19,8.49
"275",10.8684,7.692,131.26565,29.2,8.49
"276",10.8684,7.694,131.13696,29.17,8.49
"277",10.8684,7.692,131.04787,29.46,8.5
"278",10.8685,7.732,131.85961,29.61,8.51
"279",10.8685,7.734,131.41414,29.6,8.5
"280",10.8685,7.738,131.39433,29.54,8.5
"281",10.8685,7.758,131.59232,29.4,8.51
"282",10.8685,7.771,131.38444,29.35,8.51
"283",10.8686,7.781,132.30507,29.14,8.52
"284",10.8686,7.794,132.32488,29.15,8.53
"285",10.8686,7.789,131.49333,29.39,8.53
"286",10.8686,7.779,131.07756,29.38,8.53
"287",10.8686,7.776,130.77068,29.42,8.53
"288",10.8687,7.773,129.51346,29.55,8.52
"289",10.8687,7.755,129.41446,29.5,8.52
"290",10.8687,7.737,128.57302,29.4,8.51
"291",10.8687,7.738,128.41463,29.28,8.51
"292",10.8688,7.732,128.32554,29.33,8.52
"293",10.8688,7.747,128.12754,29.43,8.53
"294",10.8688,7.751,127.89986,29.44,8.53
"295",10.8688,7.753,127.52369,29.42,8.5
"296",10.8689,7.753,127.70187,29.33,8.51
"297",10.8689,7.734,127.80087,29.27,8.51
"298",10.8689,7.744,128.21664,29.25,8.5
"299",10.8689,7.745,128.32554,29.23,8.51
"300",10.8689,7.746,128.88979,29.33,8.53
"301",10.869,7.796,129.26598,29.39,8.52
"302",10.869,7.798,129.35507,29.58,8.52
"303",10.869,7.789,129.46396,29.6,8.54
"304",10.869,7.792,128.7314,29.59,8.53
"305",10.869,7.802,128.13745,29.59,8.53
"306",10.8691,7.786,127.74146,29.52,8.54
"307",10.8691,7.782,127.62268,29.51,8.54
"308",10.8691,7.786,126.72183,29.45,8.51
"309",10.8691,7.767,126.47435,29.39,8.52
"310",10.8692,7.768,127.29599,29.22,8.53
"311",10.8692,7.765,127.38509,29.48,8.52
"312",10.8692,7.786,127.85036,29.39,8.52
"313",10.8692,7.779,127.57318,29.25,8.52
"314",10.8692,7.779,127.42469,29.24,8.53
"315",10.8693,7.776,128.03845,29.2,8.53
"316",10.8693,7.774,130.19652,29.13,8.54
"317",10.8693,7.815,131.29535,29.13,8.54
"318",10.8693,7.809,131.9388,29.1,8.54
"319",10.8693,7.819,131.63192,29.26,8.54
"320",10.8694,7.827,131.9685,29.32,8.55
"321",10.8694,7.828,132.27538,29.24,8.55
"322",10.8694,7.83,131.45373,29.24,8.54
"323",10.8694,7.812,131.77052,29.13,8.54
"324",10.8695,7.825,131.12706,29.19,8.55
"325",10.8695,7.827,130.94887,29.25,8.56
"326",10.8695,7.827,131.65173,29.37,8.58
"327",10.8695,7.86,131.44383,29.45,8.57
"328",10.8695,7.864,131.617075,29.495,8.58
"329",10.8696,7.866,131.7036975,29.54,8.59
"330",10.8696,7.868,131.79032,29.62,8.58
"331",10.8696,7.851,131.84971,29.73,8.58
"332",10.8696,7.867,131.52303,29.77,8.57
"333",10.8696,7.868,131.54283,29.71,8.57
"334",10.8697,7.861,131.66162,29.54,8.57
"335",10.8697,7.881,132.10709,29.55,8.57
"336",10.8697,7.885,132.25559,29.51,8.57
"337",10.8697,7.887,132.1467,29.57,8.57
"338",10.8697,7.894,132.53277,29.51,8.57
"339",10.8698,7.893,132.34468,29.56,8.57
"340",10.8698,7.884,132.018,29.58,8.57
"341",10.8698,7.881,131.29535,29.71,8.57
"342",10.8698,7.879,131.50323,29.64,8.57
"343",10.8698,7.873,131.9685,29.65,8.58
"344",10.8699,7.886,131.86951,29.82,8.58
"345",10.8699,7.887,131.41414,29.88,8.57
"346",10.8699,7.869,130.30541,29.76,8.57
"347",10.8699,7.861,130.75088,29.52,8.57
"348",10.8699,7.8605,130.290555,29.47,8.57
"349",10.87,7.86,129.83023,29.54,8.57
"350",10.87,7.843,129.13728,29.53,8.56
"351",10.87,7.828,128.7314,29.46,8.55
"352",10.87,7.827,129.08778,29.4,8.57
"353",10.87,7.806,130.5232,29.58,8.58
"354",10.8701,7.831,130.3945,29.52,8.54
"355",10.8701,7.799,129.97873,29.39,8.54
"356",10.8701,7.824,129.91934,29.36,8.53
"357",10.8701,7.829,130.34501,29.48,8.54
"358",10.8701,7.834,130.77068,29.5,8.55
"359",10.8702,7.836,128.8502,29.54,8.54
"360",10.8702,7.842,128.71161,29.58,8.53
"361",10.8702,7.827,128.59281,29.65,8.53
"362",10.8702,7.83,128.63242,29.58,8.54
"363",10.8702,7.856,128.68192,29.68,8.54
"364",10.8703,7.8545,128.751215,29.64,8.545
"365",10.8703,7.853,128.82051,29.6,8.55
"366",10.8703,7.856,128.71161,29.62,8.55
"367",10.8703,7.856,128.98879,29.59,8.55
"368",10.8703,7.853,129.80053,29.53,8.55
"369",10.8704,7.855,129.17688,29.55,8.56
"370",10.8704,7.838,128.36513,29.45,8.54
"371",10.8704,7.825,126.82083,29.38,8.51
"372",10.8704,7.823,127.35539,29.3,8.53
"373",10.8704,7.794,127.02872,29.32,8.51
"374",10.8705,7.798,127.16731,29.13,8.51
"375",10.8705,7.779,126.68224,29.21,8.5
"376",10.8705,7.743,126.05857,29.2,8.48
"377",10.8705,7.741,126.61294,29.21,8.5
"378",10.8705,7.768,127.16731,29.2,8.49
"379",10.8706,7.766,127.05842,29.07,8.49
"380",10.8706,7.762,127.48409,29.1,8.5
"381",10.8706,7.766,127.45439,29.14,8.5
"382",10.8706,7.794,127.4148,29.19,8.5
"383",10.8706,7.79,127.61278,29.11,8.51
"384",10.8707,7.789,126.94953,29.29,8.5
"385",10.8707,7.785,126.93468,29.45,8.49
"386",10.8707,7.781,126.91983,29.33,8.5
"387",10.8707,7.78,126.73174,29.3,8.49
"388",10.8707,7.775,126.30606,29.27,8.48
"389",10.8708,7.773,127.11781,28.94,8.5
"390",10.8708,7.771,127.63257,29.04,8.5
"391",10.8708,7.762,126.88022,29.16,8.5
"392",10.8708,7.762,127.00892,29.19,8.51
"393",10.8708,7.765,127.81077,29.16,8.5
"394",10.8709,7.791,127.75137,29.08,8.52
"395",10.8709,7.796,128.99869,28.99,8.52
"396",10.8709,7.771,128.8007,28.75,8.52
"397",10.8709,7.77,128.08795,29.02,8.5
"398",10.8709,7.761,126.81094,29.19,8.48
"399",10.871,7.748,126.43475,29.39,8.48
"400",10.871,7.753,126.43475,29.32,8.49
"401",10.871,7.763,126.81094,29.32,8.49
"402",10.871,7.766,127.17721,29.41,8.5
"403",10.8711,7.778,127.32569,29.36,8.51
"404",10.8711,7.781,127.3158,29.33,8.5
"405",10.8711,7.782,127.2465,29.26,8.5
"406",10.8711,7.792,127.71177,29.16,8.51
"407",10.8711,7.793,127.94936,28.92,8.51
"408",10.8712,7.798,128.28593,28.75,8.51
"409",10.8712,7.792,128.41463,28.58,8.52
"410",10.8712,7.788,128.29584,28.64,8.51
"411",10.8712,7.79,128.13745,28.77,8.5
"412",10.8712,7.784,128.57302,28.7,8.5
"413",10.8713,7.79,129.18678,28.66,8.52
"414",10.8713,7.809,129.29567,28.57,8.52
"415",10.8713,7.811,129.0086,28.6,8.51
"416",10.8713,7.791,128.24634,28.55,8.51
"417",10.8714,7.788,128.45422,28.47,8.51
"418",10.8714,7.796,128.99869,28.41,8.51
"419",10.8714,7.803,128.47402,28.44,8.5
"420",10.8714,7.806,129.29567,28.18,8.51
"421",10.8714,7.791,129.33526,27.98,8.51
"422",10.8715,7.779,128.8502,27.97,8.5
"423",10.8715,7.779,128.65222,27.91,8.49
"424",10.8715,7.771,128.88979,27.89,8.49
"425",10.8715,7.77,128.30574,27.98,8.49
"426",10.8715,7.759,128.44433,27.74,8.51
"427",10.8716,7.763,128.91949,27.48,8.52
"428",10.8716,7.738,128.98879,27.06,8.52
"429",10.8716,7.705,128.8502,26.39,8.52
"430",10.8716,7.693,127.69198,26.6,8.52
"431",10.8716,7.678,127.02872,26.91,8.5
"432",10.8717,7.689,127.38509,27.47,8.51
"433",10.8717,7.707,127.66228,27.6,8.5
"434",10.8717,7.698,127.46428,27.57,8.5
"435",10.8717,7.688,127.52369,27.27,8.52
"436",10.8717,7.685,127.1871,27.35,8.51
"437",10.8718,7.682,127.59298,27.38,8.52
"438",10.8718,7.694,128.28593,27.1,8.52
"439",10.8718,7.693,128.21664,26.98,8.53
"440",10.8718,7.685,127.78107,27.18,8.52
"441",10.8718,7.683,127.74146,27.23,8.52
"442",10.8719,7.685,127.76127,27.2,8.51
"443",10.8719,7.689,128.09784,27.18,8.51
"444",10.8719,7.697,127.61278,27.2,8.51
"445",10.8719,7.697,126.90003,27.34,8.49
"446",10.872,7.674,126.68224,27.42,8.49
"447",10.872,7.68,127.16731,27.3,8.53
"448",10.872,7.727,127.88005,27.41,8.54
"449",10.872,7.725,126.90003,27.44,8.52
"450",10.872,7.728,127.43459,27.21,8.53
"451",10.8721,7.724,127.43459,26.95,8.52
"452",10.8721,7.72,127.71177,26.92,8.52
"453",10.8721,7.701,126.68224,26.98,8.51
"454",10.8721,7.708,126.94953,26.65,8.52
"455",10.8721,7.67,127.16731,26.61,8.53
"456",10.8722,7.672,127.14751,26.88,8.54
"457",10.8722,7.685,127.93946,26.88,8.55
"458",10.8722,7.691,128.59281,26.94,8.56
"459",10.8722,7.716,127.98895,27.26,8.56
"460",10.8722,7.728,128.09784,27.21,8.56
"461",10.8723,7.748,127.99886,27.49,8.55
"462",10.8723,7.747,127.78107,27.7,8.54
"463",10.8723,7.758,127.40489,27.77,8.53
"464",10.8723,7.762,127.70187,27.76,8.53
"465",10.8724,7.778,127.3158,27.45,8.54
"466",10.8724,7.781,127.73157,27.43,8.55
"467",10.8724,7.803,127.53359,27.75,8.55
"468",10.8724,7.81,127.3653,27.69,8.55
"469",10.8725,7.814,127.00892,27.63,8.55
"470",10.8725,7.814,126.71194,27.55,8.54
"471",10.8725,7.808,127.2168,27.44,8.55
"472",10.8725,7.815,127.70187,27.88,8.56
"473",10.8725,7.828,127.66228,27.96,8.55
"474",10.8726,7.836,127.86027,27.94,8.55
"475",10.8726,7.84,128.29584,27.87,8.56
"476",10.8726,7.84,127.93946,27.98,8.54
"477",10.8726,7.825,127.12771,27.92,8.52
"478",10.8726,7.81,127.3653,27.91,8.54
"479",10.8727,7.805,126.93962,27.95,8.55
"480",10.8727,7.808,126.48425,28.16,8.54
"481",10.8727,7.814,126.26647,28.26,8.53
"482",10.8727,7.807,126.19717,28.16,8.53
"483",10.8727,7.808,125.50421,28.27,8.52
"484",10.8728,7.778,125.50421,28.14,8.51
"485",10.8728,7.776,126.14767,28.22,8.5
"486",10.8728,7.776,125.97938,28.25,8.5
"487",10.8728,7.78,126.19717,28.1,8.5
"488",10.8728,7.782,126.32586,28.03,8.51
"489",10.8729,7.783,126.29616,28.1,8.52
"490",10.8729,7.786,126.26647,28.15,8.52
"491",10.8729,7.791,126.52385,28.38,8.52
"492",10.8729,7.795,126.85053,28.41,8.52
"493",10.8729,7.795,127.09801,28.55,8.51
"494",10.873,7.789,127.08812,28.48,8.51
"495",10.873,7.799,127.32569,28.56,8.51
"496",10.873,7.798,127.29599,28.66,8.51
"497",10.873,7.798,127.81077,28.58,8.51
"498",10.873,7.798,127.88005,28.43,8.51
"499",10.8731,7.793,127.83057,28.47,8.52
"500",10.8731,7.798,128.51363,28.45,8.55
"501",10.8731,7.813,128.44433,28.48,8.54
"502",10.8731,7.801,127.02872,28.2,8.51
"503",10.8731,7.774,126.73174,28.29,8.53
"504",10.8732,7.783,127.40489,28.07,8.54
"505",10.8732,7.787,127.27621,27.87,8.54
"506",10.8732,7.781,126.92972,27.68,8.54
"507",10.8732,7.78,126.65254,27.7,8.53
"508",10.8732,7.772,126.96931,27.26,8.55
"509",10.8733,7.765,126.29616,27.23,8.53
"510",10.8733,7.743,125.79129,27.55,8.52
"511",10.8733,7.743,125.6032,27.74,8.52
"512",10.8733,7.76,126.19717,27.79,8.52
"513",10.8733,7.766,126.49415,27.6,8.54
"514",10.8734,7.767,126.45455,27.55,8.53
"515",10.8734,7.773,125.83089,27.58,8.52
"516",10.8734,7.761,125.49431,27.61,8.51
"517",10.8734,7.763,125.78139,27.55,8.51
"518",10.8735,7.765,125.6725,27.6,8.52
"519",10.8735,7.763,125.44482,27.67,8.51
"520",10.8735,7.752,124.99934,27.52,8.51
"521",10.8735,7.754,125.43492,27.6,8.52
"522",10.8736,7.773,125.91009,27.31,8.54
"523",10.8736,7.78,125.92988,27.45,8.54
"524",10.8736,7.797,126.47435,27.11,8.55
"525",10.8736,7.796,126.26647,26.8,8.55
"526",10.8737,7.8,126.32586,26.71,8.55
"527",10.8737,7.799,126.07838,26.81,8.55
"528",10.8737,7.788,126.36546,26.73,8.55
"529",10.8737,7.799,126.63274,26.71,8.55
"530",10.8737,7.823,126.30606,26.71,8.55
"531",10.8738,7.828,126.43475,26.29,8.56
"532",10.8738,7.835,126.24666,26.38,8.56
"533",10.8738,7.848,126.16747,26.43,8.55
"534",10.8738,7.849,126.28626,26.17,8.56
"535",10.8738,7.833,126.15757,26.21,8.56
"536",10.8739,7.789,126.22687,26.75,8.55
"537",10.8739,7.796,126.54365,26.52,8.56
"538",10.8739,7.798,126.81094,26.65,8.57
"539",10.8739,7.799,127.01881,26.53,8.57
"540",10.8739,7.807,127.32569,26.7,8.58
"541",10.874,7.849,128.03845,27.14,8.59
"542",10.874,7.839,127.2663,27.12,8.58
"543",10.874,7.836,127.75137,26.69,8.6
"544",10.874,7.849,128.14734,26.56,8.6
"545",10.874,7.835,127.97905,26.51,8.59
"546",10.8741,7.855,127.99886,26.38,8.59
"547",10.8741,7.857,128.55322,26.04,8.59
"548",10.8741,7.871,127.91966,25.81,8.58
"549",10.8741,7.858,128.07805,25.71,8.59
"550",10.8742,7.863,128.66211,25.3,8.59
"551",10.8742,7.83,127.84046,25.58,8.58
"552",10.8742,7.828,127.85036,25.9,8.58
"553",10.8742,7.835,127.52369,25.79,8.58
"554",10.8742,7.835,127.1574,25.94,8.59
"555",10.8743,7.832,127.2069,25.92,8.6
"556",10.8743,7.847,127.2069,25.79,8.6
"557",10.8743,7.839,127.42469,26.07,8.6
"558",10.8743,7.841,127.62268,25.94,8.6
"559",10.8743,7.851,127.85036,25.86,8.6
"560",10.8744,7.842,127.95925,25.9,8.6
"561",10.8744,7.85,127.78107,26.09,8.6
"562",10.8744,7.857,128.42452,26.17,8.61
"563",10.8744,7.863,127.96916,26.52,8.61
"564",10.8745,7.863,128.04836,26.59,8.61
"565",10.8745,7.87,128.56311,26.63,8.61
"566",10.8745,7.878,128.36513,26.85,8.61
"567",10.8745,7.879,128.17704,26.85,8.6
"568",10.8745,7.885,129.12738,26.65,8.6
"569",10.8746,7.881,128.59281,26.86,8.59
"570",10.8746,7.892,128.57302,26.73,8.59
"571",10.8746,7.886,128.50372,27.06,8.59
"572",10.8746,7.896,128.47402,27.02,8.59
"573",10.8746,7.901,128.11764,26.71,8.58
"574",10.8747,7.897,128.57302,26.58,8.59
"575",10.8747,7.945,129.38476,26.82,8.6
"576",10.8747,7.951,129.87973,26.91,8.6
"577",10.8747,7.956,129.50357,26.97,8.59
"578",10.8747,7.951,129.55305,27.15,8.59
"579",10.8748,7.946,129.78075,27.02,8.59
"580",10.8748,7.966,129.20658,26.98,8.59
"581",10.8748,7.9655,129.53821,27.07,8.59
"582",10.8748,7.96525,129.704025,27.16,8.59
"583",10.8749,7.965,129.86984,27,8.6
"584",10.8749,7.983,129.85993,27.11,8.6
"585",10.8749,7.996,130.26581,27.18,8.61
"586",10.8749,8.009,130.08763,27.12,8.62
"587",10.8749,8.014,130.38461,27.02,8.62
"588",10.875,8.026,130.5034,26.72,8.62
"589",10.875,8.023,130.36481,26.73,8.61
"590",10.875,8.034,130.81027,26.52,8.62
"591",10.875,8.038,130.4935,26.64,8.62
"592",10.875,8.034,130.03813,26.79,8.62
"593",10.8751,8.069,129.38476,26.99,8.61
"594",10.8751,8.041,129.85003,27.26,8.61
"595",10.8751,8.054,129.54316,27.28,8.61
"596",10.8751,8.063,129.79064,27,8.61
"597",10.8751,8.064,129.43426,27,8.62
"598",10.8752,8.063,129.46396,27.16,8.62
"599",10.8752,8.064,129.43426,27.43,8.61
"600",10.8752,8.053,128.86999,27.26,8.61
"601",10.8752,8.052,128.71001,27.52,8.6
"602",10.8753,8.045,128.5,27.41,8.6
"603",10.8753,8.034,128.09,27.5,8.6
"604",10.8753,8.037,128.53,27.54,8.6
"605",10.8753,8.06,129.02,27.26,8.61
"606",10.8753,8.065,129.44,27.1,8.61
"607",10.8754,8.076,128.96001,26.99,8.62
"608",10.8754,8.077,129.5,26.73,8.63
"609",10.8754,8.071,129.32001,26.6,8.63
"610",10.8754,8.0785,129.485,26.69,8.63
"611",10.8754,8.086,129.64999,26.73,8.63
"612",10.8755,8.088,129.56,26.69,8.63
"613",10.8755,8.094,129.83,26.98,8.63
"614",10.8755,8.103,129.96001,26.91,8.64
"615",10.8755,8.106,129.76,27.05,8.64
"616",10.8755,8.115,130.10001,26.95,8.64
"617",10.8756,8.116,130.11,26.98,8.63
"618",10.8756,8.117,130.11999,27.02,8.62
"619",10.8756,8.111,129.23,27.07,8.61
"620",10.8756,8.081,129.25,26.99,8.63
"621",10.8756,8.088,129.08,27.07,8.63
"622",10.8757,8.097,129.14,26.88,8.63
"623",10.8757,8.093,129.25,27.02,8.62
"624",10.8757,8.091,129.64999,27.07,8.62
"625",10.8757,8.094,130.10001,27.02,8.63
"626",10.8757,8.103,129.78,27.18,8.62
"627",10.8758,8.107,129.63001,27.18,8.62
"628",10.8758,8.094,129.64999,27.12,8.63
"629",10.8758,8.109,129.60001,26.91,8.63
"630",10.8758,8.105,129.76,26.83,8.64
"631",10.8758,8.117,130.53,26.53,8.65
"632",10.8759,8.143,130.64,26.76,8.65
"633",10.8759,8.149,130.77,26.91,8.65
"634",10.8759,8.149,131.09,27.02,8.64
"635",10.8759,8.158,131.03,27.01,8.63
"636",10.8759,8.161,131.06,26.81,8.63
"637",10.876,8.156,130.89,26.5,8.63
"638",10.876,8.15,131.24001,26.54,8.63
"639",10.876,8.14,131.81,26.47,8.64
"640",10.876,8.153,131.99001,26.28,8.64
"641",10.876,8.148,131.39,26.35,8.64
"642",10.8761,8.147,130.81,26.47,8.64
"643",10.8761,8.151,130.53999,26.71,8.64
"644",10.8761,8.15,130.47,26.69,8.65
"645",10.8761,8.162,131.485,26.94,8.65
"646",10.8761,8.174,132.5,26.31,8.66
"647",10.8762,8.181,133.42999,26.22,8.67
"648",10.8762,8.189,134.06,26.56,8.67
"649",10.8762,8.217,134.46001,26.92,8.66
"650",10.8762,8.216,134.69,27.03,8.67
"651",10.8762,8.244,135.13001,26.93,8.68
"652",10.8763,8.247,135.39,26.84,8.68
"653",10.8763,8.277,135.86,26.59,8.69
"654",10.8763,8.288,136.22,26.41,8.68
"655",10.8763,8.285,136.14999,26.36,8.68
"656",10.8763,8.287,136.39,26.56,8.67
"657",10.8764,8.312,135.86,26.97,8.66
"658",10.8764,8.294,135.10001,27.32,8.65
"659",10.8764,8.292,135.76,27.22,8.66
"660",10.8764,8.292,135.23,27.45,8.66
"661",10.8765,8.286,134.51,27.48,8.65
"662",10.8765,8.281,134.66,27.61,8.66
"663",10.8765,8.291,134.73,27.61,8.66
"664",10.8765,8.289,134.16,27.73,8.66
"665",10.8765,8.29,134.11,27.55,8.66
"666",10.8766,8.298,134.22,27.67,8.65
"667",10.8766,8.307,134.17999,27.46,8.64
"668",10.8766,8.316,133.91,27.29,8.64
"669",10.8766,8.312,134.82001,27.26,8.65
"670",10.8766,8.331,135.13001,27.22,8.65
"671",10.8767,8.332,135.96001,26.89,8.66
"672",10.8767,8.348,135.24001,26.92,8.66
"673",10.8767,8.331,134.39,26.67,8.65
"674",10.8767,8.324,134.64999,26.79,8.66
"675",10.8768,8.328,135.92,26.87,8.66
"676",10.8768,8.344,135.89,27.2,8.66
"677",10.8768,8.337,136.31,27.38,8.66
"678",10.8768,8.347,136.89999,27.39,8.66
"679",10.8768,8.362,137.71001,27.32,8.66
"680",10.8769,8.369,138,27.51,8.65
"681",10.8769,8.371,138.38001,27.29,8.66
"682",10.8769,8.3795,138.085,27.38,8.65
"683",10.8769,8.388,137.78999,27.22,8.66
"684",10.8769,8.373,137.94,27.11,8.67
"685",10.877,8.389,138.36999,26.98,8.67
"686",10.877,8.39,137.71001,27.05,8.66
"687",10.877,8.382,138.19,26.96,8.67
"688",10.877,8.385,138.74001,26.82,8.67
"689",10.8771,8.389,138.82001,26.89,8.67
"690",10.8771,8.389,138.84,27.01,8.67
"691",10.8771,8.383,138.98,27.18,8.66
"692",10.8771,8.374,138.99001,27.11,8.67
"693",10.8771,8.388,139.26,27.22,8.67
"694",10.8772,8.382,139.14999,27.23,8.67
"695",10.8772,8.37,139.14,27.15,8.68
"696",10.8772,8.373,138.25,27.42,8.68
"697",10.8772,8.373,138.53,27.39,8.68
"698",10.8772,8.381,139.24001,27.32,8.69
"699",10.8773,8.401,139.72,27.3,8.69
"700",10.8773,8.405,138.59,27.34,8.68
"701",10.8773,8.384,137.2,27.2,8.67
"702",10.8773,8.348,137.32001,27.09,8.67
"703",10.8773,8.362,136.75,27,8.67
"704",10.8774,8.332,137.03999,26.87,8.67
"705",10.8774,8.335,136.91,26.86,8.67
"706",10.8774,8.342,137.01,26.95,8.67
"707",10.8774,8.339,136.7,26.85,8.67
"708",10.8775,8.344,137.07001,26.84,8.67
"709",10.8775,8.345,137.13001,26.76,8.67
"710",10.8775,8.375,138.64999,26.84,8.68
"711",10.8775,8.384,138.73,26.74,8.68
"712",10.8775,8.377,139.02,26.56,8.69
"713",10.8776,8.381,139.64,26.79,8.69
"714",10.8776,8.381,139.95,26.85,8.68
"715",10.8776,8.376,139.99001,26.82,8.68
"716",10.8776,8.384,139.13001,26.89,8.68
"717",10.8777,8.374,140.07001,27.08,8.69
"718",10.8777,8.373,139.60001,27.18,8.69
"719",10.8777,8.358,139.32001,27.41,8.69
"720",10.8777,8.356,139.53,27.52,8.68
"721",10.8778,8.346,139.16,27.34,8.68
"722",10.8778,8.349,138.86,27.63,8.67
"723",10.8779,8.341,139.03999,27.72,8.66
"724",10.8779,8.327,138.31,27.82,8.66
"725",10.8779,8.337,138.2,27.68,8.66
"726",10.8779,8.334,137.57,27.84,8.66
"727",10.878,8.325,137.88,27.74,8.66
"728",10.878,8.331,138.36,27.91,8.67
"729",10.8781,8.369,138.62,27.95,8.67
"730",10.8781,8.342,139.1,28.1,8.68
"731",10.8781,8.342,138.95,28.12,8.68
"732",10.8782,8.35,138.98,28.31,8.67
"733",10.8783,8.34,139.29,28.31,8.67
"734",10.8783,8.341,138.65,28.22,8.66
"735",10.8783,8.323,137.79,28.26,8.66
"736",10.8784,8.31,137.25,27.98,8.66
"737",10.8785,8.315,137.85,28.04,8.66
"738",10.8785,8.3165,137.895,27.7,8.68
"739",10.8786,8.318,137.94,27.47,8.68
"740",10.8786,8.312,137.42,27.46,8.68
"741",10.8786,8.316,137.89,27.45,8.68
"742",10.8787,8.313,137.52,27.94,8.68
"743",10.8788,8.32,137.09,28.29,8.67
"744",10.8788,8.283,136.69,27.94,8.64
"745",10.8788,8.244,135.77,27.44,8.63
"746",10.8789,8.183,135.26,27.14,8.62
"747",10.879,8.124,134.12,27.44,8.59
"748",10.8791,8.147,134.67,27.66,8.61
"749",10.8791,8.145,134.41,27.77,8.61
"750",10.8791,8.162,134.28,27.92,8.59
"751",10.8792,8.129,133.56,28,8.57
"752",10.8793,8.121,133.82,28.03,8.56
"753",10.8794,8.131,134.16,28,8.57
"754",10.8794,8.131,133.6,28.07,8.55
"755",10.8794,8.129,133.82,28.08,8.55
"756",10.8795,8.112,133.53,27.96,8.54
"757",10.8796,8.125,133.59,27.89,8.57
"758",10.8797,8.129,133.59,27.83,8.57
"759",10.8797,8.134,133.64,28.25,8.55
"760",10.8798,8.11,132.84,28.03,8.55
"761",10.8798,8.103,133.76,27.98,8.57
"762",10.88,8.107,133.87,28.12,8.56
"763",10.88,8.115,133.84,28.37,8.56
"764",10.8801,8.125,134.4,28.42,8.58
"765",10.8801,8.1,134.35,28.7,8.57
"766",10.8801,8.124,133.72,28.89,8.56
"767",10.8802,8.103,133.29,28.9,8.56
"768",10.8803,8.115,133.53,28.96,8.56
"769",10.8803,8.119,133.33,29.16,8.51
"770",10.8804,8.07,131.62,29.41,8.48
"771",10.8804,8.09,131.48,29.26,8.48
"772",10.8806,8.091,131.93,29.35,8.5
"773",10.8807,8.091,132.34,29.46,8.5
"774",10.8808,8.093,132.88,29.41,8.51
"775",10.8808,8.096,133.24,29.43,8.5
"776",10.8809,8.094,133.67,29.5,8.5
"777",10.8811,8.0935,133.635,29.485,8.495
"778",10.8812,8.093,133.6,29.47,8.49
"779",10.8812,8.091,134.15,29.41,8.51
"780",10.8813,8.108,134.71,29.31,8.53
"781",10.8814,8.11,134.96,29.25,8.54
"782",10.8816,8.111,134.97,29.39,8.54
"783",10.8817,8.117,134.61,29.38,8.55
"784",10.8818,8.133,134.83,29.22,8.54
"785",10.8819,8.158,135.28,29.07,8.56
"786",10.8821,8.18,134.69,29.44,8.55
"787",10.8825,8.205,134.75,29.27,8.54
"788",10.8826,8.179,134.89,29.11,8.53
"789",10.8827,8.178,135.33,28.99,8.54
"790",10.8829,8.193,135.52,29.02,8.54
"791",10.883,8.188,135,29.03,8.52
"792",10.8834,8.182,135.06,28.94,8.52
"793",10.8835,8.201,135.12,28.76,8.54
"794",10.8836,8.195,134.9,28.91,8.51
"795",10.8837,8.174,134.22,28.97,8.5
"796",10.8839,8.158,133.88,29.06,8.52
"797",10.8842,8.171,134.46,28.94,8.54
"798",10.8843,8.18,134.63,29.07,8.52
"799",10.8845,8.17,133.92,29.19,8.51
"800",10.8846,8.155,133.82,29.3,8.51
"801",10.8847,8.16,134.24,29.51,8.52
"802",10.8851,8.169,134.44,29.45,8.52
"803",10.8852,8.168,134.91,29.16,8.53
"804",10.8854,8.175,134.51,29.35,8.52
"805",10.8855,8.184,134.61,29.42,8.53
"806",10.8856,8.184,134.16,29.52,8.53
"807",10.886,8.201,134.57,29.37,8.55
"808",10.8861,8.213,134.74,29.48,8.55
"809",10.8863,8.227,135.34,29.41,8.56
"810",10.8864,8.232,135.4,29.66,8.54
"811",10.8865,8.225,135.22,29.78,8.55
"812",10.8869,8.226,134.91,29.95,8.54
"813",10.8871,8.235,134.62,30.13,8.53
"814",10.8872,8.227,134.4,30.15,8.53
"815",10.8873,8.228,134.6,29.84,8.54
"816",10.8875,8.247,134.71,29.76,8.55
"817",10.8879,8.252,134.49,29.82,8.55
"818",10.888,8.245,134.05,30.09,8.55
"819",10.8882,8.258,134.28,30.1,8.55
"820",10.8883,8.257,134.96,30.17,8.56
"821",10.8884,8.272,135.66,29.96,8.58
"822",10.8888,8.283,135.52,29.99,8.56
"823",10.889,8.276,135.66,29.88,8.56
"824",10.8891,8.259,134.84,30.21,8.54
"825",10.8892,8.252,134.5,30.21,8.52
"826",10.8894,8.245,134.32,30.26,8.53
"827",10.8898,8.247,133.99,30.29,8.53
"828",10.8899,8.239,134.11,30.42,8.52
"829",10.89,8.228,133.85,30.33,8.5
"830",10.8902,8.207,133.84,30.24,8.48
"831",10.8903,8.192,133.71,30.31,8.48
"832",10.8907,8.211,133.61,30.43,8.46
"833",10.8908,8.203,133.56,30.36,8.46
"834",10.8909,8.213,134.2,30.32,8.5
"835",10.891,8.27,133.92,30.38,8.5
"836",10.8912,8.24,133.47,30.41,8.5
"837",10.8916,8.258,133.68,30.48,8.51
"838",10.8917,8.266,133.8,30.26,8.52
"839",10.8919,8.283,134.54,30.2,8.53
"840",10.892,8.285,134.26,30.25,8.52
"841",10.8922,8.284,135.05,30.44,8.53
"842",10.8926,8.301,135.15,30.21,8.54
"843",10.8927,8.302,134.89,30.26,8.52
"844",10.8929,8.297,135.01,30.45,8.53
"845",10.893,8.311,134.84,30.66,8.53
"846",10.8932,8.299,135.25,30.64,8.54
"847",10.8937,8.311,136.13,30.59,8.57
"848",10.8938,8.321,136.3,30.65,8.56
"849",10.894,8.316,136.42,30.59,8.57
"850",10.8942,8.315,136.79,30.65,8.57
"851",10.8944,8.322,136.58,30.85,8.55
"852",10.8949,8.309,136.72,30.83,8.55
"853",10.8951,8.318,137.43,30.6,8.56
"854",10.8953,8.326,137.64,30.57,8.57
"855",10.8955,8.343,137.56,30.6,8.58
"856",10.8957,8.344,137.22,30.64,8.575
"857",10.8962,8.3445,137.05,30.68,8.57
"858",10.8964,8.345,136.88,30.46,8.59
"859",10.8966,8.351,136.54,30.4,8.58
"860",10.8967,8.349,136.35,30.5,8.57
"861",10.8969,8.351,136.41,30.45,8.57
"862",10.8975,8.343,136.29,30.51,8.56
"863",10.8977,8.343,135.9,30.55,8.55
"864",10.8978,8.34,135.72,30.37,8.55
"865",10.898,8.345,135.82,30.46,8.55
"866",10.8982,8.343,136.71,30.56,8.56
"867",10.8987,8.3455,136.465,30.65,8.56
"868",10.8989,8.348,136.22,30.68,8.57
"869",10.8991,8.356,135.89,30.83,8.57
"870",10.8992,8.348,134.97,30.56,8.56
"871",10.8994,8.345,134.7,30.62,8.57
"872",10.8999,8.347,134.08,30.68,8.57
"873",10.9001,8.343,134.15,30.79,8.56
"874",10.9002,8.352,134.78,30.91,8.55
"875",10.9004,8.348,135.04,31,8.55
"876",10.9006,8.359,135.41,30.94,8.57
"877",10.9011,8.348,135.13,31.06,8.57
"878",10.9013,8.358,135.27,30.92,8.58
"879",10.9015,8.376,135.93,30.41,8.59
"880",10.9016,8.396,136.03,29.73,8.59
"881",10.9018,8.37,136.28,29.99,8.59
"882",10.9021,8.377,136.22,29.94,8.59
"883",10.9023,8.378,136.48,30.18,8.59
"884",10.9024,8.368,136.44,30.2,8.59
"885",10.9025,8.3765,136.405,30.27,8.59
"886",10.9027,8.385,136.37,30.34,8.59
"887",10.9032,8.387,136.4,30.35,8.59
"888",10.9033,8.388,136.37,30.15,8.59
"889",10.9035,8.391,136.08,30.21,8.59
"890",10.9036,8.389,136,30.35,8.59
"891",10.9038,8.403,136.3,30.11,8.6
"892",10.9043,8.4115,136.385,30.29,8.6
"893",10.9044,8.42,136.47,30.18,8.6
"894",10.9046,8.421,136.18,30.26,8.6
"895",10.9048,8.418,135.41,30.37,8.6
"896",10.905,8.414,135.6,30.44,8.58
"897",10.9055,8.417,135.75,30.4,8.58
"898",10.9056,8.414,135.3,30.46,8.58
"899",10.9058,8.436,135.93,30.46,8.59
"900",10.906,8.428,134.49,30.58,8.58
"901",10.9062,8.437,134.69,30.52,8.57
"902",10.9068,8.43,134.91,30.69,8.57
"903",10.907,8.437,135.46,30.47,8.57
"904",10.9071,8.438,135.74,30.36,8.57
"905",10.9073,8.441,136.14,30.44,8.57
"906",10.9075,8.44,136.01,30.46,8.57
"907",10.908,8.439,135.88,30.65,8.57
"908",10.9082,8.432,134.97,30.48,8.56
"909",10.9085,8.434,134.6,30.55,8.57
"910",10.9086,8.419,133.68,30.39,8.56
"911",10.9088,8.417,133.81,30.42,8.55
"912",10.9094,8.405,133.65,30.55,8.55
"913",10.9096,8.395,133.63,30.59,8.55
"914",10.9098,8.394,133.46,30.48,8.55
"915",10.9099,8.403,132.71,30.42,8.55
"916",10.9101,8.402,132.33,30.6,8.54
"917",10.9107,8.403,132.44,30.76,8.55
"918",10.9109,8.406,132.32,30.66,8.55
"919",10.9111,8.418,133.06,30.8,8.56
"920",10.9113,8.42,132.71,30.89,8.56
"921",10.9116,8.429,132.28,30.88,8.56
"922",10.9122,8.424,132.4,30.89,8.56
"923",10.9124,8.435,133.13,30.77,8.57
"924",10.9126,8.443,133.44,30.78,8.57
"925",10.9128,8.451,133.48,30.72,8.57
"926",10.913,8.451,134.02,30.54,8.58
"927",10.9136,8.45,134.16,30.51,8.58
"928",10.9138,8.443,133.44,30.55,8.56
"929",10.914,8.442,133.78,30.49,8.57
"930",10.9142,8.445,133.5,30.56,8.57
"931",10.9144,8.454,133.48,30.41,8.57
"932",10.9151,8.455,133.49,30.3,8.58
"933",10.9153,8.465,133.96,30.31,8.58
"934",10.9155,8.478,133.76,30.4,8.58
"935",10.9157,8.484,134.33,30.28,8.59
"936",10.916,8.48,134.01,30.44,8.58
"937",10.9166,8.49,134.43,30.39,8.58
"938",10.9168,8.493,134.46,30.4,8.58
"939",10.917,8.494,134.99,30.24,8.58
"940",10.9173,8.49,135.49,30.03,8.58
"941",10.9175,8.497,135.48,30.02,8.58
"942",10.9181,8.495,134.95,30.27,8.58
"943",10.9183,8.492,134.89,30.49,8.58
"944",10.9186,8.489,134.83,30.46,8.58
"945",10.9188,8.5,135.03,30.27,8.59
"946",10.919,8.517,134.85,30.33,8.58
"947",10.9197,8.516,135.03,30.22,8.58
"948",10.9199,8.516,134.74,30.4,8.58
"949",10.9201,8.518,135.19,30.29,8.58
"950",10.9203,8.525,135.39,30.39,8.58
"951",10.9205,8.519,135.49,30.32,8.59
"952",10.9212,8.527,135.56,30.15,8.59
"953",10.9214,8.544,136.15,30.17,8.6
"954",10.9216,8.543,135.95,30.41,8.6
"955",10.9218,8.548,136.12,30.33,8.6
"956",10.9221,8.547,135.75,30.47,8.61
"957",10.9227,8.548,135.68,30.39,8.61
"958",10.923,8.557,136.45,30.26,8.62
"959",10.9232,8.564,136.45,30.46,8.62
"960",10.9234,8.557,137.28,30.3,8.62
"961",10.9236,8.556,137.27,30.26,8.62
"962",10.9243,8.554,136.69,30.58,8.61
"963",10.9245,8.545,135.53,30.6,8.59
"964",10.9248,8.569,135.44,30.74,8.59
"965",10.925,8.536,134.98,30.77,8.6
"966",10.9252,8.546,134.22,30.79,8.6
"967",10.926,8.54,133.98,30.84,8.59
"968",10.9262,8.527,133.76,30.76,8.59
"969",10.9264,8.524,133.69,30.97,8.59
"970",10.9266,8.527,133.75,30.89,8.58
"971",10.9268,8.531,134.07,30.92,8.59
"972",10.9275,8.539,134.58,30.8,8.6
"973",10.9277,8.54,134.17,30.85,8.6
"974",10.9279,8.523,133.57,30.78,8.59
"975",10.9282,8.513,133.69,30.74,8.6
"976",10.9284,8.513,133.63,30.83,8.59
"977",10.9291,8.515,133.76,30.9,8.6
"978",10.9293,8.514,133.68,30.89,8.61
"979",10.9295,8.515,133.72,30.95,8.61
"980",10.9298,8.517,133.66,30.93,8.6
"981",10.93,8.503,133.82,30.83,8.59
"982",10.9307,8.51,133.93,30.72,8.59
"983",10.9309,8.519,134.26,30.61,8.58
"984",10.9311,8.531,134.4,30.6,8.59
"985",10.9314,8.535,134.71,30.57,8.59
"986",10.9316,8.554,134.84,30.54,8.6
"987",10.9323,8.554,135.03,30.58,8.59
"988",10.9325,8.553,135.33,30.65,8.59
"989",10.9328,8.544,134.49,30.7,8.58
"990",10.933,8.549,134.62,30.6,8.58
"991",10.9332,8.534,133.82,30.71,8.57
"992",10.9339,8.54,133.99,30.62,8.58
"993",10.9342,8.536,133.65,30.6,8.57
"994",10.9344,8.525,133.55,30.64,8.57
"995",10.9346,8.527,133.57,30.62,8.56
"996",10.9349,8.525,133.53,30.69,8.57
"997",10.9356,8.535,134.03,30.47,8.58
"998",10.9358,8.541,134.45,30.59,8.58
"999",10.936,8.542,134.785,30.68,8.58
"1000",10.9363,8.543,135.12,30.71,8.58
"1001",10.9365,8.547,134.71,30.63,8.59
"1002",10.9372,8.552,134.94,30.69,8.59
"1003",10.9375,8.552,135.93,30.64,8.59
"1004",10.9377,8.544,136.05,30.67,8.59
"1005",10.938,8.54,135.81,30.61,8.57
"1006",10.9382,8.526,135.1,30.57,8.56
"1007",10.9389,8.515,135.23,30.56,8.56
"1008",10.9392,8.514,135.32,30.34,8.57
"1009",10.9394,8.531,135.56,30.21,8.58
"1010",10.9397,8.526,135.21,30.44,8.57
"1011",10.9399,8.533,135.32,30.44,8.57
"1012",10.9406,8.534,135.65,30.54,8.57
"1013",10.9408,8.539,135.85,30.59,8.57
"1014",10.9411,8.538,135.89,30.49,8.58
"1015",10.9413,8.548,136.12,30.51,8.58
"1016",10.9415,8.537,135.95,30.51,8.58
"1017",10.9423,8.532,136.05,30.51,8.57
"1018",10.9425,8.536,135.81,30.66,8.57
"1019",10.9428,8.529,135.21,30.7,8.56
"1020",10.943,8.527,134.9,30.7,8.55
"1021",10.9432,8.526,136.01,30.65,8.57
"1022",10.944,8.53,135.59,30.83,8.57
"1023",10.9442,8.53,136.23,30.81,8.58
"1024",10.9445,8.545,136.42,30.77,8.58
"1025",10.9447,8.536,135.97,30.77,8.58
"1026",10.9449,8.528,135.81,30.84,8.57
"1027",10.9457,8.528,136.1,30.8,8.55
"1028",10.9459,8.522,136.1,30.74,8.55
"1029",10.9462,8.526,136.02,30.57,8.56
"1030",10.9464,8.529,136.51,30.48,8.56
"1031",10.9467,8.536,136.53,30.6,8.56
"1032",10.9475,8.543,136.32,30.67,8.55
"1033",10.9477,8.536,135.27,30.69,8.54
"1034",10.948,8.531,135.1,30.73,8.53
"1035",10.9483,8.524,135.32,30.59,8.53
"1036",10.9485,8.519,135.47,30.46,8.53
"1037",10.9497,8.5215,135.92,30.43,8.53
"1038",10.9499,8.524,136.37,30.42,8.55
"1039",10.9502,8.533,136.02,30.29,8.54
"1040",10.9505,8.531,136.17,30.3,8.55
"1041",10.9517,8.529,135.42,30.48,8.54
"1042",10.952,8.539,136.18,30.66,8.55
"1043",10.9523,8.534,136.28,30.68,8.55
"1044",10.9526,8.544,135.93,30.81,8.54
"1045",10.9536,8.552,135.94,30.84,8.54
"1046",10.9539,8.566,135.58,30.84,8.53
"1047",10.9542,8.531,135.59,30.7,8.53
"1048",10.9546,8.534,135.41,30.67,8.53
"1049",10.9549,8.536,135.34,30.65,8.53
"1050",10.9558,8.543,135.23,30.58,8.53
"1051",10.9562,8.545,135.52,30.56,8.53
"1052",10.9565,8.537,135.45,30.78,8.51
"1053",10.9568,8.526,135.24,30.84,8.5
"1054",10.9571,8.52,135.21,30.92,8.49
"1055",10.9581,8.517,135.02,30.84,8.49
"1056",10.9584,8.522,135.18,30.65,8.5
"1057",10.9587,8.517,134.76,30.68,8.49
"1058",10.9591,8.515,134.75,30.65,8.5
"1059",10.9594,8.514,134.7,30.6,8.49
"1060",10.9604,8.502,134.64,30.63,8.48
"1061",10.9607,8.493,134.3,30.49,8.47
"1062",10.961,8.493,134.15,30.63,8.47
"1063",10.9613,8.488,133.79,30.77,8.46
"1064",10.9616,8.461,133.57,30.73,8.45
"1065",10.9626,8.454,133.88,30.48,8.47
"1066",10.9629,8.454,133.7,30.69,8.45
"1067",10.9632,8.452,133.65,30.75,8.44
"1068",10.9635,8.431,133.24,30.56,8.45
"1069",10.9638,8.406,133.19,30.58,8.44
"1070",10.9647,8.413,132.59,30.54,8.44
"1071",10.9651,8.406,132.59,30.35,8.45
"1072",10.9654,8.401,132.33,30.38,8.42
"1073",10.9657,8.396,132.5,30.29,8.42
"1074",10.966,8.402,133.05,30.39,8.44
"1075",10.967,8.402,132.83,30.41,8.44
"1076",10.9673,8.397,133.09,30.43,8.44
"1077",10.9677,8.406,132.97,30.52,8.42
"1078",10.968,8.397,132.91,30.42,8.42
"1079",10.9683,8.4,133.27,30.49,8.43
"1080",10.9693,8.41,133.5,30.45,8.43
"1081",10.9696,8.411,133.02,30.5,8.43
"1082",10.97,8.406,133.6,30.38,8.43
"1083",10.9703,8.416,133.97,30.2,8.45
"1084",10.9706,8.415,133.78,30.15,8.44
"1085",10.9716,8.419,133.32,30.27,8.43
"1086",10.972,8.414,133.13,30.24,8.43
"1087",10.9723,8.411,133.29,30.19,8.43
"1088",10.9727,8.391,133.59,30.28,8.43
"1089",10.973,8.403,133.14,30.4,8.43
"1090",10.9741,8.408,133.22,30.36,8.43
"1091",10.9745,8.41,133.52,30.34,8.44
"1092",10.9748,8.413,134.04,30.3,8.44
"1093",10.9752,8.418,134.22,30.3,8.44
"1094",10.9756,8.414,134.13,30.38,8.44
"1095",10.9767,8.413,134.13,30.3,8.43
"1096",10.9771,8.397,133.97,30.45,8.42
"1097",10.9775,8.387,133.84,30.47,8.43
"1098",10.9779,8.409,134.65,30.31,8.44
"1099",10.9783,8.396,134.59,30.22,8.44
"1100",10.9796,8.396,134.57,30.36,8.43
"1101",10.98,8.399,134.66,30.36,8.45
"1102",10.9804,8.411,134.95,30.65,8.45
"1103",10.9808,8.411,135.54,30.69,8.46
"1104",10.9812,8.412,135.32,30.655,8.46
"1105",10.9824,8.4125,135.21,30.62,8.46
"1106",10.9828,8.413,135.1,30.77,8.46
"1107",10.9832,8.415,134.89,30.85,8.46
"1108",10.9836,8.409,134.35,30.99,8.46
"1109",10.984,8.411,134.65,30.75,8.47
"1110",10.9853,8.413,134.69,30.6,8.47
"1111",10.9858,8.421,134.54,30.67,8.46
"1112",10.9862,8.425,135.02,30.67,8.47
"1113",10.9866,8.417,134.4,30.78,8.46
"1114",10.9871,8.415,134.54,30.81,8.46
"1115",10.9884,8.414,134.21,30.76,8.46
"1116",10.9888,8.412,134.52,30.75,8.46
"1117",10.9893,8.409,134.31,30.82,8.45
"1118",10.9897,8.391,133.46,30.73,8.44
"1119",10.9902,8.374,133.32,30.75,8.42
"1120",10.9915,8.359,133.01,30.69,8.42
"1121",10.992,8.343,132.85,30.73,8.41
"1122",10.9924,8.335,132.85,30.82,8.4
"1123",10.9929,8.329,133.28,30.83,8.41
"1124",10.9934,8.334,133.71,30.85,8.42
"1125",10.9947,8.339,134.17,30.88,8.43
"1126",10.9952,8.3365,133.985,30.94,8.42
"1127",10.9956,8.334,133.8,30.8,8.42
"1128",10.9961,8.326,134.11,30.52,8.43
"1129",10.9966,8.324,134.04,30.49,8.44
"1130",10.9979,8.311,134.14,30.38,8.44
"1131",10.9984,8.294,133.59,30.3,8.43
"1132",10.9989,8.268,133.36,30.27,8.41
"1133",10.9993,8.272,133.485,30.31,8.43
"1134",10.9998,8.276,133.61,30.16,8.43
"1135",11.0012,8.287,133.22,29.98,8.42
"1136",11.0017,8.278,132.93,30.18,8.4
"1137",11.0022,8.273,132.82,30.19,8.38
"1138",11.0027,8.264,132.4,30.16,8.38
"1139",11.0032,8.258,132.63,29.96,8.4
"1140",11.0045,8.262,132.565,30.06,8.4
"1141",11.005,8.266,132.5,30.17,8.4
"1142",11.0055,8.272,132.93,30.13,8.42
"1143",11.006,8.284,133.01,30.01,8.43
"1144",11.0065,8.296,133.33,30.09,8.44
"1145",11.008,8.302,133.43,30.1,8.44
"1146",11.0085,8.313,134,29.84,8.47
"1147",11.009,8.327,134.03,29.8,8.46
"1148",11.0095,8.321,134.67,29.78,8.45
"1149",11.0099,8.296,133.89,29.89,8.45
"1150",11.0113,8.295,134.02,29.91,8.44
"1151",11.0118,8.291,133.98,29.66,8.45
"1152",11.0123,8.285,132.87,29.73,8.44
"1153",11.0128,8.279,132.78,29.39,8.44
"1154",11.0133,8.281,132.89,29.69,8.44
"1155",11.0147,8.28,133.09,29.56,8.43
"1156",11.0151,8.28,133.39,29.65,8.43
"1157",11.0156,8.284,133.75,29.55,8.43
"1158",11.0161,8.28,134.26,29.44,8.44
"1159",11.0165,8.287,134.29,29.49,8.44
"1160",11.018,8.288,134.2,29.6,8.44
"1161",11.0185,8.287,134.57,29.59,8.45
"1162",11.019,8.278,134.18,29.68,8.44
"1163",11.0195,8.274,134.15,29.55,8.44
"1164",11.02,8.268,134.19,29.59,8.44
"1165",11.0215,8.271,134.13,29.56,8.44
"1166",11.022,8.269,134.1,29.59,8.44
"1167",11.0225,8.267,134.68,29.44,8.45
"1168",11.023,8.254,134.47,29.49,8.45
"1169",11.0235,8.242,134.63,29.33,8.45
"1170",11.025,8.24,134.94,29.37,8.45
"1171",11.0255,8.237,135.13,29.5,8.46
"1172",11.026,8.231,134.83,29.52,8.46
"1173",11.0265,8.234,135.11,29.6,8.46
"1174",11.027,8.223,135.19,29.63,8.47
"1175",11.0285,8.216,135.05,29.71,8.46
"1176",11.029,8.22,135,30.02,8.46
"1177",11.0295,8.22,134.95,30.03,8.47
"1178",11.03,8.22,135.05,30.17,8.46
"1179",11.0305,8.225,135.19,30.2,8.47
"1180",11.032,8.232,134.96,30.17,8.47
"1181",11.0325,8.237,134.92,30.3,8.47
"1182",11.033,8.237,134.75,30.32,8.46
"1183",11.0335,8.244,135.18,30.14,8.47
"1184",11.034,8.246,134.74,30.09,8.46
"1185",11.0355,8.248,134.23,30.22,8.44
"1186",11.036,8.264,134.3,30.25,8.45
"1187",11.0365,8.259,134.38,30.37,8.45
"1188",11.037,8.277,134.08,30.49,8.44
"1189",11.0375,8.294,134.13,30.52,8.45
"1190",11.039,8.299,133.62,30.54,8.44
"1191",11.0395,8.309,134.09,30.52,8.45
"1192",11.04,8.303,133.49,30.59,8.45
"1193",11.0405,8.295,133.41,30.63,8.45
"1194",11.041,8.291,133.8,30.71,8.46
"1195",11.0426,8.298,133.98,30.7,8.47
"1196",11.0431,8.3,133.88,30.65,8.46
"1197",11.0436,8.308,133.92,30.56,8.46
"1198",11.0441,8.317,134.04,30.47,8.47
"1199",11.0446,8.324,134.55,30.21,8.48
"1200",11.0461,8.335,134.4,29.89,8.48
"1201",11.0466,8.315,134.43,30.21,8.47
"1202",11.0471,8.312,134.485,29.93,8.48
"1203",11.0476,8.309,134.54,30,8.47
"1204",11.0481,8.311,134.44,29.87,8.48
"1205",11.0496,8.319,134.7,29.73,8.49
"1206",11.0501,8.319,134.42,29.62,8.48
"1207",11.0506,8.326,134.42,29.64,8.49
"1208",11.0511,8.32,134.38,29.52,8.49
"1209",11.0516,8.319,134.33,29.47,8.49
"1210",11.0532,8.326,134.17,29.5,8.48
"1211",11.0537,8.327,133.86,29.32,8.47
"1212",11.0542,8.326,133.51,29.22,8.47
"1213",11.0547,8.324,133.65,28.71,8.48
"1214",11.0552,8.327,133.59,28.95,8.48
"1215",11.0567,8.32,133.85,28.72,8.48
"1216",11.0572,8.327,133.71,28.63,8.47
"1217",11.0577,8.285,133.2,28.51,8.47
"1218",11.0582,8.282,133.6,28.57,8.48
"1219",11.0587,8.278,133.04,28.85,8.46
"1220",11.0602,8.273,132.84,28.7,8.47
"1221",11.0607,8.261,132.69,28.71,8.45
"1222",11.0612,8.264,132.78,28.72,8.46
"1223",11.0617,8.265,132.74,28.69,8.46
"1224",11.0622,8.265,132.54,28.86,8.45
"1225",11.0636,8.267,132.4,28.8,8.45
"1226",11.0641,8.264,132.04,28.88,8.43
"1227",11.0646,8.256,131.68,28.97,8.42
"1228",11.0651,8.259,132.07,29,8.43
"1229",11.0657,8.228,132.5,29.17,8.43
"1230",11.0671,8.234,132.13,29.07,8.42
"1231",11.0676,8.233,131.99,29.03,8.42
"1232",11.0681,8.24,132.22,29.13,8.43
"1233",11.0686,8.257,132.2,29.37,8.44
"1234",11.0692,8.275,132.23,29.32,8.44
"1235",11.0707,8.278,131.9,29.51,8.43
"1236",11.0712,8.287,132.47,29.62,8.44
"1237",11.0718,8.283,132.09,29.87,8.41
"1238",11.0723,8.262,131.22,29.74,8.38
"1239",11.0728,8.241,130.48,29.94,8.37
"1240",11.0744,8.227,130.92,30.05,8.37
"1241",11.075,8.226,130.96,30.01,8.37
"1242",11.0755,8.228,130.63,29.82,8.38
"1243",11.076,8.23,130.49,29.74,8.39
"1244",11.0766,8.233,130.7,29.85,8.38
"1245",11.0782,8.24,130.87,29.86,8.38
"1246",11.0787,8.238,131.12,30.11,8.38
"1247",11.0792,8.236,131.24,30.34,8.37
"1248",11.0798,8.226,131.04,30.12,8.37
"1249",11.0803,8.222,130.88,30.13,8.37
"1250",11.0819,8.22,131.13,30.26,8.37
"1251",11.0824,8.224,131.3,30.26,8.37
"1252",11.083,8.22,131.5,30.08,8.38
"1253",11.0836,8.211,131.34,30.26,8.38
"1254",11.0841,8.209,132.06,30.2,8.39
"1255",11.0857,8.206,132.05,30.06,8.39
"1256",11.0863,8.203,132.15,30.16,8.38
"1257",11.0868,8.18,131.69,30.12,8.37
"1258",11.0873,8.18,131.28,30.11,8.38
"1259",11.0879,8.18,130.87,30.44,8.36
"1260",11.0895,8.167,131.05,30.39,8.36
"1261",11.09,8.168,130.86,30.49,8.36
"1262",11.0906,8.171,130.89,30.51,8.37
"1263",11.0911,8.168,130.54,30.54,8.35
"1264",11.0917,8.178,131.07,30.51,8.36
"1265",11.0933,8.181,131.53,30.47,8.37
"1266",11.0939,8.182,130.89,30.25,8.37
"1267",11.0944,8.18,130.76,30.26,8.38
"1268",11.095,8.191,131.26,30.31,8.39
"1269",11.0955,8.189,131.3,30.24,8.41
"1270",11.0971,8.191,131.12,30.11,8.41
"1271",11.0976,8.192,130.67,30.21,8.4
"1272",11.0982,8.179,130.68,30.24,8.4
"1273",11.0987,8.178,130.41,30.23,8.4
"1274",11.0993,8.176,130.37,30.18,8.41
"1275",11.1009,8.171,130.1,29.97,8.4
"1276",11.1015,8.18,129.84,30.15,8.41
"1277",11.102,8.177,129.64,30.13,8.42
"1278",11.1026,8.186,130.32,30.26,8.43
"1279",11.1031,8.199,130.29,30.33,8.44
"1280",11.1048,8.196,131.03,30.38,8.45
"1281",11.1055,8.21,132.07,30.13,8.46
"1282",11.1061,8.22,131.91,30.17,8.46
"1283",11.1066,8.23,132.51,30.03,8.47
"1284",11.1072,8.222,132.58,30,8.49
"1285",11.109,8.229,133.63,29.94,8.49
"1286",11.1095,8.225,132.77,30.08,8.48
"1287",11.1101,8.224,132.33,30.22,8.47
"1288",11.1107,8.229,132.24,30.21,8.47
"1289",11.1113,8.242,132.54,30.16,8.47
"1290",11.113,8.249,132.47,30.15,8.48
"1291",11.1136,8.265,132.47,30.13,8.5
"1292",11.1142,8.28,132.36,30.13,8.51
"1293",11.1148,8.298,131.96,30.14,8.5
"1294",11.1154,8.292,131.51,30.17,8.5
"1295",11.1172,8.2975,132.04,29.98,8.51
"1296",11.1183,8.30025,131.71,30.17,8.49
"1297",11.1189,8.303,131.38,30.21,8.5
"1298",11.1195,8.301,131.63,30.12,8.52
"1299",11.1213,8.31,131.19,30.12,8.53
"1300",11.1225,8.324,131.52,30.3,8.54
"1301",11.1231,8.325,132.25,30.02,8.57
"1302",11.1237,8.329,132.06,30.43,8.55
"1303",11.1255,8.34,132.21,30.45,8.55
"1304",11.1261,8.336,132.03,30.53,8.55
"1305",11.1267,8.367,132.54,30.4,8.55
"1306",11.1273,8.371,132.41,30.58,8.54
"1307",11.128,8.376,132.46,30.6,8.56
"1308",11.1298,8.377,132.3,30.64,8.56
"1309",11.1304,8.384,132.33,30.74,8.56
"1310",11.131,8.381,131.86,30.81,8.55
"1311",11.1316,8.398,130.77,30.78,8.55
"1312",11.1323,8.395,130.8,30.91,8.54
"1313",11.1341,8.399,130.88,30.86,8.54
"1314",11.1348,8.405,130.84,30.75,8.55
"1315",11.1354,8.414,130.95,30.88,8.54
"1316",11.136,8.437,131.35,30.95,8.55
"1317",11.1366,8.447,131.13,30.91,8.54
"1318",11.1385,8.464,131.27,30.87,8.55
"1319",11.1392,8.468,131.49,30.88,8.56
"1320",11.1398,8.467,132.02,30.75,8.58
"1321",11.1405,8.494,132.34,30.9,8.59
"1322",11.1411,8.516,132.14,31.07,8.58
"1323",11.143,8.513,131.95,31.17,8.57
"1324",11.1436,8.514,132.09,31.14,8.58
"1325",11.1443,8.52,132.26,31.19,8.59
"1326",11.1449,8.527,132.44,31.12,8.59
"1327",11.1456,8.536,132.47,31.13,8.59
"1328",11.1475,8.533,132.4,31.12,8.59
"1329",11.1481,8.534,132.15,31.17,8.59
"1330",11.1488,8.533,132.02,31.21,8.58
"1331",11.1494,8.552,132.46,31.22,8.59
"1332",11.1501,8.555,132.43,31.19,8.6
"1333",11.152,8.559,132.45,31.11,8.6
"1334",11.1526,8.571,132.47,31.07,8.61
"1335",11.1533,8.581,132.54,31.06,8.6
"1336",11.1539,8.575,132.44,31.04,8.6
"1337",11.1545,8.583,132.77,31.13,8.61
"1338",11.1564,8.579,132.46,31.14,8.6
"1339",11.157,8.589,131.98,31.05,8.61
"1340",11.1577,8.585,131.32,31.21,8.6
"1341",11.1584,8.583,131.25,31.2,8.59
"1342",11.159,8.581,131.51,31.22,8.59
"1343",11.1609,8.59,131.95,31.21,8.6
"1344",11.1616,8.599,131.95,31.29,8.6
"1345",11.1622,8.614,132.72,31.11,8.61
"1346",11.1628,8.627,133.49,30.98,8.61
"1347",11.1634,8.632,132.98,30.87,8.61
"1348",11.1653,8.635,133.11,30.99,8.61
"1349",11.1659,8.643,133.39,30.9,8.62
"1350",11.1666,8.662,133.28,30.88,8.62
"1351",11.1672,8.667,133.8,31.02,8.62
"1352",11.1679,8.683,133.75,31.06,8.62
"1353",11.1698,8.691,133.86,31.17,8.62
"1354",11.1704,8.702,133.93,31.18,8.63
"1355",11.1711,8.71,134.85,31.06,8.64
"1356",11.1717,8.728,135.91,31.14,8.65
"1357",11.1723,8.761,136.9,30.79,8.67
"1358",11.1751,8.771,136.71,30.79,8.67
"1359",11.1757,8.779,135.7,30.78,8.68
"1360",11.1763,8.804,135.47,30.47,8.68
"1361",11.1769,8.799,135.17,30.5,8.68
"1362",11.1774,8.795,135.13,30.56,8.68
"1363",11.1793,8.788,134.69,30.88,8.66
"1364",11.18,8.776,135.15,30.93,8.66
"1365",11.1805,8.767,134.63,30.89,8.66
"1366",11.1812,8.769,134.65,30.95,8.66
"1367",11.1817,8.773,134.63,30.98,8.67
"1368",11.1835,8.773,134.76,31.02,8.66
"1369",11.184,8.767,134.92,31.01,8.67
"1370",11.1844,8.763,135.16,31.05,8.67
"1371",11.185,8.766,134.37,31.16,8.67
"1372",11.1854,8.756,133.91,31.2,8.66
"1373",11.1874,8.756,133.89,31.25,8.66
"1374",11.1874,8.759,133.59,31.21,8.65
"1375",11.1879,8.764,133.42,31.21,8.65
"1376",11.1882,8.779,133.79,31.29,8.65
"1377",11.1895,8.7825,133.69,31.265,8.65
"1378",11.191,8.78425,133.64,31.24,8.65
"1379",11.1916,8.786,133.59,31.3,8.65
"1380",11.1927,8.792,134.12,31.12,8.66
"1381",11.1937,8.796,134.12,31.05,8.67
"1382",11.1944,8.804,134.21,31,8.68
"1383",11.193,8.798,134.32,31.07,8.67
"1384",11.1966,8.806,134.57,31.02,8.67
"1385",11.1973,8.809,134.445,31.07,8.69
"1386",11.198,8.812,134.32,31.04,8.68
"1387",11.1987,8.813,133.99,31.04,8.69
"1388",11.2005,8.826,134.06,30.96,8.7
"1389",11.2013,8.828,134.55,30.84,8.7
"1390",11.1944,8.832,134.64,30.89,8.69
"1391",11.2024,8.826,134.53,30.71,8.69
"1392",11.2031,8.82,134.42,30.79,8.7
"1393",11.205,8.828,134.64,30.62,8.71
"1394",11.2056,8.821,134.73,30.7,8.71
"1395",11.2064,8.82,135.1,30.69,8.72
"1396",11.2071,8.814,134.81,30.66,8.71
"1397",11.2076,8.83,134.95,30.57,8.71
"1398",11.2094,8.83,134.82,30.55,8.7
"1399",11.21,8.822,134.63,30.71,8.7
"1400",11.2105,8.827,135.06,30.66,8.71
"1401",11.2112,8.839,135.41,30.53,8.72
"1402",11.2117,8.84,135.72,30.55,8.73
"1403",11.2135,8.843,135.74,30.58,8.73
"1404",11.2141,8.851,135.97,30.56,8.73
"1405",11.2146,8.867,136.41,30.67,8.73
"1406",11.2152,8.868,136.7,30.62,8.74
"1407",11.2162,8.869,136.99,30.44,8.77
"1408",11.2178,8.877,137.43,30.33,8.79
"1409",11.2187,8.879,137.03,30.52,8.78
"1410",11.2193,8.887,137.39,30.55,8.78
"1411",11.22,8.891,137.67,30.48,8.78
"1412",11.2206,8.906,137.8,30.44,8.8
"1413",11.2224,8.904,137.635,30.63,8.79
"1414",11.223,8.902,137.47,30.75,8.79
"1415",11.2238,8.901,136.8,30.82,8.81
"1416",11.2244,8.91,137.07,30.86,8.81
"1417",11.2251,8.915,136.78,30.91,8.81
"1418",11.2266,8.922,136.59,30.89,8.81
"1419",11.2272,8.929,137.7,30.98,8.82
"1420",11.2278,8.92,137.95,31.04,8.83
"1421",11.2289,8.956,138.69,31.05,8.84
"1422",11.2299,8.951,137.86,31.06,8.83
"1423",11.2317,8.962,138.25,30.99,8.84
"1424",11.2324,8.971,138.05,30.95,8.84
"1425",11.2329,8.966,137.72,30.97,8.84
"1426",11.2334,8.971,137.65,30.97,8.85
"1427",11.234,8.969,137.41,31.01,8.85
"1428",11.2357,8.988,137.85,31.17,8.86
"1429",11.2361,8.989,138.45,31.14,8.86
"1430",11.2368,8.998,138.97,31.14,8.87
"1431",11.2376,8.995,138.82,31.22,8.87
"1432",11.2383,8.993,138.25,31.37,8.86
"1433",11.2399,9.025,138.49,31.41,8.85
"1434",11.2404,9.009,138.47,31.4,8.84
"1435",11.2407,9.01,138.45,31.45,8.85
"1436",11.2416,9.009,137.64,31.6,8.84
"1437",11.2423,9.018,137.71,31.62,8.84
"1438",11.244,9.026,138.33,31.54,8.84
"1439",11.2444,9.003,138.1,31.55,8.84
"1440",11.2449,9.013,138.78,31.49,8.86
"1441",11.2456,9.008,138.72,31.5,8.86
"1442",11.2462,9.001,138.8,31.56,8.86
"1443",11.2477,9.014,139.02,31.55,8.87
"1444",11.2485,9.011,139.04,31.59,8.87
"1445",11.249,9.021,139.08,31.59,8.88
"1446",11.2495,9.015,138.46,31.56,8.87
"1447",11.2505,9.031,138.77,31.59,8.87
"1448",11.2522,9.042,138.88,31.52,8.87
"1449",11.2527,9.024,138.87,31.49,8.87
"1450",11.2535,9.051,139.6,31.49,8.87
"1451",11.2542,9.054,140.14,31.32,8.9
"1452",11.2554,9.066,140.17,31.2,8.9
"1453",11.2571,9.098,140.82,30.76,8.91
"1454",11.2578,9.067,141.03,30.75,8.91
"1455",11.2587,9.099,141.39,30.7,8.91
"1456",11.2594,9.078,140.97,30.88,8.9
"1457",11.2599,9.103,140.7,30.95,8.9
"1458",11.2613,9.115,141.13,30.18,8.9
"1459",11.2618,9.109,141.22,30.03,8.89
"1460",11.2621,9.124,142.09,29.72,8.9
"1461",11.2628,9.1275,142.45,29.74,8.91
"1462",11.2634,9.131,142.81,29.86,8.91
"1463",11.265,9.131,142.41,29.87,8.91
"1464",11.2657,9.142,142.87,29.82,8.92
"1465",11.2662,9.135,142.76,29.95,8.91
"1466",11.2666,9.138,142.61,29.95,8.92
"1467",11.267,9.142,142.73,29.79,8.92
"1468",11.2685,9.159,142.64,29.75,8.92
"1469",11.2689,9.166,143.55,29.63,8.93
"1470",11.2694,9.179,144.16,29.49,8.94
"1471",11.2698,9.171,144.2,29.38,8.95
"1472",11.2702,9.165,143.07,29.34,8.96
"1473",11.2716,9.169,143.6,29.35,8.96
"1474",11.2721,9.172,144.03,29.39,8.97
"1475",11.2727,9.17,142.31,29.38,8.98
"1476",11.2733,9.159,140.86,29.44,8.96
"1477",11.2738,9.166,141.91,29.51,8.97
"1478",11.2752,9.152,140.79,29.53,8.96
"1479",11.2757,9.155,140.5,29.63,8.95
"1480",11.2761,9.125,140.75,29.62,8.94
"1481",11.2766,9.115,140.98,29.46,8.94
"1482",11.2772,9.096,139.14,29.46,8.92
"1483",11.2785,9.092,140.49,29.51,8.93
"1484",11.2789,9.096,140.31,29.41,8.93
"1485",11.2793,9.119,140.4,29.42,8.93
"1486",11.28,9.132,140.5,29.41,8.94
"1487",11.2806,9.136,140.86,29.45,8.95
"1488",11.282,9.166,141.9,29.46,8.95
"1489",11.2826,9.169,142.36,29.38,8.95
"1490",11.2829,9.169,141.92,29.51,8.94
"1491",11.2832,9.163,141.95,29.48,8.94
"1492",11.2837,9.151,141.82,29.49,8.95
"1493",11.2852,9.148,141.59,29.52,8.96
"1494",11.2856,9.139,141.67,29.5,8.97
"1495",11.286,9.165,141.58,29.5,8.97
"1496",11.2868,9.182,141.81,29.55,8.98
"1497",11.2873,9.191,142.49,29.57,8.98
"1498",11.2891,9.204,141.96,29.53,8.98
"1499",11.2897,9.209,141.91,29.53,8.98
"1500",11.2903,9.198,141.25,29.49,8.97
"1501",11.2908,9.178,140.23,29.47,8.96
"1502",11.2912,9.156,138.9,29.48,8.96
"1503",11.2926,9.158,139.4,29.45,8.96
"1504",11.2935,9.171,138.74,29.4,8.95
"1505",11.2941,9.164,138.98,29.37,8.95
"1506",11.2945,9.156,138.69,29.26,8.95
"1507",11.2949,9.159,138.64,29.29,8.94
"1508",11.2964,9.152,137.79,29.33,8.94
"1509",11.2972,9.166,138.2,29.44,8.94
"1510",11.2982,9.179,138.61,29.45,8.94
"1511",11.2988,9.174,139.04,29.48,8.94
"1512",11.2992,9.168,138.68,29.55,8.94
"1513",11.3003,9.158,137.62,29.51,8.94
"1514",11.3008,9.166,136.77,29.53,8.95
"1515",11.3014,9.172,137.38,29.44,8.96
"1516",11.302,9.189,138.76,29.45,8.97
"1517",11.302,9.1845,138.485,29.48,8.98
"1518",11.3027,9.18,138.21,29.52,8.97
"1519",11.304,9.166,137.62,29.59,8.96
"1520",11.3042,9.151,137.91,29.5,8.96
"1521",11.3045,9.138,137.15,29.53,8.94
"1522",11.3053,9.137,137.05,29.52,8.94
"1523",11.3066,9.133,136.97,29.56,8.94
"1524",11.3069,9.13,136.99,29.51,8.94
"1525",11.3073,9.156,137.24,29.49,8.95
"1526",11.3077,9.165,137.46,29.53,8.96
"1527",11.3083,9.159,137.15,29.46,8.96
"1528",11.3096,9.172,137.17,29.39,8.96
"1529",11.3098,9.169,137.1,29.37,8.96
"1530",11.3102,9.186,137.49,29.32,8.96
"1531",11.3107,9.18,137.32,29.38,8.96
"1532",11.3113,9.176,137.55,29.35,8.96
"1533",11.3124,9.182,137.61,29.29,8.96
"1534",11.3128,9.19,137.94,29.25,8.96
"1535",11.3132,9.185,137.44,29.23,8.96
"1536",11.3136,9.187,137.44,29.3,8.96
"1537",11.314,9.186,137.88,29.26,8.96
"1538",11.3152,9.173,137.58,29.27,8.96
"1539",11.3156,9.195,138.19,29.24,8.97
"1540",11.3161,9.186,137.54,29.24,8.97
"1541",11.3166,9.18,136.94,29.28,8.96
"1542",11.3169,9.167,137.2,29.46,8.96
"1543",11.3181,9.17,137.44,29.46,8.95
"1544",11.3186,9.16,137.33,29.43,8.94
"1545",11.3188,9.15,137.82,29.37,8.95
"1546",11.3191,9.144,137.65,29.39,8.93
"1547",11.3191,9.145,137.29,29.39,8.95
"1548",11.3202,9.14,136.64,29.4,8.94
"1549",11.3205,9.151,137.44,29.44,8.95
"1550",11.3209,9.147,137.66,29.57,8.94
"1551",11.3213,9.16,137.33,29.6,8.94
"1552",11.3217,9.158,137.27,29.67,8.94
"1553",11.323,9.158,137.23,29.72,8.94
"1554",11.3233,9.158,137.23,29.82,8.94
"1555",11.3241,9.158,137.23,29.82,8.94
"1556",0.119185015188978,0.1,0.1,0.280814984811022,0.4
