date,HK0000065208,LU0286668453,LU0756523055,LU0605512275,LU0063729296
2014/1/2,17.55,13.75,6.6739999999999995,11.19,32.85
2014/1/3,17.53,13.74,6.662000000000001,11.18,32.82
2014/1/6,17.52,13.74,6.655,11.19,32.84
2014/1/7,17.48,13.73,6.649,11.19,32.8
2014/1/8,17.44,13.72,6.643,11.16,32.75
2014/1/9,17.45,13.73,6.645,11.18,32.79
2014/1/10,17.48,13.73,6.652,11.21,32.8
2014/1/13,17.48,13.76,6.655,11.26,32.85
2014/1/14,17.46,13.75,6.656000000000001,11.22,32.9
2014/1/15,17.48,13.76,6.665,11.24,32.92
2014/1/16,17.5,13.77,6.671,11.26,32.93
2014/1/17,17.5,13.78,6.678,11.28,33.0
2014/1/20,17.48,13.77,6.678999999999999,11.29,33.02
2014/1/21,17.45,13.76,6.662000000000001,11.27,33.01
2014/1/22,17.38,13.74,6.65,11.27,32.99
2014/1/23,17.36,13.81,6.631,11.28,32.95
2014/1/24,17.28,13.65,6.607,11.29,33.04
2014/1/27,17.24,13.62,6.596,11.25,32.93
2014/1/28,17.3,13.66,6.6160000000000005,11.23,32.83
2014/1/29,17.34,13.69,6.63,11.25,32.89
2014/1/30,17.32,13.67,6.626,11.29,32.92
2014/2/4,17.29,13.64,6.617000000000001,11.31,32.89
2014/2/5,17.3,13.65,6.62,11.31,32.89
2014/2/6,17.33,13.68,6.638999999999999,11.31,32.88
2014/2/7,17.36,13.7,6.647,11.32,32.93
2014/2/10,17.36,13.72,6.653,11.34,32.97
2014/2/11,17.37,13.74,6.667999999999999,11.35,33.01
2014/2/12,17.4,13.76,6.687,11.35,33.0
2014/2/13,17.4,13.76,6.68,11.35,33.05
2014/2/14,17.41,13.78,6.699,11.38,33.07
2014/2/17,17.43,13.79,6.702999999999999,11.39,33.1
2014/2/18,17.44,13.8,6.712000000000001,11.4,33.14
2014/2/19,17.43,13.8,6.718,11.42,33.22
2014/2/20,17.41,13.8,6.72,11.41,33.18
2014/2/21,17.42,13.8,6.727,11.41,33.2
2014/2/24,17.38,13.79,6.722,11.41,33.23
2014/2/25,17.36,13.79,6.722,11.42,33.23
2014/2/26,17.33,13.79,6.723,11.43,33.25
2014/2/27,17.34,13.8,6.73,11.46,33.32
2014/2/28,17.34,13.82,6.737,11.46,33.37
2014/3/3,17.33,13.81,6.742999999999999,11.49,33.42
2014/3/4,17.33,13.82,6.744,11.47,33.41
2014/3/5,17.34,13.84,6.749,11.47,33.41
2014/3/6,17.37,13.86,6.761,11.48,33.39
2014/3/7,17.38,13.86,6.772,11.48,33.42
2014/3/10,17.37,13.86,6.774,11.46,33.42
2014/3/11,17.37,13.86,6.771,11.47,33.24
2014/3/12,17.35,13.84,6.763999999999999,11.48,33.41
2014/3/13,17.33,13.8,6.766,11.49,33.41
2014/3/14,17.26,13.76,6.747999999999999,11.45,33.45
2014/3/17,17.22,13.74,6.728,11.44,33.42
2014/3/18,17.18,13.73,6.7170000000000005,11.5,33.43
2014/3/19,17.08,13.7,6.7,11.5,33.41
2014/3/20,17.08,13.69,6.695,11.46,33.31
2014/3/21,17.14,13.72,6.7139999999999995,11.47,33.3
2014/3/24,17.17,13.76,6.726,11.49,33.36
2014/3/25,17.19,13.77,6.742000000000001,11.5,33.37
2014/3/26,17.25,13.82,6.775,11.47,33.41
2014/3/27,17.21,13.83,6.791,11.55,33.46
2014/3/28,17.22,13.84,6.8,11.55,33.51
2014/3/31,17.24,13.85,6.809,11.54,33.52
2014/4/1,17.29,13.89,6.81,11.55,33.57
2014/4/2,17.34,13.92,6.843999999999999,11.55,33.59
2014/4/3,17.35,13.92,6.841,11.54,33.59
2014/4/4,17.37,13.93,6.841,11.55,33.56
2014/4/7,17.38,13.93,6.849,11.58,33.61
2014/4/8,17.4,13.94,6.861000000000001,11.59,33.67
2014/4/9,17.43,13.96,6.871,11.6,33.68
2014/4/10,17.44,13.97,6.872999999999999,11.62,33.69
2014/4/11,17.43,13.96,6.864,11.63,33.75
2014/4/14,17.41,13.96,6.862,11.62,33.74
2014/4/15,17.42,13.95,6.8629999999999995,11.62,33.76
2014/4/16,17.44,13.97,6.874,11.61,33.72
2014/4/17,17.45,13.95,6.882000000000001,11.62,33.71
2014/4/22,17.49,13.97,6.886,11.6,33.68
2014/4/23,17.49,13.97,6.886,11.61,33.7
2014/4/24,17.48,13.96,6.886,11.6,33.7
2014/4/25,17.48,13.95,6.888,11.62,33.71
2014/4/28,17.47,13.94,6.88,11.61,33.73
2014/4/29,17.46,13.94,6.877999999999999,11.6,33.89
2014/4/30,17.48,13.95,6.877999999999999,11.61,33.74
2014/5/2,17.49,13.95,6.8870000000000005,11.66,33.76
2014/5/5,17.5,13.96,6.891,11.68,33.85
2014/5/7,17.47,13.94,6.882999999999999,11.69,33.87
2014/5/8,17.45,13.94,6.879,11.7,33.95
2014/5/9,17.46,13.92,6.893,11.71,33.99
2014/5/12,17.45,13.92,6.896,11.69,33.98
2014/5/13,17.48,13.93,6.901,11.7,34.01
2014/5/14,17.53,13.97,6.919,11.75,34.09
2014/5/15,17.57,13.99,6.935,11.78,34.17
2014/5/16,17.55,14.0,6.936,11.78,34.26
2014/5/19,17.57,14.01,6.936,11.77,34.24
2014/5/20,17.57,14.01,6.933,11.77,34.22
2014/5/21,17.57,14.01,6.939,11.77,34.24
2014/5/22,17.62,14.05,6.956,11.78,34.25
2014/5/23,17.64,14.07,6.957000000000001,11.8,34.28
2014/5/26,17.66,14.08,6.971,11.81,34.34
2014/5/27,17.68,14.11,6.99,11.82,34.34
2014/5/28,17.69,14.11,6.992999999999999,11.84,34.43
2014/5/29,17.71,14.14,,11.87,
2014/5/30,17.73,14.15,7.011,11.85,34.51
2014/6/3,17.74,14.17,7.018,11.82,34.46
2014/6/4,17.75,14.17,7.019,11.81,34.44
2014/6/5,17.74,14.18,7.019,11.81,34.41
2014/6/6,17.77,14.2,7.029,11.83,34.48
2014/6/9,17.82,14.24,,11.83,
2014/6/10,17.85,14.26,7.047999999999999,11.83,34.52
2014/6/11,17.85,14.27,7.055,11.82,34.52
2014/6/12,17.86,14.28,7.067,11.81,34.49
2014/6/13,17.86,14.28,7.067,11.83,34.5
2014/6/16,17.85,14.28,7.071000000000001,11.83,34.5
2014/6/17,17.81,14.25,7.056,11.81,34.5
2014/6/18,17.82,14.26,7.056,11.8,34.43
2014/6/19,17.85,14.28,7.061,11.84,34.48
2014/6/20,17.86,14.29,7.062,11.82,34.5
2014/6/23,17.88,14.31,,11.83,
2014/6/24,17.89,14.32,7.069,11.84,34.56
2014/6/25,17.89,14.32,7.074,11.85,34.61
2014/6/26,17.91,14.33,7.074,11.85,34.61
2014/6/27,17.91,14.33,7.081,11.86,34.64
2014/6/30,17.94,14.35,7.091,11.87,34.65
2014/7/2,17.96,14.38,7.091,11.85,34.64
2014/7/3,18.01,14.41,7.102,11.84,34.62
2014/7/4,18.05,14.43,7.1160000000000005,11.84,34.67
2014/7/7,18.05,14.43,7.121,11.84,34.7
2014/7/8,18.03,14.43,7.132999999999999,11.87,34.71
2014/7/9,18.05,14.44,7.131,11.88,34.77
2014/7/10,18.04,14.44,7.132999999999999,11.9,34.83
2014/7/11,18.04,14.44,7.136,11.89,34.8
2014/7/14,18.06,14.45,7.138,11.89,34.82
2014/7/15,18.04,14.44,7.14,11.88,34.79
2014/7/16,18.02,14.42,7.138,11.91,34.97
2014/7/17,18.03,14.42,7.1339999999999995,11.9,34.82
2014/7/18,18.0,14.4,7.138,11.9,34.87
2014/7/21,18.03,14.42,7.136,11.91,34.85
2014/7/22,18.06,14.43,7.14,11.91,34.89
2014/7/23,18.09,14.45,7.146,11.93,34.93
2014/7/24,18.11,14.48,7.156000000000001,11.93,34.95
2014/7/25,18.13,14.48,7.165,11.93,34.96
2014/7/28,18.15,14.49,7.167999999999999,11.94,35.0
2014/7/29,18.16,14.49,7.172999999999999,11.95,35.03
2014/7/30,18.16,14.5,7.1739999999999995,11.94,35.02
2014/7/31,18.15,14.48,7.167000000000001,11.92,35.15
2014/8/1,18.12,14.43,7.167999999999999,11.9,34.98
2014/8/4,18.11,14.43,7.147,11.93,34.95
2014/8/5,18.12,14.44,7.143,11.92,34.94
2014/8/6,18.09,14.41,7.147,11.92,34.94
2014/8/7,18.07,14.39,7.136,11.91,34.9
2014/8/8,18.0,14.36,7.126,11.92,34.86
2014/8/11,18.08,14.41,7.1129999999999995,11.92,34.86
2014/8/12,18.13,14.44,7.121,11.93,34.91
2014/8/13,18.16,14.46,7.129,11.93,34.95
2014/8/14,18.18,14.48,7.148,11.95,35.02
2014/8/15,18.23,14.51,,11.99,
2014/8/18,18.25,14.53,7.178,12.0,35.34
2014/8/19,18.27,14.55,7.182,12.0,35.19
2014/8/20,18.26,14.55,7.185,11.99,35.36
2014/8/21,18.26,14.54,7.185,12.02,35.34
2014/8/22,18.27,14.56,7.183,12.01,35.18
2014/8/25,18.29,14.57,7.189,12.02,35.23
2014/8/26,18.3,14.59,7.194,12.03,35.25
2014/8/27,18.29,14.59,7.205,12.04,35.32
2014/8/28,18.31,14.59,7.202999999999999,12.06,35.35
2014/8/29,18.34,14.6,7.2139999999999995,12.06,35.38
2014/9/1,18.34,14.6,7.216,12.06,35.41
2014/9/2,18.33,14.6,7.216,12.04,35.39
2014/9/3,18.35,14.6,7.216,12.02,35.52
2014/9/4,18.36,14.6,7.218999999999999,12.03,35.36
2014/9/5,18.37,14.6,7.218999999999999,12.03,35.4
2014/9/8,18.36,14.6,7.221,12.04,35.39
2014/9/10,18.33,14.57,7.218,12.0,35.34
2014/9/11,18.32,14.56,7.207000000000001,11.99,35.12
2014/9/12,18.28,14.51,7.205,11.97,35.25
2014/9/15,18.22,14.47,7.194,11.94,35.16
2014/9/16,18.23,14.47,7.17,11.95,35.1
2014/9/17,18.23,14.48,7.171,11.96,35.13
2014/9/18,18.25,14.49,7.172000000000001,11.94,35.11
2014/9/19,18.27,14.5,7.171,11.95,35.13
2014/9/22,18.26,14.49,7.1739999999999995,11.98,35.37
2014/9/23,18.25,14.46,7.172000000000001,11.98,35.22
2014/9/24,18.25,14.45,7.166,11.97,35.22
2014/9/25,18.26,14.44,7.162000000000001,11.98,35.03
2014/9/26,18.22,14.42,7.162000000000001,11.99,35.24
2014/9/29,18.17,14.38,7.159,11.97,35.26
2014/9/30,18.14,14.37,7.124,11.96,35.18
2014/10/3,18.14,14.38,7.129,11.99,35.22
2014/10/6,18.18,14.4,7.13,12.03,35.25
2014/10/7,18.17,14.41,7.124,11.99,35.29
2014/10/8,18.16,14.39,7.125,12.03,35.54
2014/10/9,18.17,14.4,7.122999999999999,12.07,35.39
2014/10/10,18.09,14.33,7.126,12.06,35.39
2014/10/13,18.07,14.33,7.09,12.06,35.4
2014/10/14,18.05,14.31,7.09,12.08,35.42
2014/10/15,18.02,14.28,7.08,12.09,35.52
2014/10/16,17.91,14.22,7.067,12.11,35.51
2014/10/17,17.9,14.23,7.037000000000001,12.07,35.4
2014/10/20,18.03,14.31,7.037000000000001,12.06,35.41
2014/10/21,18.1,14.38,7.0729999999999995,12.11,35.48
2014/10/22,18.16,14.43,7.109,12.12,35.55
2014/10/23,18.19,14.45,7.138,12.11,35.62
2014/10/24,18.21,14.47,7.151,12.11,35.62
2014/10/27,18.23,14.48,7.1579999999999995,12.14,35.82
2014/10/28,18.23,14.48,7.1579999999999995,12.12,35.65
2014/10/29,18.25,14.5,7.166,12.11,35.65
2014/10/30,18.25,14.5,7.165,12.11,35.65
2014/10/31,18.27,14.52,7.182,12.1,35.64
2014/11/3,18.3,14.53,7.19,12.11,35.68
2014/11/4,18.3,14.51,7.185,12.12,35.7
2014/11/5,18.29,14.5,7.178999999999999,12.11,35.87
2014/11/6,18.27,14.47,7.175,12.11,35.85
2014/11/7,18.28,14.47,7.162999999999999,12.1,35.8
2014/11/10,18.28,14.46,7.169,12.13,35.68
2014/11/11,18.27,14.46,7.165,12.11,35.84
2014/11/12,18.28,14.47,7.166,12.12,35.68
2014/11/13,18.29,14.47,7.172000000000001,12.12,35.68
2014/11/14,18.28,14.46,7.17,12.13,35.71
2014/11/17,18.29,14.47,7.176,12.15,35.76
2014/11/18,18.3,14.47,7.176,12.14,35.78
2014/11/19,18.29,14.46,7.172999999999999,12.1,35.79
2014/11/20,18.26,14.43,7.154,12.14,35.78
2014/11/21,18.26,14.45,7.156000000000001,12.14,35.74
2014/11/24,18.31,14.49,7.1579999999999995,12.15,35.79
2014/11/25,18.34,14.51,7.19,12.17,35.83
2014/11/26,18.34,14.5,7.19,12.18,35.88
2014/11/27,18.35,14.51,7.191,12.19,35.91
2014/11/28,18.37,14.5,7.191,12.21,35.94
2014/12/1,18.35,14.48,7.18,12.22,36.01
2014/12/2,18.32,14.46,7.167999999999999,12.19,35.94
2014/12/3,18.28,14.44,7.142,12.17,36.08
2014/12/4,18.3,14.44,7.146,12.18,35.89
2014/12/5,18.27,14.43,7.141,12.18,35.89
2014/12/8,18.27,14.42,7.1370000000000005,12.17,35.7
2014/12/9,18.22,14.37,7.122999999999999,12.19,35.88
2014/12/10,18.2,14.36,7.1160000000000005,12.19,35.65
2014/12/11,18.16,14.33,7.1,12.19,35.84
2014/12/12,18.13,14.29,7.0920000000000005,12.19,35.63
2014/12/15,18.07,14.24,7.09,12.17,35.76
2014/12/16,17.99,14.16,7.0760000000000005,12.15,35.67
2014/12/17,17.86,14.09,7.028,12.11,35.51
2014/12/18,17.91,14.15,7.002000000000001,12.12,35.41
2014/12/19,17.96,14.19,7.016,12.13,35.46
2014/12/22,17.96,14.2,7.01,12.14,35.51
2014/12/23,17.95,14.23,7.016,12.14,35.53
2014/12/24,17.96,14.23,,12.12,
2014/12/29,17.95,14.24,7.024,12.14,35.5
2014/12/30,17.96,14.25,7.007999999999999,12.16,35.53
2014/12/31,17.97,14.24,7.011,12.16,35.55
2015/1/2,17.96,14.21,,12.17,35.55
2015/1/5,17.89,14.18,6.968,12.19,35.57
2015/1/6,17.67,14.04,6.957000000000001,12.2,35.41
2015/1/7,17.56,13.95,6.836,12.18,35.48
2015/1/8,17.57,13.94,6.79,12.17,35.39
2015/1/9,17.64,13.99,6.813,12.18,35.35
2015/1/12,17.69,14.0,6.841,12.18,35.4
2015/1/13,17.78,14.04,6.84,12.2,35.46
2015/1/14,17.76,13.98,6.875,12.22,35.5
2015/1/15,17.7,13.91,6.8420000000000005,12.24,35.48
2015/1/16,17.63,13.86,6.795,12.24,35.46
2015/1/19,17.65,13.87,6.781000000000001,12.21,35.37
2015/1/20,17.72,13.93,6.778,12.24,35.42
2015/1/21,17.76,13.96,6.815,12.26,35.53
2015/1/22,17.82,14.03,6.867000000000001,12.25,35.59
2015/1/23,17.88,14.09,6.898,12.3,35.69
2015/1/26,17.87,14.09,6.895,12.31,35.86
2015/1/27,17.93,14.14,6.899,12.32,35.96
2015/1/28,17.99,14.19,6.949,12.34,36.06
2015/1/29,17.99,14.19,6.949,12.36,36.19
2015/1/30,18.06,14.23,6.966,12.38,36.42
2015/2/2,18.02,14.22,6.962000000000001,12.38,36.3
2015/2/3,18.02,14.24,6.968,12.37,36.25
2015/2/4,18.02,14.26,6.977,12.36,36.18
2015/2/5,17.99,14.25,6.968,12.36,36.24
2015/2/6,18.0,14.28,6.981,12.35,36.26
2015/2/9,18.0,14.28,6.987,12.33,36.23
2015/2/10,17.99,14.28,6.989,12.35,36.22
2015/2/11,18.01,14.29,6.987,12.35,36.18
2015/2/12,18.02,14.29,6.987,12.31,36.16
2015/2/13,18.07,14.32,7.002000000000001,12.33,36.16
2015/2/16,18.08,14.32,7.005,12.28,36.36
2015/2/17,18.08,14.34,7.006,12.32,36.2
2015/2/18,18.11,14.34,7.015,12.3,36.11
2015/2/23,18.15,14.38,7.023,12.33,36.16
2015/2/24,18.19,14.39,7.026,12.37,36.23
2015/2/25,18.25,14.43,7.055,12.45,36.35
2015/2/26,18.29,14.47,7.057,12.43,36.61
2015/2/27,18.33,14.48,7.08,12.41,36.45
2015/3/2,18.37,14.51,7.085,12.42,36.47
2015/3/3,18.39,14.52,7.093999999999999,12.44,36.43
2015/3/4,18.4,14.52,7.096,12.39,36.45
2015/3/5,18.39,14.52,7.098,12.39,36.44
2015/3/6,18.38,14.51,7.093,12.37,36.6
2015/3/9,18.37,14.5,7.087999999999999,12.36,36.56
2015/3/10,18.34,14.48,7.077000000000001,12.38,36.4
2015/3/11,18.26,14.45,7.056,12.36,36.38
2015/3/12,18.24,14.45,7.056,12.4,36.33
2015/3/13,18.24,14.44,7.0489999999999995,12.39,36.38
2015/3/16,18.2,14.39,7.051,12.38,36.38
2015/3/17,18.18,14.37,7.037000000000001,12.44,36.35
2015/3/18,18.18,14.34,7.007000000000001,12.4,36.36
2015/3/19,18.23,14.41,7.0360000000000005,12.45,36.3
2015/3/20,18.22,14.4,7.03,12.45,36.5
2015/3/23,18.23,14.41,7.04,12.47,36.31
2015/3/24,18.27,14.44,7.053999999999999,12.48,36.53
2015/3/25,18.28,14.45,7.055,12.5,36.56
2015/3/26,18.28,14.45,7.069,12.43,36.51
2015/3/27,18.29,14.46,7.068,12.46,36.48
2015/3/30,18.32,14.48,7.074,12.48,36.74
2015/3/31,18.36,14.5,7.085,12.53,36.58
2015/4/1,18.39,14.51,7.0889999999999995,12.52,36.84
2015/4/2,18.45,14.55,7.131,12.54,36.67
2015/4/8,18.53,14.62,7.14,12.55,36.78
2015/4/9,18.55,14.66,7.169,12.55,36.83
2015/4/10,18.61,14.71,7.17,12.55,36.86
2015/4/13,18.69,14.77,7.186,12.55,36.91
2015/4/14,18.68,14.76,7.224,12.57,36.94
2015/4/15,18.67,14.77,7.224,12.57,37.0
2015/4/16,18.66,14.84,7.228,12.58,37.19
2015/4/17,18.62,14.73,7.224,12.59,36.93
2015/4/20,18.58,14.72,7.224,12.57,36.93
2015/4/21,18.56,14.71,7.207999999999999,12.57,36.84
2015/4/22,18.57,14.71,7.2,12.56,36.82
2015/4/23,18.6,14.71,7.202000000000001,12.54,36.8
2015/4/24,18.63,14.73,7.216,12.55,36.82
2015/4/27,18.64,14.75,7.225,12.56,37.0
2015/4/28,18.64,14.76,7.23,12.59,36.82
2015/4/29,18.67,14.75,7.242000000000001,12.52,36.74
2015/4/30,18.67,14.76,7.245,12.48,36.69
2015/5/4,18.67,14.78,7.244,12.48,36.68
2015/5/5,18.65,14.78,7.244,12.48,36.65
2015/5/6,18.6,14.75,7.236000000000001,12.49,36.56
2015/5/7,18.52,14.7,7.231,12.44,36.64
2015/5/8,18.57,14.75,7.211,12.49,36.52
2015/5/11,18.61,14.79,7.227,12.48,36.59
2015/5/12,18.6,14.76,7.233,12.41,36.51
2015/5/13,18.62,14.79,7.251,12.47,36.5
2015/5/14,18.63,14.79,,12.47,
2015/5/15,18.67,14.82,7.273,12.55,36.59
2015/5/18,18.68,14.83,7.276,12.54,36.68
2015/5/19,18.71,14.85,7.292999999999999,12.5,36.68
2015/5/20,18.72,14.84,7.2829999999999995,12.48,36.87
2015/5/21,18.75,14.86,7.2860000000000005,12.51,36.7
2015/5/22,18.75,14.86,7.2989999999999995,12.52,36.79
2015/5/26,18.77,14.87,7.294,12.53,36.8
2015/5/27,18.75,14.87,7.289,12.52,36.86
2015/5/28,18.72,14.86,7.29,12.53,36.86
2015/5/29,18.66,14.83,7.265,12.54,36.87
2015/6/1,18.64,14.83,7.263,12.52,36.87
2015/6/2,18.66,14.85,7.274,12.49,36.77
2015/6/3,18.65,14.83,7.276,12.46,36.7
2015/6/4,18.63,14.8,7.274,12.44,36.64
2015/6/5,18.6,14.78,7.257999999999999,12.45,36.61
2015/6/8,18.58,14.76,7.252000000000001,12.42,36.51
2015/6/9,18.53,14.74,7.244,12.41,36.46
2015/6/10,18.49,14.71,7.218999999999999,12.36,36.38
2015/6/11,18.53,14.75,7.227,12.37,36.14
2015/6/12,18.58,14.77,7.244,12.41,36.38
2015/6/15,18.57,14.75,7.2379999999999995,12.41,36.44
2015/6/16,18.52,14.71,7.222,12.41,36.39
2015/6/17,18.56,14.73,7.23,12.38,36.37
2015/6/18,18.63,14.78,7.26,12.44,36.45
2015/6/19,18.67,14.8,7.27,12.45,36.56
2015/6/22,18.69,14.82,7.28,12.44,36.61
2015/6/23,18.74,14.85,,12.42,
2015/6/24,18.77,14.86,7.303,12.41,36.59
2015/6/25,18.75,14.85,7.301,12.41,36.6
2015/6/26,18.72,14.84,7.2989999999999995,12.39,36.56
2015/6/29,18.65,14.78,7.27,12.41,36.51
2015/6/30,18.67,14.79,7.274,12.41,36.5
2015/7/2,18.73,14.83,7.292000000000001,12.39,36.48
2015/7/3,18.73,14.84,7.294,12.41,36.52
2015/7/6,18.66,14.79,7.279,12.44,36.55
2015/7/7,18.57,14.74,7.252999999999999,12.47,36.59
2015/7/8,18.31,14.55,7.159,12.43,36.51
2015/7/9,18.48,14.57,7.2010000000000005,12.42,36.42
2015/7/10,18.58,14.73,7.247999999999999,12.39,36.38
2015/7/13,18.62,14.76,7.256,12.37,36.34
2015/7/14,18.63,14.77,7.257999999999999,12.39,36.37
2015/7/15,18.65,14.78,7.265,12.38,36.4
2015/7/16,18.67,14.81,7.273,12.42,36.46
2015/7/17,18.7,14.83,7.2829999999999995,12.44,36.53
2015/7/20,18.75,14.86,7.296,12.46,36.75
2015/7/21,18.78,14.86,7.307,12.44,36.59
2015/7/22,18.78,14.86,7.308,12.46,36.64
2015/7/23,18.76,14.84,7.296,12.46,36.65
2015/7/24,18.75,14.83,7.287999999999999,12.47,36.7
2015/7/27,18.67,14.75,7.26,12.47,36.67
2015/7/28,18.68,14.76,7.261,12.46,36.57
2015/7/29,18.69,14.76,7.263999999999999,12.45,36.58
2015/7/30,18.73,14.79,7.271,12.45,36.59
2015/7/31,18.76,14.8,7.273,12.46,36.63
2015/8/3,18.76,14.8,7.274,12.49,36.66
2015/8/4,18.72,14.78,7.261,12.48,36.68
2015/8/5,18.73,14.76,7.256,12.45,36.65
2015/8/6,18.73,14.77,7.257000000000001,12.46,36.6
2015/8/7,18.74,14.76,7.256,12.47,36.6
2015/8/10,18.74,14.76,7.257999999999999,12.48,36.65
2015/8/11,18.75,14.74,7.252999999999999,12.49,36.65
2015/8/12,18.62,14.65,7.211,12.49,36.62
2015/8/13,18.64,14.66,7.216,12.46,36.52
2015/8/14,18.63,14.65,7.21,12.46,36.47
2015/8/17,18.61,14.63,7.1979999999999995,12.45,36.48
2015/8/18,18.56,14.59,7.18,12.49,36.46
2015/8/19,18.56,14.57,7.166,12.41,36.4
2015/8/20,18.5,14.52,7.14,12.46,36.39
2015/8/21,18.42,14.46,7.098,12.44,36.3
2015/8/24,18.15,14.19,7.001,12.41,36.26
2015/8/25,18.16,14.25,6.987,12.38,36.01
2015/8/26,18.14,14.21,6.97,12.35,35.9
2015/8/27,18.31,14.35,7.032,12.38,35.86
2015/8/28,18.44,14.42,7.079,12.45,35.94
2015/8/31,18.42,14.39,7.065,12.4,35.99
2015/9/1,18.37,14.36,7.051,12.38,35.98
2015/9/2,18.31,14.31,7.029,12.38,35.94
2015/9/4,18.32,14.31,7.023,12.39,35.94
2015/9/7,18.3,14.29,7.023,12.39,35.98
2015/9/8,18.32,14.3,7.03,12.38,35.94
2015/9/9,18.38,14.33,7.044,12.37,35.9
2015/9/10,18.36,14.32,7.042999999999999,12.37,35.89
2015/9/11,18.37,14.34,7.05,12.38,35.91
2015/9/14,18.38,14.34,7.0520000000000005,12.38,35.91
2015/9/15,18.35,14.33,7.046,12.38,35.9
2015/9/16,18.39,14.34,7.045,12.34,35.85
2015/9/17,18.43,14.35,7.0520000000000005,12.36,35.82
2015/9/18,18.49,14.4,7.07,12.42,35.93
2015/9/21,18.5,14.4,7.063,12.42,36.1
2015/9/22,18.53,14.41,7.0889999999999995,12.42,36.29
2015/9/23,18.47,14.37,7.0760000000000005,12.41,36.1
2015/9/24,18.43,14.31,7.063,12.42,36.02
2015/9/25,18.36,14.26,7.031000000000001,12.39,35.92
2015/9/29,18.11,14.11,6.9479999999999995,12.34,35.87
2015/9/30,18.19,14.13,6.966,12.34,35.71
2015/10/2,18.27,14.17,6.992000000000001,12.36,35.8
2015/10/5,18.33,14.23,7.023,12.41,35.83
2015/10/6,18.4,14.29,7.053999999999999,12.43,35.96
2015/10/7,18.54,14.37,7.108,12.46,35.87
2015/10/8,18.53,14.37,7.109,12.46,36.14
2015/10/9,18.63,14.43,7.154,12.44,36.12
2015/10/12,18.7,14.49,7.157,12.49,36.25
2015/10/13,18.69,14.49,7.188,12.51,36.32
2015/10/14,18.68,14.48,7.19,12.5,36.37
2015/10/15,18.71,14.51,7.209,12.51,36.41
2015/10/16,18.76,14.54,7.222,12.56,36.47
2015/10/19,18.81,14.57,7.24,12.56,36.75
2015/10/20,18.82,14.59,7.24,12.53,36.6
2015/10/22,18.8,14.58,7.235,12.57,36.59
2015/10/23,18.84,14.64,7.255,12.6,36.61
2015/10/26,18.92,14.69,7.284,12.57,36.69
2015/10/27,18.93,14.7,7.287999999999999,12.61,36.71
2015/10/28,18.91,14.71,7.291,12.61,36.72
2015/10/29,18.91,14.71,7.281000000000001,12.55,36.67
2015/10/30,18.91,14.72,7.279,12.55,36.6
2015/11/2,18.92,14.73,7.28,12.55,36.57
2015/11/3,18.93,14.76,7.287999999999999,12.57,36.56
2015/11/4,18.98,14.79,7.309,12.58,36.59
2015/11/5,18.99,14.77,7.306,12.57,36.63
2015/11/6,18.96,14.75,7.296,12.57,36.65
2015/11/9,18.9,14.69,7.267,12.51,36.64
2015/11/10,18.84,14.65,7.247000000000001,12.52,36.57
2015/11/11,18.82,14.62,7.247999999999999,12.52,36.54
2015/11/12,18.82,14.61,7.233,12.54,36.53
2015/11/13,18.8,14.58,7.218,12.55,36.57
2015/11/16,18.76,14.56,7.207999999999999,12.55,36.59
2015/11/17,18.83,14.62,7.233,12.55,36.56
2015/11/18,18.84,14.64,7.239,12.56,36.58
2015/11/19,18.9,14.66,7.255,12.57,36.6
2015/11/20,18.92,14.66,7.261,12.57,36.62
2015/11/23,18.93,14.66,7.265,12.55,36.62
2015/11/24,18.9,14.64,7.261,12.57,36.62
2015/11/25,18.9,14.64,7.261,12.58,36.64
2015/11/26,18.9,14.64,7.261,12.57,36.62
2015/11/27,18.9,14.64,7.249,12.58,36.62
2015/11/30,18.92,14.65,7.251,12.57,36.64
2015/12/1,18.92,14.64,7.246,12.62,36.62
2015/12/2,18.92,14.66,7.247999999999999,12.62,36.64
2015/12/3,18.91,14.64,7.2410000000000005,12.6,36.67
2015/12/4,18.9,14.61,7.239,12.55,36.57
2015/12/7,18.92,14.62,7.2379999999999995,12.58,36.51
2015/12/8,18.89,14.58,7.218,12.58,36.56
2015/12/9,18.86,14.55,7.204,12.57,36.54
2015/12/10,18.84,14.52,7.193,12.57,36.48
2015/12/11,18.81,14.45,7.172999999999999,12.56,36.47
2015/12/14,18.69,14.39,7.1339999999999995,12.56,36.42
2015/12/15,18.67,14.35,7.126,12.52,36.3
2015/12/16,18.69,14.36,7.13,12.52,36.27
2015/12/17,18.77,14.39,7.151,12.51,36.32
2015/12/18,18.77,14.39,7.154,12.56,36.41
2015/12/21,18.78,14.39,7.154,12.6,36.42
2015/12/22,18.78,14.39,7.164,12.56,36.39
2015/12/23,18.79,14.4,7.164,12.55,36.4
2015/12/24,18.8,14.42,,12.55,
2015/12/28,18.81,14.43,7.171,12.55,36.4
2015/12/29,18.81,14.44,7.169,12.55,36.4
2015/12/30,18.83,14.45,7.172999999999999,12.5,36.38
2015/12/31,18.84,14.45,7.17,12.54,36.36
2016/1/4,18.87,14.48,7.18,12.57,36.39
2016/1/5,18.92,14.52,7.199,12.59,36.47
2016/1/6,18.97,14.55,7.212000000000001,12.61,36.5
2016/1/7,18.9,14.48,7.195,12.6,36.56
2016/1/8,18.91,14.49,7.193,12.6,36.54
2016/1/11,18.88,14.45,7.182,12.6,36.52
2016/1/12,18.88,14.43,7.169,12.63,36.49
2016/1/13,18.88,14.4,7.171,12.61,36.47
2016/1/14,18.82,14.33,7.14,12.62,36.5
2016/1/15,18.81,14.3,7.132000000000001,12.61,36.48
2016/1/18,18.76,14.24,7.1339999999999995,12.6,36.44
2016/1/19,18.79,14.27,7.131,12.6,36.41
2016/1/20,18.74,14.18,7.099,12.6,36.4
2016/1/21,18.66,14.13,7.06,12.59,36.36
2016/1/22,18.68,14.18,7.074,12.57,36.31
2016/1/25,18.66,14.18,7.062,12.57,36.29
2016/1/26,18.62,14.13,7.035,12.56,36.47
2016/1/27,18.64,14.13,7.05,12.61,36.24
2016/1/28,18.68,14.16,7.064,12.59,36.26
2016/1/29,18.78,14.25,7.11,12.64,36.37
2016/2/1,18.79,14.26,7.117999999999999,12.64,36.53
2016/2/2,18.79,14.25,7.109,12.59,36.52
2016/2/3,18.77,14.22,7.1,12.64,36.5
2016/2/4,18.81,14.24,7.109,12.64,36.48
2016/2/5,18.82,14.24,7.106,12.66,36.7
2016/2/11,18.75,14.1,7.064,12.67,36.52
2016/2/12,18.71,14.09,7.042000000000001,12.62,36.46
2016/2/15,18.78,14.15,7.047000000000001,12.64,36.37
2016/2/16,18.84,14.19,7.082000000000001,12.64,36.39
2016/2/17,18.87,14.21,7.081,12.66,36.38
2016/2/18,18.93,14.27,7.108,12.68,36.42
2016/2/19,18.95,14.27,7.121,12.72,36.47
2016/2/22,18.98,14.3,7.132000000000001,12.71,36.51
2016/2/23,19.0,14.33,7.138999999999999,12.72,36.5
2016/2/24,18.97,14.28,7.127999999999999,12.73,36.56
2016/2/25,18.96,14.28,7.117999999999999,12.71,36.53
2016/2/26,18.98,14.32,7.14,12.73,36.54
2016/2/29,19.01,14.33,7.15,12.73,36.57
2016/3/1,19.02,14.3,7.162000000000001,12.75,36.61
2016/3/2,19.07,14.47,7.195,12.75,36.61
2016/3/3,19.12,14.51,7.22,12.76,36.61
2016/3/4,19.15,14.54,7.2410000000000005,12.79,36.65
2016/3/7,19.19,14.62,7.274,12.78,36.71
2016/3/8,19.15,14.52,7.257999999999999,12.8,36.7
2016/3/9,19.12,14.59,7.247999999999999,12.79,36.91
2016/3/10,19.14,14.62,7.263,12.82,36.72
2016/3/11,19.18,14.68,7.287000000000001,12.82,36.57
2016/3/14,19.23,14.72,7.314,12.84,36.79
2016/3/15,19.21,14.69,7.303999999999999,12.84,36.85
2016/3/16,19.22,14.68,7.296,12.84,36.87
2016/3/17,19.29,14.78,7.336,12.93,36.89
2016/3/18,19.35,14.82,7.352,12.99,37.06
2016/3/21,19.36,14.85,7.3660000000000005,12.95,37.32
2016/3/22,19.36,14.85,7.367999999999999,12.94,37.14
2016/3/23,19.36,14.83,7.367999999999999,12.93,37.13
2016/3/24,19.34,14.81,7.3660000000000005,12.93,37.13
2016/3/29,19.36,14.81,7.372000000000001,12.94,37.11
2016/3/30,19.43,14.88,7.396,13.01,37.17
2016/3/31,19.54,14.93,7.428,13.02,37.23
2016/4/1,19.61,14.96,7.495,13.04,37.34
2016/4/5,19.61,14.95,7.444,13.06,37.42
2016/4/6,19.61,14.95,7.447,13.05,37.43
2016/4/7,19.64,14.97,7.462000000000001,13.07,37.45
2016/4/8,19.65,14.99,7.466,13.07,37.5
2016/4/11,19.69,15.02,7.477,13.07,37.51
2016/4/12,19.7,15.04,7.483,13.07,37.73
2016/4/13,19.77,15.1,7.5,13.07,37.55
2016/4/14,19.87,15.15,7.525,13.08,37.56
2016/4/15,19.92,15.17,7.539,13.09,37.61
2016/4/18,19.92,15.17,7.531000000000001,13.09,37.82
2016/4/19,19.96,15.2,7.537999999999999,13.08,37.63
2016/4/20,19.93,15.18,7.528,13.08,37.63
2016/4/21,20.0,15.22,7.553,13.06,37.63
2016/4/22,19.99,15.22,7.5489999999999995,13.05,37.6
2016/4/25,19.96,15.21,7.542000000000001,13.05,37.58
2016/4/26,19.95,15.2,7.547000000000001,12.98,37.55
2016/4/27,20.05,15.24,7.566,13.0,37.53
2016/4/28,20.1,15.27,7.5760000000000005,13.02,37.56
2016/4/29,20.15,15.27,7.59,13.03,37.61
2016/5/3,20.17,15.27,7.595,13.05,37.67
2016/5/4,20.05,15.22,7.569,13.04,37.68
2016/5/5,20.06,15.24,,13.05,
2016/5/6,20.05,15.23,7.572,13.06,37.91
2016/5/9,20.07,15.25,7.582000000000001,13.06,37.74
2016/5/10,20.07,15.27,7.586,13.07,37.76
2016/5/11,20.11,15.3,7.595,13.08,37.77
2016/5/12,20.19,15.34,7.6160000000000005,13.11,37.83
2016/5/13,20.23,15.35,7.625,13.09,37.87
2016/5/16,20.25,15.37,,13.1,
2016/5/17,20.31,15.39,7.645,13.09,37.88
2016/5/18,20.31,15.4,7.644,13.07,37.87
2016/5/19,20.24,15.35,7.625,13.03,37.8
2016/5/20,20.24,15.36,7.627999999999999,13.04,37.74
2016/5/23,20.24,15.37,7.629,13.05,37.73
2016/5/24,20.24,15.38,7.622999999999999,13.05,37.77
2016/5/25,20.28,15.41,7.635,13.04,37.76
2016/5/26,20.3,15.43,7.64,13.04,37.75
2016/5/27,20.3,15.42,7.64,13.05,37.78
2016/5/30,20.32,15.43,7.644,13.08,37.79
2016/5/31,20.33,15.44,7.7,13.04,37.77
2016/6/1,20.32,15.44,7.704,13.05,37.78
2016/6/2,20.31,15.43,7.651,13.05,37.77
2016/6/3,20.39,15.45,7.662999999999999,13.08,37.78
2016/6/6,20.43,15.48,7.676,13.14,38.06
2016/6/7,20.48,15.53,7.693,13.12,37.93
2016/6/8,20.52,15.57,7.7010000000000005,13.13,38.14
2016/6/10,20.52,15.58,7.705,13.14,38.05
2016/6/13,20.46,15.54,7.643,13.13,38.07
2016/6/14,20.38,15.48,7.704,13.13,38.03
2016/6/15,20.39,15.49,7.702999999999999,13.11,38.0
2016/6/16,20.37,15.47,7.617999999999999,13.12,38.01
2016/6/17,20.39,15.5,7.672999999999999,13.12,38.02
2016/6/20,20.47,15.56,7.694,13.12,37.99
2016/6/21,20.51,15.59,7.707999999999999,13.13,38.01
2016/6/22,20.55,15.61,7.66,13.12,38.01
2016/6/23,20.57,15.63,,13.11,
2016/6/24,20.48,15.54,7.696000000000001,13.21,38.07
2016/6/27,20.5,15.54,7.7,13.25,38.14
2016/6/28,20.52,15.57,7.707999999999999,13.23,38.16
2016/6/29,20.63,15.65,7.739,13.3,38.41
2016/6/30,20.69,15.68,7.76,13.27,38.52
2016/7/4,20.74,15.75,7.771,13.32,38.69
2016/7/5,20.79,15.79,7.8,13.35,38.76
2016/7/6,20.77,15.78,7.803999999999999,13.36,38.69
2016/7/7,20.83,15.83,7.82,13.36,38.7
2016/7/8,20.85,15.85,7.83,13.37,38.71
2016/7/11,20.95,15.91,7.859,13.44,38.77
2016/7/12,20.99,15.93,7.875,13.37,39.0
2016/7/13,21.05,15.97,7.89,13.38,38.8
2016/7/14,21.06,15.99,7.897,13.41,38.81
2016/7/15,21.07,15.99,7.902,13.37,38.99
2016/7/18,21.1,16.01,7.906000000000001,13.36,38.77
2016/7/19,21.11,16.01,7.914,13.37,38.78
2016/7/20,21.12,16.03,7.917999999999999,13.37,38.81
2016/7/21,21.14,16.05,7.9270000000000005,13.37,39.0
2016/7/22,21.15,16.06,7.928999999999999,13.4,38.84
2016/7/25,21.2,16.1,7.949,13.41,38.9
2016/7/26,21.18,16.08,7.949,13.42,38.93
2016/7/27,21.17,16.08,7.9510000000000005,13.42,38.96
2016/7/28,21.18,16.09,7.957000000000001,13.45,38.99
2016/7/29,21.15,16.09,7.954,13.44,39.06
2016/8/1,21.16,16.1,7.96,13.47,39.1
2016/8/3,21.08,16.07,7.943,13.45,39.09
2016/8/4,21.09,16.1,7.949,13.46,39.03
2016/8/5,21.1,16.12,7.956,13.46,39.26
2016/8/8,21.12,16.14,7.959,13.45,39.1
2016/8/9,21.18,16.17,7.9639999999999995,13.48,39.11
2016/8/10,21.23,16.2,7.965,13.5,39.21
2016/8/11,21.24,16.2,7.97,13.51,39.28
2016/8/12,21.29,16.22,7.98,13.52,39.3
2016/8/15,21.35,16.25,,13.54,
2016/8/16,21.35,16.25,8.0,13.53,39.41
2016/8/17,21.35,16.25,7.997000000000001,13.51,39.38
2016/8/18,21.38,16.27,8.005,13.54,39.4
2016/8/19,21.38,16.28,8.004,13.54,39.44
2016/8/22,21.4,16.31,8.008,13.54,39.45
2016/8/23,21.37,16.31,8.006,13.54,39.42
2016/8/24,21.4,16.32,8.009,13.54,39.43
2016/8/25,21.39,16.31,8.004,13.54,39.44
2016/8/26,21.37,16.3,8.0,13.54,39.43
2016/8/29,21.37,16.29,7.995,13.52,39.38
2016/8/30,21.33,16.28,8.041,13.54,39.39
2016/8/31,21.3,16.26,7.978,13.53,39.42
2016/9/1,21.23,16.22,7.9670000000000005,13.51,39.39
2016/9/2,21.24,16.23,7.976,13.51,39.36
2016/9/5,21.28,16.25,7.979,13.52,39.38
2016/9/6,21.32,16.27,7.992000000000001,13.53,39.21
2016/9/7,21.37,16.3,8.005,13.55,39.48
2016/9/8,21.39,16.32,8.009,13.55,39.53
2016/9/9,21.39,16.32,8.01,13.51,39.5
2016/9/12,21.3,16.25,7.987,13.46,39.41
2016/9/13,21.32,16.27,7.992000000000001,13.47,39.28
2016/9/14,21.28,16.24,7.974,13.43,39.22
2016/9/15,21.28,16.24,7.971,13.43,39.16
2016/9/19,21.29,16.25,7.974,13.44,39.16
2016/9/20,21.32,16.26,7.982,13.46,39.2
2016/9/21,21.34,16.27,7.989,13.45,39.21
2016/9/22,21.43,16.33,8.015,13.5,39.29
2016/9/23,21.45,16.35,8.019,13.5,39.44
2016/9/26,21.44,16.34,8.016,13.49,39.4
2016/9/27,21.44,16.33,8.019,13.5,39.43
2016/9/28,21.46,16.34,8.019,13.5,39.44
2016/9/29,21.48,16.36,8.021,13.5,39.62
2016/9/30,21.46,16.35,8.021,13.5,39.46
2016/10/3,21.47,16.37,8.025,13.49,39.41
2016/10/4,21.5,16.39,8.033,13.49,39.41
2016/10/5,21.54,16.4,8.039,13.46,39.34
2016/10/6,21.57,16.42,8.047,13.46,39.33
2016/10/7,21.58,16.42,8.047,13.43,39.27
2016/10/11,21.57,16.43,8.046,13.43,39.24
2016/10/12,21.52,16.41,8.039,13.41,39.18
2016/10/13,21.51,16.41,8.038,13.43,39.21
2016/10/14,21.51,16.41,8.037,13.42,39.2
2016/10/17,21.49,16.4,8.033999999999999,13.42,39.16
2016/10/18,21.47,16.4,8.033999999999999,13.43,39.18
2016/10/19,21.49,16.42,8.037,13.44,39.21
2016/10/20,21.52,16.44,8.043,13.45,39.24
2016/10/24,21.59,16.47,8.055,13.45,39.3
2016/10/25,21.61,16.48,8.058,13.44,39.27
2016/10/26,21.61,16.47,8.058,13.44,39.27
2016/10/27,21.58,16.45,8.052999999999999,13.41,39.2
2016/10/28,21.58,16.46,8.052999999999999,13.39,39.14
2016/10/31,21.59,16.46,8.055,13.4,39.16
2016/11/1,21.59,16.45,,13.39,
2016/11/2,21.55,16.43,8.047,13.4,39.16
2016/11/3,21.52,16.41,8.04,13.39,39.13
2016/11/4,21.52,16.41,8.041,13.4,39.14
2016/11/7,21.5,16.43,8.038,13.39,39.14
2016/11/8,21.55,16.46,8.049,13.4,39.18
2016/11/9,21.49,16.43,8.033,13.33,39.02
2016/11/10,21.51,16.45,8.035,13.26,38.79
2016/11/11,21.31,16.34,7.979,13.17,38.45
2016/11/14,21.1,16.22,7.928999999999999,13.07,38.14
2016/11/15,21.21,16.28,7.935,13.1,38.22
2016/11/16,21.28,16.29,7.946000000000001,13.08,38.2
2016/11/17,21.29,16.31,7.95,13.09,38.26
2016/11/18,21.24,16.27,7.935,13.02,38.11
2016/11/21,21.24,16.27,7.928999999999999,13.01,38.06
2016/11/22,21.28,16.3,7.935,13.04,38.11
2016/11/23,21.29,16.32,7.938,13.02,38.12
2016/11/24,21.32,16.31,7.939,13.0,38.11
2016/11/25,21.28,16.31,7.93,12.99,38.04
2016/11/28,21.31,16.32,7.935,13.02,38.09
2016/11/29,21.34,16.33,7.937,13.03,38.12
2016/11/30,21.35,16.36,7.944,13.01,38.13
2016/12/1,21.34,16.35,7.939,12.97,38.04
2016/12/2,21.34,16.34,7.936,12.98,38.0
2016/12/5,21.37,16.35,7.936,12.99,38.02
2016/12/6,21.37,16.36,7.942,12.99,38.05
2016/12/7,21.41,16.38,7.949,13.02,38.12
2016/12/8,21.44,16.4,7.96,13.01,38.17
2016/12/9,21.42,16.39,7.957999999999999,12.98,38.12
2016/12/12,21.44,16.39,7.957000000000001,12.97,38.04
2016/12/13,21.45,16.39,7.961,12.98,38.09
2016/12/14,21.45,16.39,7.96,13.01,38.1
2016/12/15,21.41,16.35,7.939,12.9,37.87
2016/12/16,21.41,16.35,7.941,12.92,37.9
2016/12/19,21.42,16.37,7.945,12.94,37.91
2016/12/20,21.42,16.37,7.944,12.94,37.91
2016/12/21,21.43,16.38,7.949,12.94,37.94
2016/12/22,21.43,16.38,7.947,12.95,37.96
2016/12/23,21.44,16.36,7.952999999999999,12.95,37.96
2016/12/28,21.46,16.37,7.956,12.92,37.96
2016/12/29,21.47,16.38,7.961,12.99,38.05
2016/12/30,21.47,16.41,7.9639999999999995,13.01,38.07
2017/1/3,21.52,16.43,7.971,13.01,38.12
2017/1/4,21.57,16.46,7.99,13.04,38.22
2017/1/5,21.67,16.52,8.017999999999999,13.1,38.38
2017/1/6,21.71,16.55,8.033999999999999,13.11,38.5
2017/1/9,21.73,16.55,8.038,13.11,38.47
2017/1/10,21.73,16.56,8.041,13.12,38.51
2017/1/11,21.72,16.56,8.039,13.12,38.5
2017/1/12,21.73,16.58,8.046,13.15,38.59
2017/1/13,21.73,16.58,8.046,13.11,38.56
2017/1/16,21.75,16.58,8.051,13.12,38.55
2017/1/17,21.79,16.6,8.059,13.15,38.65
2017/1/18,21.78,16.6,8.06,13.13,38.62
2017/1/19,21.78,16.59,8.055,13.08,38.49
2017/1/20,21.8,16.6,8.048,13.06,38.42
2017/1/23,21.82,16.61,8.057,13.12,38.5
2017/1/24,21.84,16.62,8.061,13.1,38.54
2017/1/25,21.86,16.63,8.061,13.07,38.49
2017/1/26,21.87,16.63,8.06,13.05,38.42
2017/1/27,21.87,16.63,8.062000000000001,13.07,38.45
2017/2/1,21.89,16.64,8.062999999999999,13.09,38.51
2017/2/2,21.92,16.67,8.073,13.11,38.57
2017/2/3,21.96,16.69,8.077,13.12,38.58
2017/2/6,22.01,16.71,8.092,13.14,38.67
2017/2/7,22.06,16.74,8.102,13.17,38.73
2017/2/8,22.11,16.76,8.061,13.2,38.81
2017/2/9,22.11,16.77,8.118,13.18,38.83
2017/2/10,22.12,16.78,8.119,13.17,38.8
2017/2/13,22.17,16.79,8.133,13.16,38.82
2017/2/14,22.19,16.81,8.147,13.15,38.89
2017/2/15,22.19,16.81,8.149,13.14,38.84
2017/2/16,22.22,16.82,8.158,13.16,38.86
2017/2/17,22.23,16.81,8.163,13.19,38.93
2017/2/20,22.27,16.82,8.175,13.2,38.96
2017/2/21,22.26,16.83,8.177999999999999,13.2,38.93
2017/2/22,22.27,16.83,8.184,13.2,39.02
2017/2/23,22.28,16.84,8.182,13.22,39.02
2017/2/24,22.28,16.85,8.244,13.26,39.08
2017/2/27,22.3,16.87,8.193999999999999,13.26,39.13
2017/2/28,22.31,16.88,8.201,13.25,39.12
2017/3/1,22.34,16.88,8.2,13.19,39.02
2017/3/2,22.34,16.88,8.2,13.17,38.99
2017/3/3,22.34,16.87,8.2,13.16,38.95
2017/3/6,22.27,16.84,8.187000000000001,13.17,38.95
2017/3/7,22.26,16.83,8.181000000000001,13.15,38.9
2017/3/8,22.23,16.82,8.172,13.12,38.83
2017/3/9,22.15,16.78,8.142999999999999,13.1,38.75
2017/3/10,22.13,16.77,8.133,13.08,38.68
2017/3/13,22.17,16.8,8.146,13.09,38.77
2017/3/14,22.16,16.79,8.142999999999999,13.09,38.74
2017/3/15,22.18,16.8,8.146,13.11,38.77
2017/3/16,22.23,16.86,8.173,13.15,38.91
2017/3/17,22.25,16.87,8.18,13.16,38.96
2017/3/20,22.27,16.88,8.187000000000001,13.18,39.03
2017/3/21,22.3,16.9,8.192,13.2,39.09
2017/3/22,22.28,16.89,8.193,13.23,39.16
2017/3/23,22.29,16.9,8.197000000000001,13.22,39.18
2017/3/24,22.3,16.91,8.2,13.23,39.19
2017/3/27,22.31,16.93,8.209,13.26,39.47
2017/3/28,22.31,16.94,8.21,13.25,39.27
2017/3/29,22.34,16.96,8.212,13.24,39.27
2017/3/30,22.36,16.97,8.219,13.24,39.31
2017/3/31,22.34,16.96,8.215,13.23,39.27
2017/4/3,22.34,16.97,8.219,13.27,39.33
2017/4/5,22.36,16.98,8.229,13.27,39.39
2017/4/6,22.38,16.98,8.231,13.27,39.39
2017/4/7,22.38,16.99,8.234,13.3,39.41
2017/4/10,22.4,17.0,8.236,13.28,39.34
2017/4/11,22.41,17.0,8.24,13.3,39.38
2017/4/12,22.4,17.0,8.24,13.32,39.42
2017/4/13,22.39,16.99,8.24,13.34,39.48
2017/4/18,22.4,16.99,8.241,13.36,39.5
2017/4/19,22.38,16.99,8.242,13.35,39.52
2017/4/20,22.39,16.99,8.244,13.34,39.51
2017/4/21,22.41,17.0,8.248,13.38,39.54
2017/4/24,22.43,17.01,8.254,13.34,39.51
2017/4/25,22.43,17.02,8.255,13.33,39.52
2017/4/26,22.45,17.03,8.258,13.32,39.52
2017/4/27,22.46,17.04,8.263,13.34,39.53
2017/4/28,22.47,17.06,8.265,13.34,39.54
2017/5/2,22.5,17.07,8.265,13.34,39.54
2017/5/4,22.51,17.09,8.271,13.32,39.56
2017/5/5,22.5,17.08,8.276,13.33,39.53
2017/5/8,22.52,17.1,8.277000000000001,13.33,39.57
2017/5/9,22.52,17.11,8.274,13.32,39.54
2017/5/10,22.51,17.11,8.279,13.33,39.56
2017/5/11,22.5,17.12,8.264,13.32,39.53
2017/5/12,22.49,17.12,8.231,13.34,39.52
2017/5/15,22.47,17.12,8.191,13.36,39.59
2017/5/16,22.46,17.12,8.177999999999999,13.36,39.59
2017/5/17,22.45,17.11,8.187000000000001,13.39,39.65
2017/5/18,22.4,17.08,8.148,13.42,39.68
2017/5/19,22.42,17.1,8.175,13.4,39.65
2017/5/22,22.43,17.11,8.18,13.4,39.66
2017/5/23,22.42,17.09,8.155,13.4,39.68
2017/5/24,22.38,17.08,8.147,13.38,39.65
2017/5/25,22.38,17.09,,13.4,
2017/5/26,22.38,17.09,8.158,13.41,39.92
2017/5/29,22.4,17.1,8.191,13.41,39.73
2017/5/31,22.39,17.1,8.158999999999999,13.42,39.77
2017/6/1,22.4,17.11,8.148,13.43,39.98
2017/6/2,22.41,17.12,8.158,13.45,39.84
2017/6/5,22.44,17.14,,13.45,
2017/6/6,22.46,17.15,8.157,13.47,39.94
2017/6/7,22.48,17.16,8.162,13.46,39.95
2017/6/8,22.51,17.16,8.162,13.45,39.91
2017/6/9,22.52,17.16,8.163,13.44,40.1
2017/6/12,22.54,17.16,8.168,13.45,39.89
2017/6/13,22.54,17.17,8.169,13.43,39.89
2017/6/14,22.56,17.17,8.183,13.46,39.94
2017/6/15,22.56,17.18,8.179,13.47,39.98
2017/6/16,22.57,17.18,8.185,13.47,39.97
2017/6/19,22.56,17.19,8.185,13.48,40.0
2017/6/20,22.57,17.19,8.187999999999999,13.48,39.99
2017/6/21,22.54,17.18,8.184,13.48,40.0
2017/6/22,22.46,17.11,8.177,13.48,39.96
2017/6/23,22.46,17.13,,13.48,
2017/6/26,22.47,17.14,8.161,13.49,40.0
2017/6/27,22.47,17.15,8.158,13.48,39.99
2017/6/28,22.42,17.12,8.154,13.46,39.92
2017/6/29,22.41,17.12,8.141,13.45,39.89
2017/6/30,22.38,17.1,8.14,13.43,39.85
2017/7/3,22.37,17.1,8.129,13.41,39.78
2017/7/4,22.41,17.1,8.127,13.41,39.76
2017/7/5,22.44,17.11,8.127,13.41,39.75
2017/7/6,22.45,17.12,8.14,13.39,39.72
2017/7/7,22.43,17.1,8.146,13.38,39.69
2017/7/10,22.45,17.12,8.147,13.4,39.72
2017/7/11,22.47,17.12,8.151,13.4,39.74
2017/7/12,22.48,17.13,8.154,13.43,39.83
2017/7/13,22.5,17.16,8.158,13.42,39.89
2017/7/14,22.51,17.17,8.168,13.43,39.92
2017/7/17,22.52,17.16,8.168,13.45,39.95
2017/7/18,22.52,17.15,8.168,13.47,39.99
2017/7/19,22.52,17.16,8.17,13.48,40.03
2017/7/20,22.53,17.17,8.17,13.49,40.07
2017/7/21,22.54,17.18,8.174,13.5,40.11
2017/7/24,22.55,17.19,8.179,13.5,40.14
2017/7/25,22.53,17.2,8.177999999999999,13.46,40.09
2017/7/26,22.56,17.2,8.176,13.45,40.04
2017/7/27,22.57,17.22,8.179,13.46,40.1
2017/7/28,22.61,17.22,8.185,13.47,40.09
2017/7/31,22.61,17.23,8.186,13.48,40.15
2017/8/1,22.63,17.24,8.197000000000001,13.49,40.18
2017/8/2,22.64,17.25,8.205,13.51,40.24
2017/8/3,22.66,17.25,8.208,13.52,40.27
2017/8/4,22.65,17.25,8.212,13.52,40.3
2017/8/7,22.66,17.26,8.217,13.52,40.27
2017/8/8,22.66,17.26,8.217,13.51,40.31
2017/8/9,22.65,17.25,8.222000000000001,13.54,40.32
2017/8/10,22.64,17.24,8.191,13.54,40.31
2017/8/11,22.61,17.21,8.222999999999999,13.55,40.3
2017/8/14,22.63,17.24,8.219,13.55,40.31
2017/8/15,22.65,17.26,,13.53,
2017/8/16,22.67,17.26,8.218,13.52,40.26
2017/8/17,22.7,17.27,8.228,13.55,40.32
2017/8/18,22.69,17.27,8.205,13.57,40.39
2017/8/21,22.71,17.28,8.208,13.59,40.61
2017/8/22,22.72,17.29,8.238999999999999,13.57,40.41
2017/8/24,22.74,17.3,8.246,13.58,40.45
2017/8/25,22.77,17.31,8.244,13.57,40.45
2017/8/28,22.81,17.33,8.252,13.58,40.5
2017/8/29,22.83,17.33,8.263,13.61,40.57
2017/8/30,22.86,17.35,8.267999999999999,13.6,40.56
2017/8/31,22.88,17.36,8.302999999999999,13.6,40.56
2017/9/1,22.88,17.37,8.274,13.6,40.58
2017/9/4,22.9,17.37,8.281,13.59,40.59
2017/9/5,22.92,17.37,8.286,13.61,40.62
2017/9/6,22.91,17.38,8.289,13.63,40.7
2017/9/7,22.94,17.38,8.293,13.64,40.72
2017/9/8,22.97,17.4,8.298,13.65,40.81
2017/9/11,23.0,17.41,8.302999999999999,13.62,40.77
2017/9/12,23.02,17.42,8.306000000000001,13.6,40.68
2017/9/13,23.02,17.42,8.311,13.6,40.66
2017/9/14,23.01,17.41,8.308,13.59,40.62
2017/9/15,23.01,17.41,8.312000000000001,13.58,40.62
2017/9/18,23.02,17.41,8.311,13.58,40.62
2017/9/19,23.03,17.4,8.316,13.57,40.61
2017/9/20,23.03,17.41,8.316,13.57,40.61
2017/9/21,23.05,17.41,8.317,13.55,40.54
2017/9/22,23.07,17.42,8.32,13.56,40.57
2017/9/25,23.09,17.42,8.322000000000001,13.58,40.61
2017/9/26,23.08,17.42,8.318999999999999,13.57,40.81
2017/9/27,23.06,17.42,8.312999999999999,13.54,40.52
2017/9/28,23.03,17.4,8.311,13.52,40.44
2017/9/29,23.03,17.41,8.307,13.53,40.49
2017/10/3,23.06,17.42,8.31,13.52,40.48
2017/10/4,23.06,17.43,8.314,13.53,40.54
2017/10/6,23.08,17.44,8.312000000000001,13.52,40.49
2017/10/9,23.1,17.45,8.317,13.52,40.48
2017/10/10,23.11,17.46,8.325,13.54,40.54
2017/10/11,23.13,17.47,8.331,13.54,40.59
2017/10/12,23.15,17.48,8.334,13.55,40.65
2017/10/13,23.18,17.49,8.377,13.57,40.68
2017/10/16,23.19,17.51,8.349,13.58,40.74
2017/10/17,23.21,17.51,8.354,13.57,40.72
2017/10/18,23.22,17.52,8.354,13.56,40.7
2017/10/19,23.24,17.52,8.36,13.57,40.72
2017/10/20,23.23,17.51,8.357000000000001,13.54,40.67
2017/10/23,23.24,17.52,8.365,13.54,40.65
2017/10/24,23.24,17.53,8.394,13.53,40.65
2017/10/25,23.24,17.52,8.362,13.51,40.6
2017/10/26,23.23,17.51,8.365,13.52,40.63
2017/10/27,23.2,17.51,8.36,13.5,40.8
2017/10/30,23.21,17.52,8.396,13.54,40.87
2017/10/31,23.2,17.52,8.365,13.55,40.71
2017/11/1,23.21,17.53,,13.55,
2017/11/2,23.22,17.53,8.367,13.56,40.71
2017/11/3,23.23,17.53,8.368,13.57,40.73
2017/11/6,23.24,17.54,8.372,13.58,40.76
2017/11/7,23.26,17.54,8.371,13.56,40.74
2017/11/8,23.25,17.54,8.371,13.58,40.72
2017/11/9,23.25,17.52,8.37,13.56,40.71
2017/11/10,23.18,17.49,8.359,13.53,40.61
2017/11/13,23.12,17.47,8.347999999999999,13.52,40.56
2017/11/14,23.14,17.46,8.336,13.53,40.54
2017/11/15,23.09,17.43,8.34,13.54,40.56
2017/11/16,23.08,17.45,8.331,13.51,40.55
2017/11/17,23.11,17.47,8.334,13.54,40.57
2017/11/20,23.13,17.48,8.337,13.54,40.61
2017/11/21,23.15,17.49,8.342,13.54,40.62
2017/11/22,23.19,17.5,8.344,13.54,40.6
2017/11/23,23.2,17.5,8.351,13.56,40.63
2017/11/24,23.19,17.5,8.347000000000001,13.55,40.64
2017/11/27,23.19,17.5,8.35,13.55,40.64
2017/11/28,23.16,17.49,8.349,13.56,40.65
2017/11/29,23.13,17.49,8.343,13.53,40.63
2017/11/30,23.12,17.49,8.336,13.52,40.59
2017/12/1,23.16,17.5,8.336,13.55,40.57
2017/12/4,23.16,17.51,8.337,13.53,40.56
2017/12/5,23.17,17.51,8.337,13.54,40.57
2017/12/6,23.17,17.51,8.343,13.55,40.6
2017/12/7,23.17,17.51,8.34,13.56,40.59
2017/12/8,23.17,17.51,8.341000000000001,13.53,40.57
2017/12/11,23.17,17.5,8.34,13.55,40.58
2017/12/12,23.18,17.49,8.337,13.53,40.57
2017/12/13,23.2,17.49,8.336,13.53,40.55
2017/12/14,23.19,17.5,8.337,13.55,40.59
2017/12/15,23.19,17.51,8.339,13.56,40.6
2017/12/18,23.2,17.52,8.342,13.55,40.6
2017/12/19,23.19,17.52,8.369,13.53,40.61
2017/12/20,23.2,17.53,8.336,13.51,40.58
2017/12/21,23.2,17.53,8.337,13.51,40.55
2017/12/22,23.21,17.53,8.337,13.51,40.54
2017/12/27,23.23,17.54,8.344,13.53,40.56
2017/12/28,23.23,17.55,8.346,13.55,40.59
2017/12/29,23.24,17.55,8.347000000000001,13.55,40.63
2018/1/2,23.26,17.57,8.35,13.54,40.66
2018/1/3,23.29,17.59,8.362,13.55,40.66
2018/1/4,23.31,17.61,8.363,13.54,40.67
2018/1/5,23.33,17.63,8.37,13.54,40.7
2018/1/8,23.35,17.64,8.377,13.54,40.73
2018/1/9,23.35,17.64,8.378,13.53,40.73
2018/1/10,23.35,17.63,8.378,13.49,40.69
2018/1/11,23.35,17.64,8.375,13.51,40.72
2018/1/12,23.36,17.65,8.378,13.51,40.73
2018/1/15,23.37,17.65,8.385,13.52,40.75
2018/1/16,23.38,17.66,8.386000000000001,13.53,40.78
2018/1/17,23.38,17.67,8.382,13.52,40.76
2018/1/18,23.4,17.68,8.384,13.5,40.74
2018/1/19,23.4,17.67,8.384,13.48,40.52
2018/1/22,23.38,17.66,8.382,13.47,40.7
2018/1/23,23.39,17.67,8.382,13.48,40.74
2018/1/24,23.39,17.67,8.41,13.47,40.76
2018/1/25,23.39,17.67,8.375,13.48,40.74
2018/1/26,23.37,17.67,8.373,13.47,40.74
2018/1/29,23.37,17.65,8.371,13.44,40.64
2018/1/30,23.34,17.65,8.33,13.41,40.61
2018/1/31,23.34,17.65,8.354,13.43,40.59
2018/2/1,23.34,17.66,8.354,13.41,40.56
2018/2/2,23.33,17.64,8.343,13.37,40.28
2018/2/5,23.31,17.6,8.336,13.34,40.36
2018/2/6,23.23,17.57,8.33,13.39,40.39
2018/2/7,23.24,17.58,8.32,13.37,40.34
2018/2/8,23.23,17.56,8.312999999999999,13.32,40.25
2018/2/9,23.14,17.49,8.305,13.3,40.11
2018/2/12,23.11,17.48,8.283,13.28,40.02
2018/2/13,23.13,17.5,8.273,13.3,40.09
2018/2/14,23.14,17.51,8.271,13.28,40.08
2018/2/15,23.16,17.53,8.267000000000001,13.26,40.0
2018/2/20,23.18,17.56,8.274,13.26,40.07
2018/2/21,23.18,17.56,8.279,13.26,40.09
2018/2/22,23.18,17.55,8.274,13.25,40.04
2018/2/23,23.19,17.55,8.308,13.27,40.07
2018/2/26,23.21,17.59,8.281,13.29,40.12
2018/2/27,23.21,17.59,8.283,13.27,40.11
2018/2/28,23.22,17.59,8.28,13.28,40.08
2018/3/1,23.22,17.58,8.285,13.3,40.11
2018/3/2,23.2,17.57,8.28,13.3,40.12
2018/3/5,23.2,17.58,8.28,13.29,40.09
2018/3/6,23.2,17.58,8.277000000000001,13.26,40.04
2018/3/7,23.17,17.56,8.273,13.28,40.02
2018/3/8,23.14,17.54,8.265,13.26,39.98
2018/3/9,23.14,17.55,8.26,13.26,39.97
2018/3/12,23.16,17.55,8.259,13.26,39.97
2018/3/13,23.16,17.55,8.257,13.25,39.96
2018/3/14,23.16,17.55,8.255,13.29,39.98
2018/3/15,23.15,17.55,8.255,13.28,40.01
2018/3/16,23.14,17.54,8.252,13.28,40.02
2018/3/19,23.13,17.51,8.249,13.26,39.94
2018/3/20,23.09,17.47,8.235,13.23,39.86
2018/3/21,23.09,17.48,8.227,13.2,39.81
2018/3/22,23.11,17.49,8.231,13.24,39.87
2018/3/23,23.08,17.45,8.219,13.23,39.82
2018/3/26,23.07,17.44,8.22,13.22,39.7
2018/3/27,23.09,17.45,8.217,13.23,39.83
2018/3/28,23.08,17.45,8.192,13.3,39.92
2018/3/29,23.1,17.47,8.23,13.27,39.93
2018/4/3,23.12,17.48,8.235,13.27,39.97
2018/4/4,23.12,17.48,8.237,13.27,39.96
2018/4/6,23.13,17.5,8.242,13.24,39.91
2018/4/9,23.15,17.51,8.248,13.26,39.98
2018/4/10,23.16,17.54,8.256,13.24,40.0
2018/4/11,23.19,17.56,8.257,13.29,40.03
2018/4/12,23.17,17.56,8.258,13.26,40.0
2018/4/13,23.19,17.57,8.258,13.26,39.98
2018/4/16,23.19,17.57,8.26,13.24,39.93
2018/4/17,23.17,17.55,8.251,13.25,39.91
2018/4/18,23.14,17.53,8.246,13.25,39.9
2018/4/19,23.12,17.51,8.235,13.2,39.82
2018/4/20,23.09,17.49,8.219,13.18,39.76
2018/4/23,23.03,17.43,8.212,13.14,39.62
2018/4/24,23.01,17.42,8.191,13.13,39.6
2018/4/25,22.93,17.34,8.18,13.1,39.48
2018/4/26,22.94,17.35,8.169,13.1,39.48
2018/4/27,22.96,17.36,8.164,13.12,39.53
2018/4/30,22.95,17.36,8.164,13.13,39.56
2018/5/2,22.92,17.34,8.152999999999999,13.11,39.51
2018/5/3,22.87,17.29,8.137,13.11,39.49
2018/5/4,22.8,17.24,8.132,13.1,39.43
2018/5/7,22.77,17.21,8.113999999999999,13.09,39.37
2018/5/8,22.69,17.14,8.08,13.07,39.28
2018/5/9,22.67,17.11,8.046,13.03,39.07
2018/5/10,22.72,17.15,,13.04,
2018/5/11,22.78,17.21,8.047,13.05,39.3
2018/5/14,22.81,17.24,8.06,13.04,39.31
2018/5/15,22.82,17.23,8.067,13.01,39.27
2018/5/16,22.8,17.2,8.065,12.99,39.21
2018/5/17,22.81,17.2,8.064,12.97,39.18
2018/5/18,22.81,17.2,8.055,12.93,39.13
2018/5/21,22.83,17.22,,12.95,
2018/5/23,22.86,17.24,8.068999999999999,13.01,39.24
2018/5/24,22.87,17.26,8.072000000000001,13.04,39.27
2018/5/25,22.89,17.27,8.077,13.06,39.32
2018/5/28,22.89,17.28,8.083,13.09,39.36
2018/5/29,22.88,17.23,8.085,13.12,39.42
2018/5/30,22.81,17.17,8.089,13.08,39.36
2018/5/31,22.77,17.16,8.074,13.09,39.35
2018/6/1,22.74,17.12,8.065,13.1,39.3
2018/6/4,22.72,17.07,8.058,13.06,39.24
2018/6/5,22.71,17.06,8.047,13.06,39.2
2018/6/6,22.71,17.07,8.042,13.04,39.17
2018/6/7,22.74,17.1,8.04,13.04,39.16
2018/6/8,22.73,17.08,8.044,13.06,39.21
2018/6/11,22.74,17.09,8.047,13.04,39.19
2018/6/12,22.74,17.09,8.039,13.04,39.18
2018/6/13,22.74,17.1,8.044,13.04,39.16
2018/6/14,22.75,17.1,8.035,13.04,39.17
2018/6/15,22.76,17.1,8.038,13.06,39.18
2018/6/19,22.74,17.07,8.035,13.08,39.16
2018/6/20,22.72,17.06,8.029,13.06,39.13
2018/6/21,22.7,17.02,8.023,13.05,39.09
2018/6/22,22.68,17.0,8.011000000000001,13.04,39.06
2018/6/25,22.66,16.98,8.002,13.05,39.08
2018/6/26,22.62,16.93,8.0,13.03,39.03
2018/6/27,22.6,16.9,7.984,13.05,39.01
2018/6/28,22.5,16.8,7.96,13.03,38.95
2018/6/29,22.49,16.8,7.932,13.03,38.93
2018/7/3,22.46,16.76,7.925,13.02,38.86
2018/7/4,22.46,16.72,7.904,13.03,38.86
2018/7/5,22.33,16.64,7.902,13.0,38.78
2018/7/6,22.26,16.55,7.861000000000001,13.01,38.77
2018/7/9,22.27,16.56,7.854,13.0,38.78
2018/7/10,22.31,16.56,7.8389999999999995,13.0,38.78
2018/7/11,22.27,16.51,7.834,13.0,38.76
2018/7/12,22.29,16.52,7.835,12.99,38.75
2018/7/13,22.34,16.56,7.84,13.01,38.79
2018/7/16,22.4,16.6,7.8629999999999995,13.01,38.85
2018/7/17,22.36,16.58,7.864,13.0,38.81
2018/7/18,22.39,16.61,7.869,13.01,38.84
2018/7/19,22.47,16.7,7.877000000000001,13.06,38.88
2018/7/20,22.51,16.74,7.897,13.04,38.98
2018/7/23,22.54,16.82,7.92,13.04,39.01
2018/7/24,22.56,16.87,7.9479999999999995,13.05,39.01
2018/7/25,22.61,16.97,7.95,13.12,39.09
2018/7/26,22.68,17.09,7.982,13.1,39.19
2018/7/27,22.72,17.13,8.015,13.11,39.23
2018/7/30,22.74,17.15,8.044,13.11,39.26
2018/7/31,22.74,17.15,8.058,13.13,39.28
2018/8/1,22.7,17.1,8.059,13.11,39.22
2018/8/2,22.65,17.04,8.033999999999999,13.11,39.17
2018/8/3,22.65,17.04,8.017999999999999,13.12,39.16
2018/8/6,22.67,17.06,8.016,13.14,39.22
2018/8/7,22.7,17.09,8.025,13.14,39.16
2018/8/8,22.72,17.11,8.042,13.14,39.22
2018/8/9,22.73,17.12,8.045,13.15,39.29
2018/8/10,22.77,17.13,8.07,13.23,39.36
2018/8/13,22.72,17.08,8.044,13.18,39.35
2018/8/14,22.72,17.08,8.051,13.16,39.33
2018/8/15,22.7,17.07,,13.17,
2018/8/16,22.67,17.05,8.016,13.16,39.3
2018/8/17,22.67,17.05,8.014,13.18,39.35
2018/8/20,22.68,17.06,8.017999999999999,13.19,39.36
2018/8/21,22.68,17.06,8.017000000000001,13.19,39.38
2018/8/22,22.67,17.06,8.037,13.2,39.39
2018/8/23,22.66,17.06,8.006,13.2,39.43
2018/8/24,22.67,17.06,8.011000000000001,13.2,39.42
2018/8/27,22.69,17.09,8.019,13.2,39.48
2018/8/28,22.71,17.1,8.029,13.24,39.46
2018/8/29,22.71,17.09,8.051,13.18,39.43
2018/8/30,22.72,17.11,8.031,13.18,39.42
2018/8/31,22.71,17.09,8.032,13.19,39.45
2018/9/3,22.72,17.08,8.026,13.22,39.46
2018/9/4,22.68,17.05,8.016,13.16,39.36
2018/9/5,22.65,17.01,7.997000000000001,13.14,39.28
2018/9/6,22.65,17.0,7.99,13.14,39.3
2018/9/7,22.64,17.0,7.99,13.13,39.3
2018/9/10,22.64,16.99,7.98,13.12,39.24
2018/9/11,22.63,16.97,7.973,13.09,39.21
2018/9/12,22.62,16.97,7.976,13.09,39.2
2018/9/13,22.62,16.97,7.977,13.09,39.2
2018/9/14,22.64,17.01,7.987,13.09,39.25
2018/9/17,22.65,17.0,7.9910000000000005,13.09,39.24
2018/9/18,22.65,17.01,7.992000000000001,13.07,39.23
2018/9/19,22.67,17.02,7.997999999999999,13.04,39.19
2018/9/20,22.69,17.04,8.007,13.05,39.18
2018/9/21,22.72,17.08,8.021,13.05,39.24
2018/9/24,22.72,17.1,8.032,13.06,39.24
2018/9/26,22.74,17.14,8.039,13.06,39.24
2018/9/27,22.76,17.18,8.072000000000001,13.09,39.34
2018/9/28,22.79,17.21,8.059,13.11,39.4
2018/10/2,22.8,17.21,8.068999999999999,13.1,39.36
2018/10/3,22.79,17.21,8.062999999999999,13.09,39.35
2018/10/4,22.75,17.14,8.077,13.01,39.18
2018/10/5,22.75,17.12,8.036,13.0,39.13
2018/10/8,22.74,17.1,8.026,13.02,39.11
2018/10/9,22.73,17.1,8.025,12.97,39.07
2018/10/10,22.75,17.1,8.023,12.99,39.1
2018/10/11,22.73,17.06,8.02,13.0,38.95
2018/10/12,22.73,17.07,8.017000000000001,13.01,38.98
2018/10/15,22.74,17.06,8.017999999999999,13.02,39.12
2018/10/16,22.73,17.03,8.017000000000001,13.0,39.08
2018/10/18,22.72,16.95,8.006,13.02,39.03
2018/10/19,22.67,16.92,7.994,12.98,39.0
2018/10/22,22.68,16.92,7.987,12.96,38.99
2018/10/23,22.67,16.9,7.985,12.99,38.98
2018/10/24,22.66,16.87,7.974,12.99,38.96
2018/10/25,22.6,16.83,7.957000000000001,12.97,38.93
2018/10/26,22.6,16.82,7.938,13.0,38.96
2018/10/29,22.58,16.79,7.928999999999999,12.98,38.93
2018/10/30,22.51,16.72,7.914,12.94,38.83
2018/10/31,22.47,16.67,7.876,12.92,38.77
2018/11/1,22.4,16.64,,12.9,
2018/11/2,22.44,16.68,7.872000000000001,12.92,38.77
2018/11/5,22.45,16.67,7.88,12.9,38.73
2018/11/6,22.46,16.68,7.888,12.9,38.73
2018/11/7,22.48,16.7,7.919,12.92,38.73
2018/11/8,22.53,16.75,7.909,12.91,38.74
2018/11/9,22.54,16.74,7.916,12.91,38.74
2018/11/12,22.54,16.73,7.919,12.93,38.79
2018/11/13,22.52,16.69,7.91,12.93,38.78
2018/11/14,22.44,16.65,7.89,12.93,38.76
2018/11/15,22.44,16.65,7.888999999999999,12.95,38.81
2018/11/16,22.45,16.65,7.888999999999999,12.94,38.79
2018/11/19,22.43,16.63,7.885,12.95,38.79
2018/11/20,22.4,16.6,7.881,12.93,38.79
2018/11/21,22.35,16.57,7.8629999999999995,12.92,38.72
2018/11/22,22.38,16.57,7.862,12.92,38.71
2018/11/23,22.38,16.57,7.8629999999999995,12.92,38.75
2018/11/26,22.37,16.56,7.867000000000001,12.91,38.72
2018/11/27,22.41,16.56,7.8629999999999995,12.91,38.72
2018/11/28,22.43,16.55,7.867999999999999,12.91,38.72
2018/11/29,22.46,16.59,7.881,12.93,38.78
2018/11/30,22.47,16.59,7.896,12.94,38.81
2018/12/3,22.57,16.65,7.91,12.96,38.86
2018/12/4,22.6,16.67,7.94,13.0,38.95
2018/12/5,22.6,16.68,7.945,13.0,38.97
2018/12/6,22.6,16.68,7.9510000000000005,13.0,39.02
2018/12/7,22.62,16.68,7.9270000000000005,12.96,39.0
2018/12/10,22.61,16.69,7.957999999999999,12.99,39.19
2018/12/11,22.62,16.69,7.95,12.94,39.02
2018/12/12,22.65,16.72,7.956,12.99,39.04
2018/12/13,22.72,16.76,7.974,13.0,39.12
2018/12/14,22.73,16.75,7.992000000000001,13.0,39.14
2018/12/17,22.73,16.73,8.001,13.0,39.16
2018/12/18,22.72,16.71,8.002,13.03,39.21
2018/12/19,22.69,16.72,8.009,13.05,39.25
2018/12/20,22.68,16.72,8.017000000000001,13.07,39.3
2018/12/21,22.67,16.7,8.011000000000001,13.05,39.27
2018/12/24,22.68,16.7,,13.07,
2018/12/27,22.68,16.72,8.007,13.07,39.32
2018/12/28,22.69,16.73,8.011000000000001,13.08,39.33
2018/12/31,22.69,16.73,8.013,13.09,39.35
2019/1/2,22.68,16.71,8.02,13.13,39.41
2019/1/3,22.65,16.71,8.014,13.17,39.42
2019/1/4,22.65,16.7,8.001,13.14,39.47
2019/1/7,22.73,16.75,8.012,13.16,39.5
2019/1/8,22.77,16.8,8.026,13.19,39.49
2019/1/9,22.85,16.88,8.056000000000001,13.2,39.53
2019/1/10,22.84,16.9,8.084,13.22,39.58
2019/1/11,22.87,16.92,8.086,13.23,39.61
2019/1/14,22.89,16.93,8.092,13.22,39.66
2019/1/15,22.92,16.95,8.1,13.23,39.67
2019/1/16,22.97,17.01,8.103,13.26,39.67
2019/1/17,22.97,17.02,8.138,13.26,39.71
2019/1/18,22.98,17.04,8.118,13.24,39.69
2019/1/21,22.99,17.07,8.125,13.26,39.69
2019/1/22,23.03,17.1,8.124,13.3,39.74
2019/1/23,23.06,17.11,8.142000000000001,13.31,39.79
2019/1/24,23.14,17.17,8.169,13.34,39.91
2019/1/25,23.21,17.23,8.195,13.37,39.99
2019/1/28,23.26,17.31,8.228,13.42,40.03
2019/1/29,23.21,17.37,8.235,13.42,40.02
2019/1/30,23.23,17.32,8.219,13.49,40.21
2019/1/31,23.31,17.45,8.22,13.49,40.24
2019/2/1,23.29,17.4,8.271,13.52,40.33
2019/2/4,23.31,17.43,8.279,13.52,40.27
2019/2/8,23.32,17.45,8.295,13.59,40.34
2019/2/11,23.33,17.46,8.294,13.57,40.34
2019/2/12,23.35,17.5,8.295,13.57,40.33
2019/2/13,23.37,17.51,8.29,13.58,40.37
2019/2/14,23.38,17.54,8.332,13.62,40.26
2019/2/15,23.37,17.54,8.345,13.62,40.4
2019/2/18,23.43,17.59,8.37,13.65,40.44
2019/2/19,23.46,17.62,8.382,13.68,40.49
2019/2/20,23.44,17.63,8.382,13.69,40.55
2019/2/21,23.43,17.61,8.383,13.71,40.51
2019/2/22,23.4,17.61,8.386000000000001,13.69,40.51
2019/2/25,23.41,17.6,8.38,13.68,40.55
2019/2/26,23.4,17.61,8.384,13.74,40.57
2019/2/27,23.43,17.61,8.379,13.73,40.61
2019/2/28,23.47,17.64,8.388,13.69,40.59
2019/3/1,23.48,17.66,8.408999999999999,13.68,40.55
2019/3/4,23.55,17.72,8.433,13.69,40.57
2019/3/5,23.58,17.72,8.443999999999999,13.71,40.61
2019/3/6,23.6,17.77,8.462,13.76,40.66
2019/3/7,23.6,17.79,8.468,13.79,40.73
2019/3/8,23.54,17.76,8.482000000000001,13.79,40.7
2019/3/11,23.59,17.77,8.48,13.82,40.75
2019/3/12,23.68,17.85,8.501,13.81,40.81
2019/3/13,23.72,17.88,8.532,13.83,40.88
2019/3/14,23.78,17.93,8.543,13.84,40.92
2019/3/15,23.83,17.97,8.565,13.88,40.98
2019/3/18,23.94,18.03,8.609,13.9,41.07
2019/3/19,23.94,18.05,8.619,13.9,41.11
2019/3/20,23.94,18.06,8.623,13.92,41.15
2019/3/21,24.01,18.11,8.638,13.97,41.31
2019/3/22,24.07,18.18,8.691,14.07,41.42
2019/3/25,24.06,18.16,8.674,14.04,41.3
2019/3/26,24.09,18.17,8.683,14.04,41.52
2019/3/27,24.09,18.21,8.697000000000001,14.09,41.61
2019/3/28,24.05,18.18,8.689,14.08,41.62
2019/3/29,24.04,18.18,8.68,14.07,41.58
2019/4/1,24.02,18.17,8.677,14.04,41.59
2019/4/2,23.99,18.16,8.663,14.05,41.55
2019/4/3,23.99,18.17,8.656,14.01,41.52
2019/4/4,23.99,18.19,8.666,14.02,41.5
2019/4/8,23.96,18.17,8.672,14.01,41.49
2019/4/9,23.93,18.17,8.656,14.03,41.52
2019/4/10,23.91,18.18,8.655,14.04,41.69
2019/4/11,23.9,18.17,8.652000000000001,14.07,41.56
2019/4/12,23.91,18.16,8.65,14.04,41.51
2019/4/15,23.95,18.19,8.655,14.02,41.52
2019/4/16,23.97,18.19,8.658,14.0,41.53
2019/4/17,24.02,18.21,8.669,14.01,41.51
2019/4/18,24.04,18.23,8.68,14.02,41.57
2019/4/23,24.06,18.25,8.71,13.99,41.58
2019/4/24,24.07,18.26,8.71,14.05,41.64
2019/4/25,24.07,18.24,8.711,14.05,41.64
2019/4/26,24.07,18.23,8.685,14.07,41.66
2019/4/29,24.09,18.22,8.683,14.04,41.68
2019/4/30,24.11,18.23,8.687999999999999,14.09,41.68
2019/5/2,24.12,18.24,8.693999999999999,14.05,41.55
2019/5/3,24.13,18.26,8.701,14.06,41.68
2019/5/6,24.09,18.24,8.708,14.05,41.69
2019/5/7,24.11,18.24,8.695,14.1,41.74
2019/5/8,24.09,18.22,8.693,14.09,41.75
2019/5/9,24.05,18.21,,14.09,
2019/5/10,24.01,18.17,8.673,14.08,41.72
2019/5/14,23.91,18.09,8.657,14.06,41.72
2019/5/15,23.95,18.12,8.613,14.08,41.76
2019/5/16,23.97,18.12,8.645,14.07,41.74
2019/5/17,23.99,18.15,8.656,14.08,41.8
2019/5/20,24.0,18.16,8.664,14.08,41.79
2019/5/21,23.99,18.15,8.662,14.05,41.75
2019/5/22,24.02,18.17,8.665,14.08,41.77
2019/5/23,24.03,18.18,8.666,14.09,41.84
2019/5/24,24.02,18.17,8.66,14.08,41.85
2019/5/27,24.04,18.17,8.66,14.11,41.88
2019/5/28,24.05,18.18,8.665,14.13,42.06
2019/5/29,24.06,18.18,8.693,14.15,41.97
2019/5/30,24.08,18.18,,14.13,
2019/5/31,24.1,18.18,8.674,14.17,42.06
2019/6/3,24.07,18.14,8.667,14.19,42.15
2019/6/4,24.02,18.05,8.662,14.18,42.16
2019/6/5,24.03,18.13,8.656,14.21,42.19
2019/6/6,24.04,18.15,8.658999999999999,14.24,42.23
2019/6/10,24.09,18.2,,14.24,
2019/6/11,24.12,18.21,8.697000000000001,14.25,42.33
2019/6/12,24.14,18.26,8.71,14.29,42.23
2019/6/13,24.15,18.25,8.713,14.3,42.26
2019/6/14,24.16,18.24,8.717,14.3,42.32
2019/6/17,24.17,18.27,8.718,14.32,42.3
2019/6/18,24.18,18.27,8.722999999999999,14.35,42.53
2019/6/19,24.24,18.28,8.766,14.35,42.4
2019/6/20,24.32,18.38,8.76,14.46,42.55
2019/6/21,24.33,18.35,8.805,14.42,42.55
2019/6/24,24.35,18.38,8.789,14.46,42.57
2019/6/25,24.36,18.38,8.795,14.48,42.6
2019/6/26,24.35,18.37,8.827,14.45,42.59
2019/6/27,24.39,18.41,8.801,14.46,42.57
2019/6/28,24.43,18.44,8.811,14.48,42.61
2019/7/2,24.53,18.54,8.854,14.54,42.72
2019/7/3,24.54,18.55,8.866,14.55,42.8
2019/7/4,24.55,18.56,8.872,14.56,42.83
2019/7/5,24.53,18.53,8.876,14.5,42.84
2019/7/8,24.54,18.55,8.887,14.53,42.8
2019/7/9,24.51,18.54,8.871,14.51,42.75
2019/7/10,24.49,18.53,8.863,14.51,42.7
2019/7/11,24.5,18.51,8.856,14.49,42.77
2019/7/12,24.5,18.51,8.892000000000001,14.49,42.75
2019/7/15,24.49,18.53,8.863999999999999,14.52,42.77
2019/7/16,24.46,18.49,8.825,14.49,42.8
2019/7/17,24.42,18.47,8.857999999999999,14.52,42.8
2019/7/18,24.41,18.43,8.842,14.52,42.8
2019/7/19,24.41,18.43,8.842,14.54,42.84
2019/7/22,24.41,18.44,8.847000000000001,14.55,42.84
2019/7/23,24.41,18.45,8.851,14.54,42.85
2019/7/24,24.43,18.46,8.857000000000001,14.59,42.86
2019/7/25,24.44,18.45,8.861,14.56,42.92
2019/7/26,24.46,18.47,8.868,14.56,42.89
2019/7/29,24.47,18.48,8.878,14.56,42.9
2019/7/30,24.46,18.45,8.876,14.55,42.91
2019/7/31,24.45,18.46,8.877,14.56,42.91
2019/8/1,24.43,18.46,8.876,14.6,42.87
2019/8/2,24.37,18.38,8.872,14.64,42.98
2019/8/5,24.27,18.31,8.846,14.63,43.02
2019/8/6,24.22,18.24,8.789,14.59,42.97
2019/8/7,24.26,18.27,8.781,14.69,43.08
2019/8/8,24.29,18.27,8.79,14.6,43.21
2019/8/9,24.3,18.29,8.802,14.67,43.1
2019/8/12,24.33,18.29,8.807,14.69,43.15
2019/8/13,24.28,18.24,8.783,14.69,43.15
2019/8/14,24.31,18.26,8.771,14.76,43.22
2019/8/15,24.28,18.2,,14.78,
2019/8/16,24.29,18.18,8.707,14.78,43.27
2019/8/19,24.31,18.21,8.741,14.78,43.27
2019/8/20,24.35,18.24,8.755,14.81,43.32
2019/8/21,24.38,18.25,8.764,14.8,43.33
2019/8/22,24.41,18.28,8.776,14.79,43.35
2019/8/23,24.44,18.32,8.783,14.84,43.32
2019/8/26,24.41,18.24,8.789,14.82,43.41
2019/8/27,24.43,18.28,8.773,14.87,43.46
2019/8/28,24.43,18.28,8.777999999999999,14.87,43.51
2019/8/29,24.42,18.24,8.769,14.84,43.51
2019/8/30,24.43,18.24,8.765,14.84,43.48
2019/9/2,24.45,18.16,8.761000000000001,14.86,43.5
2019/9/3,24.45,18.23,8.732000000000001,14.89,43.53
2019/9/4,24.43,18.2,8.756,14.88,43.56
2019/9/5,24.42,18.2,8.75,14.82,43.54
2019/9/6,24.43,18.24,8.758,14.85,43.44
2019/9/9,24.46,18.27,8.777999999999999,14.82,43.45
2019/9/10,24.46,18.26,8.788,14.78,43.42
2019/9/11,24.46,18.29,8.788,14.75,43.3
2019/9/12,24.48,18.32,8.802,14.74,43.32
2019/9/13,24.49,18.32,8.811,14.69,43.28
2019/9/16,24.48,18.37,8.821,14.71,43.22
2019/9/17,24.5,18.38,8.828,14.74,43.23
2019/9/18,24.51,18.38,8.832,14.78,43.31
2019/9/19,24.49,18.35,8.832,14.77,43.32
2019/9/20,24.51,,8.821,,43.33
2019/9/23,24.52,,8.829,,43.43
2019/9/24,24.54,,8.82,,43.41
2019/9/25,24.5,,8.823,,43.43
2019/9/26,24.51,,8.815,,43.34
2019/9/27,24.5,,8.81,,43.31
2019/9/30,24.5,,8.807,,43.31
2019/10/2,24.53,,8.809,,43.39
2019/10/3,24.55,,8.815,,43.45
2019/10/4,24.57,,8.822000000000001,,43.54
2019/10/8,24.59,,8.834,,43.56
2019/10/9,24.57,,8.869,,43.49
2019/10/10,24.56,,8.827,,43.48
2019/10/11,24.56,,8.824,,43.38
2019/10/14,24.58,,8.835,,43.35
2019/10/15,24.57,,8.846,,43.41
2019/10/16,24.59,,8.845,,43.39
2019/10/17,24.59,,8.847000000000001,,43.5
2019/10/18,24.61,,8.849,,43.39
2019/10/21,24.63,,8.857000000000001,,43.4
2019/10/22,24.67,,8.87,,43.43
2019/10/23,24.68,,8.889,,43.5
2019/10/24,24.69,,8.889,,43.49
2019/10/25,24.69,,8.89,,43.47
2019/10/28,24.71,,8.89,,43.43
2019/10/29,24.72,,8.902999999999999,,43.46
2019/10/30,24.73,,8.905,,43.46
2019/10/31,24.73,,8.912,,43.51
2019/11/1,24.71,,,,
2019/11/4,24.73,,8.934,,43.57
2019/11/5,24.73,,8.906,,43.51
2019/11/6,24.73,,8.908,,43.48
2019/11/7,24.73,,8.908999999999999,,43.46
2019/11/8,24.74,,8.914,,43.4
2019/11/11,24.75,,8.919,,43.39
2019/11/12,24.75,,8.917,,43.38
2019/11/13,24.75,,8.922,,43.42
2019/11/14,24.76,,8.927,,43.45
2019/11/15,24.76,,8.926,,43.48
2019/11/18,24.78,,8.935,,43.47
2019/11/19,24.79,,8.933,,43.51
2019/11/20,24.79,,8.939,,43.59
2019/11/21,24.79,,8.937000000000001,,43.59
2019/11/22,24.79,,8.926,,43.55
2019/11/25,24.81,,8.93,,43.52
2019/11/26,24.81,,8.933,,43.57
2019/11/27,24.82,,8.933,,43.6
2019/11/28,24.82,,8.934,,43.6
2019/11/29,24.81,,8.967,,
2019/12/2,24.8,,,,
2019/12/3,24.74,,,,
2019/12/4,24.74,,,,
2019/12/5,24.73,,,,
2019/12/6,24.71,,,,
2019/12/9,24.71,,,,
2019/12/10,24.68,,,,
2019/12/11,24.67,,,,
2019/12/12,24.7,,,,
2019/12/13,24.75,,,,
2019/12/16,24.78,,,,
2019/12/17,24.8,,,,
2019/12/18,24.83,,,,
2019/12/19,24.85,,,,
2019/12/20,24.87,,,,
2019/12/23,24.9,,,,
2019/12/24,24.91,,,,
2019/12/27,24.93,,,,
2019/12/30,24.95,,,,
2019/12/31,24.95,,,,
2020/1/2,25.02,,,,
2020/1/3,25.1,,,,
2020/1/6,25.12,,,,
2020/1/7,25.14,,,,
2020/1/8,25.11,,,,
2020/1/9,25.13,,,,
2014/1/31,,13.66,6.622999999999999,11.3,32.91
2014/2/3,,13.67,6.627999999999999,11.31,32.9
2014/4/18,,13.95,,11.59,
2014/4/21,,13.96,,11.6,
2014/5/1,,13.95,,11.64,
2014/5/6,,13.97,6.898,11.67,33.86
2014/6/2,,14.15,7.0120000000000005,11.84,34.51
2014/7/1,,14.36,7.0920000000000005,11.86,34.67
2014/9/9,,14.59,7.218999999999999,12.01,35.37
2014/10/1,,14.38,7.124,11.98,35.18
2014/10/2,,14.38,7.126,12.0,35.22
2014/12/26,,14.23,,12.12,
2015/2/19,,14.35,7.018,12.33,36.17
2015/2/20,,14.36,7.02,12.28,36.16
2015/4/3,,14.55,,12.51,
2015/4/6,,14.56,,12.54,
2015/4/7,,14.58,7.144,12.53,36.73
2015/5/1,,14.77,,12.5,
2015/5/25,,14.86,,12.51,
2015/7/1,,14.8,7.273,12.39,36.29
2015/9/3,,14.32,7.027,12.37,35.94
2015/9/28,,14.23,7.027,12.39,35.9
2015/10/1,,14.14,6.976,12.36,35.71
2015/10/21,,14.58,7.236000000000001,12.52,36.59
2016/2/8,,14.2,7.106,12.66,36.54
2016/2/9,,14.18,7.105,12.67,36.61
2016/2/10,,14.18,7.099,12.66,36.55
2016/3/25,,14.82,,12.92,
2016/3/28,,14.82,,12.92,
2016/4/4,,14.97,7.4479999999999995,13.0,37.38
2016/5/2,,15.29,7.597,13.03,37.63
2016/6/9,,15.58,7.704,13.14,38.02
2016/7/1,,15.7,7.769,13.31,38.41
2016/8/2,,16.08,7.9479999999999995,13.43,39.09
2016/9/16,,16.24,7.972,13.45,39.15
2016/10/10,,16.43,8.051,13.44,39.29
2016/10/21,,16.44,8.045,13.45,39.25
2016/12/26,,16.37,,12.96,
2016/12/27,,16.37,7.955,12.94,37.95
2017/1/2,,16.4,7.9670000000000005,13.03,38.09
2017/1/30,,16.64,8.066,13.09,38.49
2017/1/31,,16.64,8.064,13.1,38.49
2017/4/4,,16.97,8.221,13.28,39.4
2017/4/14,,16.99,,13.34,
2017/4/17,,17.0,,13.35,
2017/5/1,,17.07,,13.34,
2017/5/3,,17.08,8.271,13.35,39.59
2017/5/30,,17.1,8.164,13.42,39.74
2017/8/23,,17.29,8.241,13.57,40.39
2017/10/2,,17.41,8.312000000000001,13.52,40.48
2017/10/5,,17.44,8.315,13.53,40.53
2017/12/26,,17.55,,13.52,
2018/2/16,,17.54,8.272,13.27,40.03
2018/2/19,,17.55,8.277000000000001,13.28,40.08
2018/3/30,,17.47,,13.28,
2018/4/2,,17.47,,13.28,
2018/4/5,,17.49,8.24,13.23,39.91
2018/5/1,,17.36,,13.14,
2018/5/22,,17.23,8.064,12.98,39.16
2018/6/18,,17.11,8.041,13.07,39.2
2018/7/2,,16.8,7.93,13.04,38.93
2018/9/25,,17.11,8.033999999999999,13.04,39.22
2018/10/1,,17.22,8.07,13.09,39.36
2018/10/17,,16.99,8.01,13.01,39.08
2018/12/26,,16.71,,13.08,
2019/2/5,,17.44,8.283999999999999,13.54,40.25
2019/2/6,,17.44,8.287,13.56,40.31
2019/2/7,,17.46,8.293,13.57,40.32
2019/4/5,,18.18,8.668,14.03,41.51
2019/4/19,,18.23,,14.02,
2019/4/22,,18.24,,14.01,
2019/5/1,,18.25,,14.05,
2019/5/13,,18.19,8.673,14.11,41.76
2019/6/7,,18.17,8.665,14.25,42.23
2019/7/1,,18.47,8.831,14.5,42.67
2019/10/1,,,8.796,,43.29
2019/10/7,,,8.832,,43.57
