"rownames(finalfund_all)","LU0997586788","LU0061175625","KYG9318Y1061","LU1046420805","LU0997587240","base1","base2"
2014-01-01,10,34.77,15.2,7.24,8.1588,2321.978,1831.97998
2014-01-02,10,34.77,15.2,7.24,8.1588,2321.978,1831.97998
2014-01-03,10,35.08,15.14,7.24,8.1588,2290.779,1831.369995
2014-01-06,10,35.08,14.95,7.24,8.1588,2238.637,1826.77002
2014-01-07,10,35.16,15.09,7.24,8.1588,2238.001,1837.880005
2014-01-08,10,35.18,15.19,7.24,8.1588,2241.911,1837.48999
2014-01-09,10,35.12,15.1,7.24,8.1588,2222.221,1838.130005
2014-01-10,10,35.32,15.21,7.24,8.1588,2204.851,1842.369995
2014-01-13,10.04,35.43,15.21,7.24,8.1515,2193.679,1819.199951
2014-01-14,9.98,35.29,15.21,7.24,8.167,2212.846,1838.880005
2014-01-15,10.06,35.57,15.3,7.24,8.2486,2208.941,1848.380005
2014-01-16,10.02,35.41,15.33,7.24,8.2649,2211.844,1845.890015
2014-01-17,10.04,35.63,15.33,7.24,8.273,2178.488,1838.699951
2014-01-20,10.06,35.69,15.37,7.24,8.3057,2165.993,1841.25
2014-01-21,10.04,35.63,15.32,7.24,8.322,2187.41,1843.800049
2014-01-22,10.03,35.72,15.37,7.24,8.3302,2243.796,1844.859985
2014-01-23,9.96,35.36,15.4,7.24,8.2649,2231.889,1828.459961
2014-01-24,9.79,34.65,15.34,7.24,8.1205,2245.678,1790.290039
2014-01-27,9.7,34.42,15.17,7.24,8.034,2215.919,1781.560059
2014-01-28,9.81,34.83,15.17,7.24,8.0495,2219.855,1792.5
2014-01-29,9.78,34.71,15.17,7.24,8.0038,2227.781,1774.199951
2014-01-30,9.79,34.78,15.12,7.24,8.0397,2202.45,1794.189941
2014-01-31,9.79,34.82,15.095,7.24,8.0209,2207.4665,1782.589966
2014-02-03,9.71,34.38,15.0825,7.24,7.9736,2209.97475,1741.890015
2014-02-04,9.69,34.34,15.07625,7.24,7.9287,2211.228875,1755.199951
2014-02-05,9.7,34.36,15.07,7.24,7.9581,2211.8559375,1751.640015
2014-02-06,9.78,34.59,15.2,7.24,8.0585,2212.16946875,1773.430054
2014-02-07,9.85,34.85,15.32,7.24,8.1009,2212.483,1797.02002
2014-02-10,9.87,34.93,15.29,7.24,8.118,2267.534,1799.839966
2014-02-11,9.94,35.24,15.32,7.24,8.1996,2285.562,1819.75
2014-02-12,10.01,35.65,15.5,7.24,8.2241,2291.246,1819.26001
2014-02-13,10.01,35.6,15.43,7.24,8.2404,2279.554,1829.829956
2014-02-14,10.07,35.89,15.46,7.24,8.2894,2295.575,1838.630005
2014-02-17,10.13,36.05,15.57,7.24,8.3138,2311.647,1839.6950075
2014-02-18,10.16,36.05,15.67,7.24,8.322,2282.442,1840.76001
2014-02-19,10.19,36.2,15.77,7.24,8.3465,2308.656,1828.75
2014-02-20,10.21,36.25,15.67,7.24,8.3465,2287.436,1839.780029
2014-02-21,10.27,36.42,15.79,7.24,8.3791,2264.294,1836.25
2014-02-24,10.31,36.57,15.83,7.24,8.4281,2214.509,1847.609985
2014-02-25,10.32,36.66,15.88,7.24,8.4199,2157.909,1845.119995
2014-02-26,10.31,36.67,15.88,7.24,8.3954,2163.405,1845.160034
2014-02-27,10.28,36.55,15.94,7.24,8.4036,2154.108,1854.290039
2014-02-28,10.37,36.84,15.925,7.24,8.4281,2178.971,1859.449951
2014-03-03,10.16,36.09,15.91,7.24,8.2625,2190.37,1845.72998
2014-03-04,10.33,36.71,15.91,7.24,8.4261,2184.273,1873.910034
2014-03-05,10.32,36.75,16.13,7.24,8.4261,2163.976,1873.810059
2014-03-06,10.4,36.88,16.24,7.24,8.4343,2173.634,1877.030029
2014-03-07,10.36,36.7,16.14,7.24,8.3688,2168.358,1878.040039
2014-03-10,10.28,36.33,16.1,7.24,8.3525,2097.787,1877.170044
2014-03-11,10.25,36.26,16.17,7.24,8.3606,2108.661,1867.630005
2014-03-12,10.17,35.89,16.1,7.24,8.287,2114.134,1868.199951
2014-03-13,10.11,35.72,16.18,7.24,8.197,2140.333,1846.339966
2014-03-14,10.02,35.37,16.13,7.24,8.1807,2122.836,1841.130005
2014-03-17,10.13,35.77,16.17,7.24,8.2461,2143.038,1858.829956
2014-03-18,10.16,35.84,16.15,7.24,8.3034,2138.133,1872.25
2014-03-19,10.18,35.95,16.11,7.24,8.287,2120.87,1860.77002
2014-03-20,10.12,35.75,15.86,7.24,8.2625,2086.967,1872.01001
2014-03-21,10.08,35.56,15.86,7.24,8.287,2158.798,1866.52002
2014-03-24,9.97,35.18,15.87,7.24,8.2216,2176.554,1857.439941
2014-03-25,10.04,35.43,16,7.24,8.3197,2174.44,1865.619995
2014-03-26,10.08,35.61,16.14,7.24,8.3525,2171.047,1852.560059
2014-03-27,10.05,35.63,16.2,7.24,8.3525,2155.707,1849.040039
2014-03-28,10.05,35.62,16.14,7.24,8.4016,2151.965,1857.619995
2014-03-31,10.12,35.89,16.35,7.24,8.4179,2146.305,1872.339966
2014-04-01,10.19,36.06,16.41,7.24,8.4323,2163.115,1885.52002
2014-04-02,10.22,36.24,16.46,7.24,8.4323,2180.727,1890.900024
2014-04-03,10.21,36.18,16.47,7.24,8.4241,2165.008,1888.77002
2014-04-04,10.23,36.29,16.475,7.24,8.4488,2185.472,1865.089966
2014-04-07,10.11,35.81,16.48,7.24,8.3749,2211.394,1845.040039
2014-04-08,9.96,35.36,16.54,7.24,8.3667,2237.316,1851.959961
2014-04-09,10.01,35.53,16.68,7.24,8.3913,2238.62,1872.180054
2014-04-10,9.99,35.37,16.67,7.22,8.3667,2273.761,1833.079956
2014-04-11,9.84,34.77,16.47,7.15,8.2847,2270.666,1815.689941
2014-04-14,9.73,34.49,16.21,7.18,8.3257,2268.613,1830.609985
2014-04-15,9.63,34.15,16.47,7.14,8.2765,2229.463,1842.97998
2014-04-16,9.73,34.54,16.53,7.2,8.3503,2232.526,1862.310059
2014-04-17,9.83,34.87,16.51,7.23,8.3831,2224.803,1864.849976
2014-04-18,9.83,34.87,16.515,7.23,8.3831,2224.479,1868.3699955
2014-04-21,9.83,34.88,16.5175,7.23,8.3749,2187.248,1871.890015
2014-04-22,9.94,35.33,16.52,7.33,8.4898,2196.795,1879.550049
2014-04-23,9.92,35.18,16.38,7.32,8.4816,2194.668,1875.390015
2014-04-24,9.93,35.2,16.38,7.33,8.498,2190.474,1878.609985
2014-04-25,9.85,34.94,16.05,7.31,8.457,2167.826,1863.400024
2014-04-28,9.83,34.87,16.08,7.4,8.5718,2134.969,1869.430054
2014-04-29,9.89,35.14,16.26,7.47,8.6538,2158.47,1878.329956
2014-04-30,9.9,35.19,16.09,7.48,8.6538,2158.659,1883.949951
2014-05-01,9.9,35.21,16.185,7.49,8.6683,2157.5645,1883.680054
2014-05-02,9.92,35.23,16.28,7.46,8.6436,2157.01725,1881.140015
2014-05-05,9.91,35.15,16.35,7.46,8.6354,2156.47,1884.660034
2014-05-06,9.93,35.28,16.375,7.44,8.6107,2157.328,1867.719971
2014-05-07,9.9,35.18,16.4,7.41,8.5778,2137.316,1878.209961
2014-05-08,9.94,35.38,16.48,7.47,8.6436,2135.496,1875.630005
2014-05-09,9.9,35.31,16.18,7.47,8.6436,2133.911,1878.47998
2014-05-12,9.96,35.51,16.02,7.52,8.693,2180.054,1896.650024
2014-05-13,9.97,35.59,15.99,7.54,8.7176,2174.852,1897.449951
2014-05-14,9.91,35.34,16.12,7.57,8.7505,2172.372,1888.530029
2014-05-15,9.79,34.91,16.14,7.55,8.7341,2144.084,1870.849976
2014-05-16,9.68,34.56,16.16,7.58,8.767,2145.952,1877.859985
2014-05-19,9.64,34.4,16.2,7.57,8.7505,2115.143,1885.079956
2014-05-20,9.68,34.57,16.22,7.54,8.7176,2115.771,1872.829956
2014-05-21,9.72,34.82,16.11,7.57,8.7423,2135.905,1888.030029
2014-05-22,9.76,34.94,16.31,7.57,8.7423,2130.868,1892.48999
2014-05-23,9.82,35.11,16.34,7.57,8.7423,2148.414,1900.530029
2014-05-26,9.89,35.36,16.41,7.62,8.7999,2155.976,1906.2200315
2014-05-27,9.93,35.52,16.43,7.61,8.7917,2147.28,1911.910034
2014-05-28,9.98,35.63,16.55,7.61,8.7917,2169.352,1909.780029
2014-05-29,10.01,35.75,16.61,7.63,8.8163,2155.164,1920.030029
2014-05-30,10.04,35.8,16.62,7.63,8.8081,2156.464,1923.569946
2014-06-02,10.05,35.91,16.595,7.65,8.8226,2153.191,1924.969971
2014-06-03,10.03,35.79,16.57,7.62,8.7896,2149.918,1924.23999
2014-06-04,10.08,35.99,16.61,7.61,8.7814,2128.274,1927.880005
2014-06-05,10.1,36.11,16.64,7.62,8.7814,2150.602,1940.459961
2014-06-06,10.19,36.41,16.65,7.65,8.8226,2134.716,1949.439941
2014-06-09,10.19,36.48,16.68,7.66,8.8391,2134.281,1951.27002
2014-06-10,10.19,36.49,16.75,7.68,8.8638,2161.268,1950.790039
2014-06-11,10.14,36.37,16.75,7.66,8.8391,2160.766,1943.890015
2014-06-12,10.16,36.46,16.73,7.68,8.8556,2153.41,1930.109985
2014-06-13,10.06,36.29,16.72,7.66,8.8309,2176.242,1936.160034
2014-06-16,9.99,36.01,16.69,7.63,8.7979,2191.855,1937.780029
2014-06-17,9.98,35.98,16.76,7.65,8.8226,2169.674,1941.98999
2014-06-18,9.99,35.97,16.73,7.66,8.8309,2160.239,1956.97998
2014-06-19,10.04,36.13,16.89,7.7,8.8721,2126.907,1959.47998
2014-06-20,10.06,36.19,16.85,7.7,8.8803,2136.729,1962.869995
2014-06-23,9.99,35.95,16.58,7.68,8.8474,2134.11,1962.609985
2014-06-24,9.93,35.68,16.69,7.68,8.8474,2144.821,1949.97998
2014-06-25,9.87,35.39,16.71,7.61,8.7649,2133.371,1959.530029
2014-06-26,9.92,35.66,16.83,7.59,8.7484,2149.076,1957.219971
2014-06-27,9.95,35.72,16.82,7.6,8.7567,2150.258,1960.959961
2014-06-30,9.98,35.87,16.99,7.6,8.7567,2165.118,1960.22998
2014-07-01,10.02,36.06,17.02,7.64,8.8043,2164.559,1973.319946
2014-07-02,10.04,36.16,17.05,7.65,8.8043,2170.867,1974.619995
2014-07-03,10.11,36.43,17.21,7.71,8.8704,2180.192,1985.439941
2014-07-04,10.09,36.37,17.19,7.7,8.8621,2178.695,1981.5449825
2014-07-07,10.05,36.19,17.12,7.65,8.8043,2176.289,1977.650024
2014-07-08,9.93,35.74,17.17,7.58,8.7299,2180.473,1963.709961
2014-07-09,9.88,35.57,17.15,7.56,8.6968,2148.71,1972.829956
2014-07-10,9.75,35.16,17.2,7.49,8.6224,2142.847,1964.680054
2014-07-11,9.78,35.23,16.96,7.51,8.6472,2148.009,1967.569946
2014-07-14,9.84,35.37,17.02,7.58,8.7133,2171.758,1977.099976
2014-07-15,9.79,35.33,17.07,7.54,8.672,2174.976,1973.280029
2014-07-16,9.83,35.52,16.98,7.62,8.7629,2170.868,1981.569946
2014-07-17,9.79,35.35,16.87,7.57,8.7051,2157.068,1958.119995
2014-07-18,9.76,35.24,16.87,7.56,8.6885,2164.144,1978.219971
2014-07-21,9.71,35.03,16.95,7.53,8.6637,2166.295,1973.630005
2014-07-22,9.77,35.3,17,7.6,8.7381,2192.698,1983.530029
2014-07-23,9.8,35.4,17.03,7.6,8.7299,2197.833,1987.01001
2014-07-24,9.78,35.29,17.06,7.62,8.7629,2237.015,1987.97998
2014-07-25,9.79,35.37,16.94,7.57,8.6968,2260.454,1978.339966
2014-07-28,9.74,35.19,16.91,7.57,8.6968,2323.897,1978.910034
2014-07-29,9.75,35.2,16.8,7.59,8.7216,2331.369,1969.949951
2014-07-30,9.73,35.14,16.92,7.55,8.6803,2322.011,1970.069946
2014-07-31,9.67,34.87,16.79,7.49,8.6059,2350.251,1930.670044
2014-08-01,9.57,34.4,16.68,7.41,8.5044,2329.402,1925.150024
2014-08-04,9.55,34.38,16.8,7.4,8.4961,2375.62,1938.98999
2014-08-05,9.58,34.58,16.56,7.43,8.5293,2369.353,1920.209961
2014-08-06,9.48,34.19,16.43,7.37,8.4547,2363.221,1920.23999
2014-08-07,9.47,34.15,16.43,7.32,8.3967,2327.457,1909.569946
2014-08-08,9.41,33.83,16.27,7.29,8.3635,2331.134,1931.589966
2014-08-11,9.53,34.33,16.47,7.36,8.4547,2365.349,1936.920044
2014-08-12,9.55,34.46,16.46,7.34,8.4298,2357.052,1933.75
2014-08-13,9.58,34.44,16.57,7.39,8.4795,2358.901,1946.719971
2014-08-14,9.62,34.58,16.54,7.41,8.5044,2335.945,1955.180054
2014-08-15,9.61,34.52,16.51,7.39,8.4795,2360.635,1955.060059
2014-08-18,9.68,34.83,16.31,7.46,8.5624,2374.562,1971.73999
2014-08-19,9.74,35.03,16.44,7.5,8.6122,2374.768,1981.599976
2014-08-20,9.71,34.96,16.49,7.49,8.5873,2366.14,1986.51001
2014-08-21,9.76,35.13,16.45,7.54,8.6453,2354.244,1992.369995
2014-08-22,9.75,35.13,16.65,7.51,8.6122,2365.364,1988.400024
2014-08-25,9.83,35.48,16.68,7.6,8.7116,2342.863,1997.920044
2014-08-26,9.8,35.38,16.8,7.61,8.7282,2324.092,2000.02002
2014-08-27,9.84,35.51,16.97,7.61,8.7282,2327.595,2000.119995
2014-08-28,9.77,35.3,17.01,7.58,8.6868,2311.278,1996.73999
2014-08-29,9.76,35.31,16.97,7.6,8.7199,2338.287,2003.369995
2014-09-01,9.75,35.32,17.08,7.62,8.7429,2355.317,2002.825012
2014-09-02,9.77,35.29,16.86,7.63,8.7512,2386.46,2002.280029
2014-09-03,9.82,35.4,16.97,7.68,8.801,2408.838,2000.719971
2014-09-04,9.82,35.6,16.82,7.71,8.8343,2426.224,1997.650024
2014-09-05,9.8,35.43,16.81,7.68,8.8093,2449.259,2007.709961
2014-09-08,9.76,35.11,16.775,7.68,8.801,2447.2415,2001.540039
2014-09-09,9.74,35.04,16.7575,7.67,8.7844,2445.224,1988.439941
2014-09-10,9.69,34.9,16.74,7.67,8.7844,2432.433,1995.689941
2014-09-11,9.69,34.92,16.67,7.65,8.7595,2423.454,1997.449951
2014-09-12,9.73,35.04,16.51,7.65,8.7595,2438.358,1985.540039
2014-09-15,9.71,35.01,16.43,7.65,8.7678,2437.189,1984.130005
2014-09-16,9.67,34.86,16.34,7.64,8.7512,2388.765,1998.97998
2014-09-17,9.67,34.93,16.39,7.65,8.7678,2401.326,2001.569946
2014-09-18,9.73,35.26,16.4,7.7,8.8093,2408.664,2011.359985
2014-09-19,9.77,35.42,16.48,7.72,8.8426,2425.211,2010.400024
2014-09-22,9.75,35.35,16.36,7.69,8.8093,2378.92,1994.290039
2014-09-23,9.66,35.04,16.25,7.6,8.693,2399.462,1982.77002
2014-09-24,9.65,35.03,16.27,7.62,8.7262,2441.864,1998.300049
2014-09-25,9.63,34.96,16.09,7.57,8.6598,2436.965,1965.98999
2014-09-26,9.61,34.89,16.09,7.58,8.6764,2437.201,1982.849976
2014-09-29,9.61,34.89,16.01,7.57,8.6598,2447.799,1977.800049
2014-09-30,9.63,35.02,16.04,7.61,8.7096,2450.988,1972.290039
2014-10-01,9.57,34.81,16.14,7.55,8.641,2464.6855,1946.160034
2014-10-02,9.44,34.24,16.19,7.42,8.4993,2471.53425,1946.170044
2014-10-03,9.51,34.5,16.24,7.48,8.566,2474.958625,1967.900024
2014-10-06,9.5,34.46,16.28,7.5,8.5743,2476.6708125,1964.819946
2014-10-07,9.37,33.99,16.15,7.4,8.466,2477.52690625,1935.099976
2014-10-08,9.24,33.44,16,7.38,8.4493,2478.383,1968.890015
2014-10-09,9.2,33.35,15.95,7.35,8.4076,2481.955,1928.209961
2014-10-10,9.06,32.83,15.65,7.25,8.2977,2466.789,1906.130005
2014-10-13,9.01,32.65,15.35,7.24,8.2827,2454.946,1874.73999
2014-10-14,9.05,32.68,15.43,7.24,8.2793,2446.562,1877.699951
2014-10-15,8.9,32.05,15.25,7.06,8.0702,2463.874,1862.48999
2014-10-16,8.81,31.77,15.22,7.02,8.026,2444.395,1862.76001
2014-10-17,8.97,32.42,15.21,7.18,8.2093,2441.732,1886.76001
2014-10-20,8.95,32.35,15.42,7.15,8.1727,2454.711,1904.01001
2014-10-21,9.09,32.89,15.41,7.26,8.2918,2433.391,1941.280029
2014-10-22,9.15,33.14,15.56,7.32,8.366,2418.641,1927.109985
2014-10-23,9.15,33.09,15.48,7.37,8.416,2395.936,1950.819946
2014-10-24,9.14,33.1,15.29,7.34,8.3826,2390.706,1964.579956
2014-10-27,9.1,32.92,15.07,7.33,8.366,2368.832,1961.630005
2014-10-28,9.15,33.05,15.32,7.37,8.4076,2416.653,1985.050049
2014-10-29,9.19,33.18,15.58,7.4,8.441,2451.384,1982.300049
2014-10-30,9.22,33.35,15.51,7.45,8.4993,2468.925,1994.650024
2014-10-31,9.33,33.8,15.65,7.57,8.6326,2508.325,2018.050049
2014-11-03,9.32,33.81,15.72,7.48,8.5304,2512.548,2017.810059
2014-11-04,9.26,33.49,15.68,7.46,8.5136,2513.172,2012.099976
2014-11-05,9.33,33.84,15.58,7.55,8.6139,2503.448,2023.569946
2014-11-06,9.34,33.89,15.51,7.56,8.6306,2506.067,2031.209961
2014-11-07,9.35,33.87,15.51,7.53,8.5888,2502.153,2031.920044
2014-11-10,9.46,34.3,15.72,7.59,8.664,2565.73,2038.26001
2014-11-11,9.45,34.25,15.67,7.62,8.7058,2558.612,2039.680054
2014-11-12,9.39,33.98,15.48,7.56,8.6306,2594.318,2038.25
2014-11-13,9.4,33.89,15.51,7.6,8.6724,2579.75,2039.329956
2014-11-14,9.42,33.92,15.51,7.59,8.664,2581.093,2039.819946
2014-11-17,9.44,34.02,15.33,7.62,8.6807,2567.101,2041.319946
2014-11-18,9.48,34.08,15.14,7.67,8.7476,2541.416,2051.800049
2014-11-19,9.44,33.93,15.19,7.68,8.7559,2537.223,2048.719971
2014-11-20,9.47,34.04,15.32,7.67,8.7309,2537.099,2052.75
2014-11-21,9.55,34.49,15.36,7.76,8.8395,2583.455,2063.5
2014-11-24,9.6,34.67,15.38,7.76,8.8395,2649.258,2069.409912
2014-11-25,9.66,34.82,15.39,7.78,8.8562,2685.561,2067.030029
2014-11-26,9.66,34.88,15.4,7.78,8.8646,2723.018,2072.830078
2014-11-27,9.69,34.9,15.48,7.81,8.898,2754.49,2070.1950685
2014-11-28,9.67,34.84,15.45,7.82,8.9063,2808.819,2067.560059
2014-12-01,9.61,34.64,15.38,7.78,8.8624,2819.812,2053.439941
2014-12-02,9.63,34.74,15.31,7.82,8.9043,2923.94,2066.550049
2014-12-03,9.64,34.93,15.47,7.82,8.9043,2967.549,2074.330078
2014-12-04,9.63,34.74,15.5,7.76,8.8373,3104.351,2071.919922
2014-12-05,9.72,35.13,15.52,7.85,8.9378,3124.885,2075.370117
2014-12-08,9.69,35.04,15.47,7.8,8.8792,3252.881,2060.310059
2014-12-09,9.58,34.55,15.42,7.66,8.72,3106.913,2059.820068
2014-12-10,9.58,34.52,15.27,7.64,8.7033,3221.546,2026.140015
2014-12-11,9.55,34.43,15.25,7.64,8.6949,3183.012,2035.329956
2014-12-12,9.44,33.93,15.28,7.47,8.5022,3193.227,2002.329956
2014-12-15,9.33,33.46,15.26,7.32,8.328,3217.228,1989.630005
2014-12-16,9.38,33.66,15.19,7.44,8.4687,3303.402,1972.73999
2014-12-17,9.39,33.76,15.01,7.44,8.4604,3360.598,2012.890015
2014-12-18,9.55,34.5,15.04,7.61,8.6614,3345.927,2061.22998
2014-12-19,9.61,34.74,15.12,7.64,8.6865,3383.167,2070.649902
2014-12-22,9.64,34.78,15.2,7.68,8.7368,3394.481,2078.540039
2014-12-23,9.68,34.95,15.11,7.7,8.7619,3324.924,2082.169922
2014-12-24,9.69,34.99,15.19,7.7,8.7619,3230.385,2081.879883
2014-12-25,9.71,35.065,15.24,7.715,8.77445,3335.419,2085.3249515
2014-12-26,9.73,35.14,15.265,7.73,8.787,3445.839,2088.77002
2014-12-29,9.69,34.97,15.29,7.73,8.787,3455.455,2090.570068
2014-12-30,9.68,35.02,15.3,7.64,8.6865,3457.554,2080.350098
2014-12-31,9.72,35.25,15.42,7.66,8.7033,3533.705,2058.899902
2015-01-01,9.745,35.295,15.32,7.65,8.6939,3587.623,2058.5499265
2015-01-02,9.77,35.34,15.27,7.64,8.6845,3614.582,2058.199951
2015-01-05,9.72,35.2,15.22,7.53,8.5501,3641.541,2020.579956
2015-01-06,9.62,34.76,14.92,7.47,8.4913,3641.059,2002.609985
2015-01-07,9.58,34.66,15,7.51,8.5333,3643.79,2025.900024
2015-01-08,9.69,35.12,15.2,7.7,8.7517,3559.259,2062.139893
2015-01-09,9.66,34.98,15.22,7.62,8.6677,3546.723,2044.810059
2015-01-12,9.67,35.02,15.18,7.65,8.7097,3513.576,2028.26001
2015-01-13,9.73,35.32,15.28,7.76,8.8188,3514.04,2023.030029
2015-01-14,9.63,35,15.25,7.64,8.6845,3502.423,2011.27002
2015-01-15,9.62,35.62,15.33,7.67,8.7181,3604.121,1992.670044
2015-01-16,9.6,35.84,15.31,7.66,8.7097,3635.146,2019.420044
2015-01-19,9.65,35.74,15.4,7.74,8.8021,3355.155,2020.9850465
2015-01-20,9.68,35.97,15.44,7.77,8.8356,3396.222,2022.550049
2015-01-21,9.69,35.97,15.59,7.8,8.8692,3548.885,2032.119995
2015-01-22,9.77,36.51,15.7,7.88,8.9532,3567.613,2063.149902
2015-01-23,9.82,36.9,15.93,7.99,9.0708,3571.732,2051.820068
2015-01-26,9.88,37.1,15.92,8.04,9.1296,3607.985,2057.090088
2015-01-27,9.84,36.92,16.08,8.01,9.096,3574.931,2029.550049
2015-01-28,9.85,36.95,16.03,8.03,9.1128,3525.323,2002.160034
2015-01-29,9.8,36.63,15.78,8.06,9.1464,3481.798,2021.25
2015-01-30,9.83,36.8,15.67,8.01,9.0876,3434.39,1994.98999
2015-02-02,9.87,36.84,15.66,8.03,9.1115,3353.96,2020.849976
2015-02-03,9.93,36.98,15.79,8.07,9.1621,3437.445,2050.030029
2015-02-04,9.95,37.19,16,8.09,9.1705,3401.768,2041.51001
2015-02-05,10.04,37.56,15.94,8.09,9.1789,3366.946,2062.52002
2015-02-06,10.08,37.83,15.92,8.09,9.1789,3312.42,2055.469971
2015-02-09,10.02,37.6,15.83,8.05,9.1368,3345.921,2046.73999
2015-02-10,10.08,37.89,15.8,8.08,9.1705,3406.943,2068.590088
2015-02-11,10.06,37.79,15.9,8.07,9.1621,3434.124,2068.530029
2015-02-12,10.17,38.1,15.91,8.11,9.2042,3442.874,2088.47998
2015-02-13,10.19,38.2,16.06,8.13,9.2294,3469.828,2096.98999
2015-02-16,10.22,38.34,16.04,8.1,9.1957,3499.483,2098.665039
2015-02-17,10.19,38.22,16.035,8.13,9.221,3522.322,2100.340088
2015-02-18,10.28,38.67,16.0325,8.16,9.2463,3500.5255,2099.679932
2015-02-19,10.3,38.63,16.03125,8.19,9.28,3489.62725,2097.449951
2015-02-20,10.32,38.74,16.030625,8.19,9.2884,3484.178125,2110.300049
2015-02-23,10.36,38.98,16.0303125,8.25,9.3557,3481.4535625,2109.659912
2015-02-24,10.38,39.07,16.03,8.3,9.4063,3480.09128125,2115.47998
2015-02-25,10.4,39.17,16.27,8.3,9.4063,3478.729,2113.860107
2015-02-26,10.46,39.58,16.26,8.34,9.4484,3566.295,2110.73999
2015-02-27,10.53,39.92,16.24,8.36,9.4736,3572.843,2104.5
2015-03-02,10.54,39.89,16.22,8.36,9.4723,3601.265,2117.389893
2015-03-03,10.44,39.52,16.29,8.29,9.3963,3507.9,2107.780029
2015-03-04,10.46,39.7,16.27,8.32,9.4301,3530.822,2098.530029
2015-03-05,10.53,40.08,16.26,8.39,9.4976,3496.344,2101.040039
2015-03-06,10.55,40.22,16.36,8.36,9.4723,3478.52,2071.26001
2015-03-09,10.51,40.13,16.26,8.34,9.447,3537.75,2079.429932
2015-03-10,10.45,40.07,16.18,8.23,9.3288,3520.611,2044.160034
2015-03-11,10.5,40.36,16.13,8.3,9.4047,3524.653,2040.23999
2015-03-12,10.53,40.37,16.25,8.33,9.4301,3592.844,2065.949951
2015-03-13,10.58,40.61,16.27,8.33,9.4385,3617.657,2053.399902
2015-03-16,10.64,40.72,16.22,8.43,9.5483,3705.671,2081.189941
2015-03-17,10.59,40.43,16.25,8.41,9.5145,3757.122,2074.280029
2015-03-18,10.62,40.37,16.37,8.48,9.5989,3846.055,2099.5
2015-03-19,10.7,40.83,16.53,8.5,9.6327,3839.739,2089.27002
2015-03-20,10.79,40.99,16.52,8.56,9.6918,3892.574,2108.100098
2015-03-23,10.8,40.89,16.52,8.55,9.6833,3972.061,2104.419922
2015-03-24,10.85,41.07,16.63,8.55,9.6833,3973.046,2091.5
2015-03-25,10.78,40.7,16.49,8.48,9.6074,3940.412,2061.050049
2015-03-26,10.71,40.49,16.41,8.39,9.5061,3949.999,2056.149902
2015-03-27,10.71,40.5,16.21,8.4,9.5229,3971.697,2061.02002
2015-03-30,10.79,40.88,16.16,8.49,9.6158,4088.178,2086.23999
2015-03-31,10.75,40.96,16.24,8.39,9.4976,4051.204,2067.889893
2015-04-01,10.74,40.86,16.13,8.43,9.547,4123.895,2059.689941
2015-04-02,10.82,40.94,16.3,8.45,9.5724,4124.776,2066.959961
2015-04-03,10.8,40.78,16.34,8.44,9.5555,4170.538,2073.790039
2015-04-06,10.89,41.15,16.36,8.51,9.6401,4215.291,2080.620117
2015-04-07,10.91,41.34,16.37,8.59,9.7332,4260.044,2076.330078
2015-04-08,10.94,41.6,16.38,8.56,9.6994,4295.803,2081.899902
2015-04-09,11.02,41.95,16.31,8.64,9.8009,4262.138,2091.179932
2015-04-10,11.11,42.34,16.25,8.73,9.894,4344.416,2102.060059
2015-04-13,11.16,42.6,16.31,8.71,9.8687,4421.073,2092.429932
2015-04-14,11.14,42.51,16.32,8.68,9.8348,4438.184,2095.840088
2015-04-15,11.17,42.77,16.19,8.7,9.8687,4380.513,2106.629883
2015-04-16,11.1,42.47,16.33,8.66,9.8179,4513.546,2104.98999
2015-04-17,10.97,41.86,16.28,8.54,9.6825,4596.136,2081.179932
2015-04-20,11.06,42.23,16.2,8.6,9.7502,4521.919,2100.399902
2015-04-21,11.14,42.58,16.05,8.65,9.8009,4619.164,2097.290039
2015-04-22,11.13,42.57,16.19,8.6,9.7502,4739.814,2107.959961
2015-04-23,11.12,42.5,16.35,8.58,9.7248,4740.892,2112.929932
2015-04-24,11.17,42.64,16.59,8.6,9.7417,4702.641,2117.689941
2015-04-27,11.23,42.92,16.8,8.66,9.8179,4807.592,2108.919922
2015-04-28,11.17,42.62,16.8,8.54,9.6825,4741.861,2114.76001
2015-04-29,11.07,42.13,16.71,8.39,9.5132,4774.326,2106.850098
2015-04-30,11.09,42.01,16.64,8.4,9.5301,4749.886,2085.51001
2015-05-01,11.1,41.85,16.645,8.4,9.5288,4768.8135,2108.290039
2015-05-04,11.18,42.23,16.65,8.44,9.5797,4787.741,2114.48999
2015-05-05,11.11,42,16.65,8.29,9.4015,4596.837,2089.459961
2015-05-06,11.1,41.82,16.68,8.27,9.376,4553.327,2080.149902
2015-05-07,11.08,41.81,16.42,8.25,9.359,4470.089,2088
2015-05-08,11.26,42.76,16.42,8.43,9.5542,4558.404,2116.100098
2015-05-11,11.32,43.23,16.25,8.41,9.5372,4690.532,2105.330078
2015-05-12,11.22,42.77,16.29,8.31,9.4184,4747.421,2099.120117
2015-05-13,11.27,42.83,16.41,8.31,9.41,4718.436,2098.47998
2015-05-14,11.33,43.04,16.35,8.37,9.4948,4700.778,2121.100098
2015-05-15,11.33,42.95,16.37,8.36,9.4694,4617.47,2122.72998
2015-05-18,11.35,43.09,16.41,8.39,9.5033,4575.14,2129.199951
2015-05-19,11.42,43.55,16.59,8.48,9.6136,4731.222,2127.830078
2015-05-20,11.44,43.79,16.55,8.5,9.6306,4754.919,2125.850098
2015-05-21,11.44,43.83,16.47,8.53,9.656,4840.976,2130.820068
2015-05-22,11.47,43.89,16.51,8.54,9.6645,4951.335,2126.060059
2015-05-25,11.45,43.92,16.465,8.51,9.6391,5099.495,2115.130005
2015-05-26,11.41,43.84,16.42,8.43,9.5542,5198.918,2104.199951
2015-05-27,11.45,43.89,16.48,8.54,9.673,5181.434,2123.47998
2015-05-28,11.46,43.83,16.52,8.53,9.6645,4834.007,2120.790039
2015-05-29,11.41,43.51,16.48,8.41,9.5288,4840.829,2107.389893
2015-06-01,11.45,43.68,16.35,8.41,9.5274,5076.179,2111.72998
2015-06-02,11.43,43.39,16.31,8.35,9.4508,5161.87,2109.600098
2015-06-03,11.47,43.34,16.23,8.4,9.4934,5143.59,2114.070068
2015-06-04,11.41,43.15,15.91,8.31,9.3913,5181.416,2095.840088
2015-06-05,11.31,42.89,15.91,8.22,9.2892,5230.552,2092.830078
2015-06-08,11.24,42.46,15.81,8.17,9.2382,5353.751,2079.280029
2015-06-09,11.17,42.24,15.47,8.13,9.1956,5317.461,2080.149902
2015-06-10,11.28,42.75,15.81,8.24,9.3147,5309.112,2105.199951
2015-06-11,11.33,43.02,15.74,8.28,9.3573,5306.59,2108.860107
2015-06-12,11.25,42.79,15.77,8.2,9.2552,5335.115,2094.110107
2015-06-15,11.12,42.27,15.77,8.08,9.1276,5221.167,2084.429932
2015-06-16,11.14,42.46,15.72,8.11,9.1616,5064.821,2096.290039
2015-06-17,11.1,42.36,15.68,8.07,9.1191,5138.831,2100.439941
2015-06-18,11.09,42.24,15.82,8.11,9.1531,4930.549,2121.23999
2015-06-19,11.1,42.4,15.92,8.1,9.1361,4637.052,2109.98999
2015-06-22,11.24,42.79,16.02,8.27,9.3317,4711.5715,2122.850098
2015-06-23,11.32,43.34,16.04,8.31,9.3743,4786.091,2124.199951
2015-06-24,11.29,43.16,16.06,8.3,9.3573,4880.126,2108.580078
2015-06-25,11.29,43.17,16.21,8.26,9.3232,4706.516,2102.310059
2015-06-26,11.3,43.28,16.19,8.23,9.2892,4336.195,2101.48999
2015-06-29,11.11,42.54,15.84,8.05,9.0765,4191.549,2057.639893
2015-06-30,11.09,42.46,16.05,7.96,8.966,4472.998,2063.110107
2015-07-01,11.21,42.91,16.075,8.07,9.0925,4253.021,2077.419922
2015-07-02,11.17,42.71,16.1,8.08,9.1096,4107.996,2076.780029
2015-07-03,11.15,42.56,16.08,8.04,9.0584,3885.917,2072.7700195
2015-07-06,11.08,42.35,15.92,7.96,8.9817,3998.537,2068.76001
2015-07-07,10.96,41.93,15.94,7.88,8.8878,3928.003,2081.340088
2015-07-08,10.91,41.44,15.52,7.96,8.9731,3663.038,2046.680054
2015-07-09,11.02,41.96,15.46,8.09,9.1181,3897.626,2051.310059
2015-07-10,11.18,42.5,15.55,8.26,9.3058,4106.556,2076.620117
2015-07-13,11.33,43.32,15.64,8.35,9.4167,4211.812,2099.600098
2015-07-14,11.32,43.33,15.57,8.39,9.4593,4112.149,2108.949951
2015-07-15,11.37,43.63,15.69,8.41,9.4764,3966.759,2107.399902
2015-07-16,11.47,44.14,15.7,8.5,9.5787,3997.356,2124.290039
2015-07-17,11.51,44.34,15.65,8.47,9.5531,4151.496,2126.639893
2015-07-20,11.56,44.51,15.54,8.5,9.5873,4160.612,2128.280029
2015-07-21,11.52,44.21,15.54,8.45,9.5275,4166.006,2119.209961
2015-07-22,11.46,44.08,15.36,8.38,9.4422,4157.16,2114.149902
2015-07-23,11.47,43.86,15.17,8.39,9.4508,4250.805,2102.149902
2015-07-24,11.45,43.75,15.08,8.32,9.374,4176.279,2079.649902
2015-07-27,11.26,42.86,14.68,8.2,9.2461,3818.731,2067.639893
2015-07-28,11.28,43.06,14.77,8.26,9.3058,3811.093,2093.25
2015-07-29,11.4,43.55,14.79,8.34,9.3911,3930.379,2108.570068
2015-07-30,11.47,44.02,14.8,8.38,9.4337,3815.412,2108.629883
2015-07-31,11.56,44.19,14.74,8.4,9.4678,3816.699,2103.840088
2015-08-03,11.61,44.43,14.63,8.46,9.5263,3829.235,2098.040039
2015-08-04,11.59,44.36,14.55,8.47,9.5263,3948.155,2093.320068
2015-08-05,11.6,44.52,14.61,8.53,9.5947,3866.9,2099.840088
2015-08-06,11.57,44.24,14.56,8.5,9.5776,3831.852,2083.560059
2015-08-07,11.5,43.84,14.58,8.46,9.5178,3906.945,2077.570068
2015-08-10,11.57,44.12,14.74,8.5,9.5776,4084.365,2104.179932
2015-08-11,11.51,43.79,14.51,8.42,9.475,4066.669,2084.070068
2015-08-12,11.33,42.95,14.22,8.26,9.2869,4016.126,2086.050049
2015-08-13,11.49,43.63,14.46,8.32,9.3553,4075.463,2083.389893
2015-08-14,11.49,43.71,14.45,8.29,9.3296,4073.54,2091.540039
2015-08-17,11.51,43.85,14.24,8.31,9.3467,4077.872,2102.439941
2015-08-18,11.54,44.09,14.13,8.31,9.3382,3825.412,2096.919922
2015-08-19,11.42,43.56,13.94,8.19,9.2099,3886.136,2079.610107
2015-08-20,11.24,42.7,13.88,8.1,9.1073,3761.454,2035.72998
2015-08-21,11.05,41.77,13.54,7.88,8.8508,3589.536,1970.890015
2015-08-24,10.6,39.75,12.97,7.52,8.4548,3275.534,1893.209961
2015-08-25,10.94,41.22,13.34,7.76,8.731,3042.927,1867.609985
2015-08-26,10.86,40.8,13.5,7.63,8.5857,3025.692,1940.51001
2015-08-27,11.07,41.76,13.8,7.87,8.8508,3205.638,1987.660034
2015-08-28,11.14,42.15,14.02,7.9,8.885,3342.286,1988.869995
2015-08-31,11.17,42.17,14.05,7.88,8.8593,3366.536,1972.180054
2015-09-01,11.05,41.61,13.97,7.71,8.6693,3362.083,1913.849976
2015-09-02,11.05,41.61,13.95,7.73,8.695,3365.832,1948.859985
2015-09-03,11.18,42.32,13.91,7.87,8.8494,3308.1585,1951.130005
2015-09-04,11.07,41.79,13.87,7.71,8.6693,3279.32175,1921.219971
2015-09-07,11.09,41.84,13.76,7.74,8.7036,3250.485,1945.3150025
2015-09-08,11.15,42.15,13.88,7.82,8.7979,3334.023,1969.410034
2015-09-09,11.21,42.4,14.27,7.91,8.9008,3399.305,1942.040039
2015-09-10,11.15,42.1,14.28,7.84,8.8151,3357.561,1952.290039
2015-09-11,11.12,41.85,14.35,7.81,8.7808,3347.188,1961.050049
2015-09-14,11.05,41.65,14.37,7.79,8.755,3281.132,1953.030029
2015-09-15,11.06,41.68,14.33,7.84,8.8065,3152.232,1978.089966
2015-09-16,11.1,41.93,14.42,7.93,8.918,3309.248,1995.310059
2015-09-17,11.13,42.01,14.56,7.92,8.9008,3236.999,1990.199951
2015-09-18,11.1,41.9,14.66,7.8,8.7722,3251.273,1958.030029
2015-09-21,11.1,42.07,14.37,7.85,8.8236,3308.247,1966.969971
2015-09-22,10.95,41.47,14.37,7.65,8.5921,3339.03,1942.73999
2015-09-23,10.97,41.38,14.15,7.69,8.6436,3263.028,1938.76001
2015-09-24,10.89,40.91,13.97,7.58,8.5192,3284.999,1932.23999
2015-09-25,11.04,41.52,13.96,7.76,8.7207,3231.951,1931.339966
2015-09-28,10.93,41.02,13.99,7.63,8.5715,3242.752,1881.77002
2015-09-29,10.85,40.69,14.005,7.58,8.5158,3178.854,1884.089966
2015-09-30,10.98,41.3,14.02,7.74,8.695,3202.948,1920.030029
2015-10-01,11.01,41.38,14.095,7.71,8.6592,3249.715,1923.819946
2015-10-02,11.05,41.5,14.17,7.75,8.7108,3273.0985,1951.359985
2015-10-05,11.2,42.13,14.42,7.94,8.9172,3284.79025,1987.050049
2015-10-06,11.2,42.12,14.39,7.98,8.9688,3290.636125,1979.920044
2015-10-07,11.14,42.01,14.69,7.96,8.943,3293.5590625,1995.829956
2015-10-08,11.14,41.96,14.49,8.01,8.9946,3296.482,2013.430054
2015-10-09,11.15,41.89,14.64,8.05,9.0462,3340.116,2014.890015
2015-10-12,11.13,41.84,14.79,8.03,9.029,3447.693,2017.459961
2015-10-13,11.05,41.44,14.67,7.98,8.9602,3445.043,2003.689941
2015-10-14,10.99,41.3,14.63,7.9,8.8828,3406.112,1994.23999
2015-10-15,11.1,41.74,14.91,8,8.986,3486.815,2023.859985
2015-10-16,11.14,41.97,14.84,8.05,9.0462,3534.065,2033.109985
2015-10-19,11.19,42.2,14.89,8.06,9.0548,3534.182,2033.660034
2015-10-20,11.22,42.26,14.82,8.05,9.0376,3577.703,2030.77002
2015-10-21,11.28,42.46,14.79,8.04,9.029,3473.254,2018.939941
2015-10-22,11.29,42.76,14.76,8.14,9.1408,3524.534,2052.51001
2015-10-23,11.39,43.3,14.86,8.23,9.244,3571.241,2075.149902
2015-10-26,11.37,43.18,14.92,8.23,9.2354,3589.261,2071.179932
2015-10-27,11.26,42.71,14.89,8.16,9.158,3592.879,2065.889893
2015-10-28,11.33,42.97,14.83,8.24,9.244,3524.92,2090.350098
2015-10-29,11.35,43.17,14.65,8.22,9.2268,3533.307,2089.409912
2015-10-30,11.33,43.16,14.68,8.2,9.201,3534.079,2079.360107
2015-11-02,11.4,43.37,14.75,8.22,9.2255,3475.962,2104.050049
2015-11-03,11.39,43.46,14.88,8.23,9.2427,3465.493,2109.790039
2015-11-04,11.4,43.6,15.07,8.26,9.2686,3628.538,2102.310059
2015-11-05,11.43,43.55,15.02,8.26,9.2772,3705.97,2099.929932
2015-11-06,11.49,43.83,14.8,8.23,9.2427,3793.374,2099.199951
2015-11-09,11.46,43.76,14.58,8.14,9.1306,3840.355,2078.580078
2015-11-10,11.44,43.8,14.49,8.13,9.1306,3833.238,2081.719971
2015-11-11,11.53,44.14,14.37,8.18,9.1737,3833.646,2075
2015-11-12,11.41,43.65,14.33,8.08,9.0703,3795.324,2045.969971
2015-11-13,11.34,43.4,14.16,8.01,8.9927,3746.242,2023.040039
2015-11-16,11.33,43.4,14.14,8.05,9.0272,3764.126,2053.189941
2015-11-17,11.42,43.91,14.36,8.21,9.2082,3758.387,2050.439941
2015-11-18,11.43,43.91,14.29,8.2,9.1996,3715.58,2083.580078
2015-11-19,11.47,44,14.56,8.26,9.26,3774.969,2081.23999
2015-11-20,11.46,44.02,14.61,8.29,9.2944,3774.383,2089.169922
2015-11-23,11.43,43.93,14.63,8.25,9.2513,3753.335,2086.590088
2015-11-24,11.35,43.47,14.53,8.17,9.1651,3753.889,2089.139893
2015-11-25,11.47,44.01,14.56,8.27,9.2772,3781.607,2088.870117
2015-11-26,11.52,44.23,14.62,8.33,9.3462,3759.429,2089.490112
2015-11-27,11.54,44.25,14.45,8.33,9.3376,3556.992,2090.110107
2015-11-30,11.63,44.71,14.35,8.33,9.3376,3566.412,2080.409912
2015-12-01,11.68,44.78,14.54,8.32,9.3275,3591.696,2102.629883
2015-12-02,11.74,45,14.57,8.33,9.3448,3721.955,2079.51001
2015-12-03,11.69,44.41,14.58,8.15,9.1287,3749.299,2049.620117
2015-12-04,11.68,44.41,14.55,8.11,9.0855,3677.592,2091.689941
2015-12-07,11.74,44.66,14.64,8.14,9.1287,3687.607,2077.070068
2015-12-08,11.63,44.1,14.48,8.03,9.0077,3623.02,2063.590088
2015-12-09,11.58,43.91,14.28,7.98,8.9472,3635.938,2047.619995
2015-12-10,11.54,43.84,14.31,7.96,8.9212,3623.084,2052.22998
2015-12-11,11.39,43.21,14.18,7.81,8.7656,3608.059,2012.369995
2015-12-14,11.3,42.72,14.03,7.73,8.6705,3711.322,2021.939941
2015-12-15,11.43,43.36,14.11,7.91,8.8694,3694.389,2043.410034
2015-12-16,11.48,43.47,14.17,7.94,8.9039,3685.44,2073.070068
2015-12-17,11.54,43.8,14.38,8.03,8.999,3755.888,2041.890015
2015-12-18,11.54,43.77,14.28,7.95,8.9039,3767.913,2005.550049
2015-12-21,11.51,43.49,14.27,7.9,8.8434,3865.965,2021.150024
2015-12-22,11.52,43.38,14.36,7.9,8.8521,3876.733,2038.969971
2015-12-23,11.61,43.96,14.38,8.07,9.0423,3866.381,2064.290039
2015-12-24,11.64,44,14.4,8.08,9.0509,3829.402,2060.98999
2015-12-28,11.58,43.69,14.4,8.05,9.0163,3727.632,2056.5
2015-12-29,11.75,44.37,14.31,8.18,9.1633,3761.875,2078.360107
2015-12-30,11.77,44.47,14.28,8.13,9.1114,3765.175,2063.360107
2015-12-31,11.75,44.38,14.41,8.08,9.0509,3731.005,2043.939941
2016-01-04,11.58,43.73,13.96,7.9,8.8588,3469.066,2012.660034
2016-01-05,11.59,43.84,13.89,7.95,8.9108,3478.78,2016.709961
2016-01-06,11.49,43.38,13.71,7.89,8.8501,3539.808,1990.26001
2016-01-07,11.3,42.48,13.46,7.75,8.6855,3294.384,1943.089966
2016-01-08,11.28,42.3,13.48,7.67,8.6005,3361.563,1922.030029
2016-01-11,11.19,41.98,13.32,7.63,8.5589,3192.45,1923.670044
2016-01-12,11.24,42.12,13.21,7.72,8.6534,3215.71,1938.680054
2016-01-13,11.26,42.21,13.35,7.76,8.7028,3155.879,1890.280029
2016-01-14,11.03,41.29,13.19,7.67,8.5962,3221.571,1921.839966
2016-01-15,10.8,40.15,13.2,7.52,8.4263,3118.73,1880.329956
2016-01-18,10.67,39.76,13.27,7.48,8.3899,3130.729,1880.829956
2016-01-19,10.81,40.17,13.35,7.6,8.526,3223.125,1881.329956
2016-01-20,10.5,38.99,13.05,7.38,8.2746,3174.378,1859.329956
2016-01-21,10.59,39.5,13.05,7.49,8.3959,3081.345,1868.98999
2016-01-22,10.81,40.46,13.25,7.67,8.6014,3113.463,1906.900024
2016-01-25,10.85,40.5,13.45,7.68,8.61,3128.886,1877.079956
2016-01-26,10.86,40.62,13.37,7.74,8.6768,2940.509,1903.630005
2016-01-27,10.87,40.57,13.37,7.81,8.7548,2930.352,1882.949951
2016-01-28,10.78,40.14,13.47,7.72,8.6473,2853.756,1893.359985
2016-01-29,10.96,40.88,13.79,7.88,8.8328,2946.09,1940.23999
2016-02-01,10.97,40.96,13.89,7.86,8.8072,2901.048,1939.380005
2016-02-02,10.9,40.65,13.82,7.75,8.6837,2961.334,1903.030029
2016-02-03,10.77,40.14,13.75,7.64,8.5533,2948.639,1912.530029
2016-02-04,10.77,39.92,13.85,7.61,8.5229,2984.76,1915.449951
2016-02-05,10.71,39.69,13.9,7.55,8.4551,2963.789,1880.050049
2016-02-08,10.28,38.01,13.925,7.36,8.2473,2955.248,1853.439941
2016-02-09,10.11,37.27,13.9375,7.28,8.1568,2950.9775,1852.209961
2016-02-10,10.24,37.83,13.94375,7.36,8.242,2948.84225,1851.859985
2016-02-11,10.02,36.84,13.946875,7.17,8.0308,2947.774625,1829.079956
2016-02-12,10.1,37.34,13.9484375,7.31,8.1864,2947.2408125,1864.780029
2016-02-15,10.35,38.32,13.95,7.49,8.3916,2946.707,1880.1799925
2016-02-16,10.33,38.18,14.1,7.48,8.3829,3037.035,1895.579956
2016-02-17,10.58,39.08,14.01,7.63,8.5472,3063.32,1926.819946
2016-02-18,10.65,39.46,14.11,7.65,8.5646,3053.699,1917.829956
2016-02-19,10.63,39.36,14.19,7.62,8.5316,3051.585,1917.780029
2016-02-22,10.71,39.67,14.2,7.72,8.6507,3118.868,1945.5
2016-02-23,10.68,39.5,14.19,7.63,8.542,3089.363,1921.27002
2016-02-24,10.57,39,14.13,7.51,8.4107,3109.545,1929.800049
2016-02-25,10.74,39.59,14.2,7.65,8.5663,2918.75,1951.699951
2016-02-26,10.85,40.09,14.32,7.73,8.6576,2948.031,1948.050049
2016-02-29,10.88,40.38,14.425,7.71,8.6342,2877.467,1932.22998
2016-03-01,11,40.87,14.53,7.81,8.7471,2930.694,1978.349976
2016-03-02,11,40.98,14.61,7.79,8.7296,3051.333,1986.449951
2016-03-03,11.07,41.14,14.76,7.77,8.6983,3058.422,1993.400024
2016-03-04,11.16,41.47,14.83,7.83,8.7645,3093.89,1999.98999
2016-03-07,11.12,41.35,14.85,7.82,8.7558,3104.84,2001.76001
2016-03-08,11.03,40.93,14.82,7.8,8.7296,3107.673,1979.26001
2016-03-09,11.02,40.94,14.74,7.84,8.7733,3071.907,1989.26001
2016-03-10,10.91,40.36,14.76,7.74,8.6721,3013.146,1989.569946
2016-03-11,11.08,41.1,14.88,7.89,8.8343,3018.284,2022.189941
2016-03-14,11.14,41.38,14.96,7.94,8.8866,3065.69,2019.640015
2016-03-15,11.13,41.18,14.74,7.89,8.8256,3074.78,2015.930054
2016-03-16,11.19,41.4,14.88,7.9,8.843,3090.033,2027.219971
2016-03-17,11.17,41.34,15.07,7.9,8.843,3124.204,2040.589966
2016-03-18,11.26,41.75,15.15,7.89,8.8343,3171.963,2049.580078
2016-03-21,11.25,41.66,15.18,7.89,8.8343,3249.437,2051.600098
2016-03-22,11.27,41.67,15.08,7.9,8.8343,3225.79,2049.800049
2016-03-23,11.28,41.65,15.07,7.9,8.843,3236.092,2036.709961
2016-03-24,11.2,41.36,15.05,7.81,8.7384,3181.851,2035.939941
2016-03-25,11.2,41.35,14.94,7.82,8.7471,3197.817,2036.494995
2016-03-28,11.2,41.38,14.885,7.82,8.7471,3169.728,2037.050049
2016-03-29,11.24,41.57,14.83,7.85,8.782,3135.41,2055.01001
2016-03-30,11.34,41.92,15.12,7.96,8.8953,3216.275,2063.949951
2016-03-31,11.36,41.89,15.16,7.91,8.843,3218.088,2059.73999
2016-04-01,11.33,41.64,15.05,7.84,8.7647,3221.895,2072.780029
2016-04-04,11.35,41.76,14.94,7.88,8.8085,3243.1905,2066.129883
2016-04-05,11.26,41.32,14.885,7.78,8.7061,3264.486,2045.170044
2016-04-06,11.32,41.46,14.83,7.86,8.791,3257.528,2066.659912
2016-04-07,11.27,41.3,14.82,7.82,8.756,3209.29,2041.910034
2016-04-08,11.34,41.57,14.83,7.89,8.8347,3185.726,2047.599976
2016-04-11,11.34,41.7,14.87,7.9,8.8347,3230.096,2041.98999
2016-04-12,11.39,41.91,14.78,7.93,8.8697,3218.45,2061.719971
2016-04-13,11.51,42.48,14.95,8.03,8.9834,3261.383,2082.419922
2016-04-14,11.5,42.44,14.91,8.05,9.0097,3275.832,2082.780029
2016-04-15,11.43,42.14,15.01,8.04,9.0009,3272.205,2080.72998
2016-04-18,11.44,42.22,14.95,8.07,9.0184,3228.453,2094.340088
2016-04-19,11.51,42.54,15.01,8.16,9.1321,3238.303,2100.800049
2016-04-20,11.48,42.47,14.81,8.18,9.1496,3181.026,2102.399902
2016-04-21,11.45,42.32,14.88,8.13,9.0971,3160.603,2091.47998
2016-04-22,11.44,42.43,14.77,8.07,9.0271,3174.901,2091.580078
2016-04-25,11.45,42.52,14.79,8.04,9.0009,3162.033,2087.790039
2016-04-26,11.45,42.58,14.88,8.03,8.9747,3179.161,2091.699951
2016-04-27,11.49,42.66,14.83,8.03,8.9922,3165.916,2095.149902
2016-04-28,11.48,42.67,14.77,8.04,9.0009,3160.581,2075.810059
2016-04-29,11.39,42.18,14.75,7.91,8.8435,3156.745,2065.300049
2016-05-02,11.39,42.12,14.73,7.94,8.879,3185.1425,2081.429932
2016-05-03,11.34,41.83,14.71,7.87,8.8088,3213.54,2063.370117
2016-05-04,11.29,41.57,14.6,7.81,8.7404,3209.461,2051.120117
2016-05-05,11.28,41.66,14.61,7.84,8.7737,3213.92,2050.629883
2016-05-06,11.26,41.46,14.57,7.84,8.7737,3130.354,2057.139893
2016-05-09,11.26,41.47,14.56,7.9,8.8439,3065.615,2058.689941
2016-05-10,11.31,41.7,14.59,7.95,8.8965,3069.112,2084.389893
2016-05-11,11.34,41.75,14.63,7.93,8.879,3082.808,2064.459961
2016-05-12,11.32,41.76,14.61,7.88,8.8263,3090.137,2064.110107
2016-05-13,11.36,41.93,14.55,7.92,8.8614,3074.935,2046.609985
2016-05-16,11.39,42.04,14.51,7.92,8.8614,3095.308,2066.659912
2016-05-17,11.42,42.18,14.61,7.9,8.8439,3086.024,2047.209961
2016-05-18,11.44,42.43,14.61,7.91,8.8527,3068.035,2047.630005
2016-05-19,11.36,42.2,14.51,7.82,8.7562,3062.5,2040.040039
2016-05-20,11.49,42.6,14.6,7.92,8.8702,3078.218,2052.320068
2016-05-23,11.55,42.79,14.84,7.89,8.8351,3087.222,2048.040039
2016-05-24,11.63,43.33,14.81,8.01,8.9667,3063.555,2076.060059
2016-05-25,11.68,43.6,14.95,8.07,9.0457,3059.225,2090.540039
2016-05-26,11.71,43.64,14.98,8.11,9.072,3064.211,2090.100098
2016-05-27,11.76,43.87,15.06,8.11,9.0896,3062.499,2099.060059
2016-05-30,11.77,43.88,15.09,8.13,9.0983,3066.709,2098.005005
2016-05-31,11.77,43.8,15.09,8.09,9.0545,3169.559,2096.949951
2016-06-01,11.73,43.45,15.23,8.06,9.0197,3160.547,2099.330078
2016-06-02,11.74,43.52,15.2,8.05,9.0109,3167.099,2105.26001
2016-06-03,11.72,43.26,15.21,8.04,8.9933,3189.325,2099.129883
2016-06-06,11.71,43.15,15.39,8.07,9.0373,3178.788,2109.409912
2016-06-07,11.75,43.47,15.56,8.13,9.0989,3177.053,2112.129883
2016-06-08,11.76,43.41,15.66,8.11,9.0725,3163.986,2119.120117
2016-06-09,11.74,43.35,15.485,8.04,8.9933,3115.1635,2115.47998
2016-06-10,11.54,42.55,15.3975,7.89,8.8261,3090.75225,2096.070068
2016-06-13,11.31,41.57,15.31,7.78,8.7082,3066.341,2079.060059
2016-06-14,11.09,40.79,15.42,7.66,8.5727,3075.983,2075.320068
2016-06-15,11.13,40.91,15.45,7.72,8.6343,3116.368,2071.5
2016-06-16,10.98,40.31,15.33,7.68,8.5964,3094.674,2077.98999
2016-06-17,11.19,41.17,15.42,7.73,8.6492,3110.357,2071.219971
2016-06-20,11.45,42.49,15.55,7.94,8.8789,3112.674,2083.25
2016-06-21,11.44,42.57,15.67,7.97,8.9229,3106.317,2088.899902
2016-06-22,11.49,42.69,15.73,8,8.9581,3133.961,2085.449951
2016-06-23,11.62,43.16,15.71,8.08,9.0461,3117.316,2113.320068
2016-06-24,11.04,40.08,15.27,7.79,8.7328,3077.155,2037.410034
2016-06-27,10.48,37.7,15.28,7.66,8.585,3120.544,2000.540039
2016-06-28,10.71,38.58,15.43,7.82,8.7645,3136.401,2036.089966
2016-06-29,10.95,39.48,15.54,8.03,9.0021,3151.389,2070.77002
2016-06-30,11.09,39.88,15.75,8.17,9.1605,3153.921,2098.860107
2016-07-01,11.21,40.19,15.865,8.23,9.2315,3154.2,2102.949951
2016-07-04,11.07,39.7,15.98,8.19,9.1786,3204.696,2095.75
2016-07-05,10.84,38.66,15.87,8.13,9.1168,3207.382,2088.550049
2016-07-06,10.71,38.06,15.65,8.04,9.0021,3216.803,2099.72998
2016-07-07,10.84,38.53,15.81,8.1,9.0727,3209.954,2097.899902
2016-07-08,10.96,39,15.955,8.17,9.1521,3192.28,2129.899902
2016-07-11,11.18,39.83,16.1,8.27,9.258,3203.329,2137.159912
2016-07-12,11.28,40.43,16.18,8.27,9.2668,3273.182,2152.139893
2016-07-13,11.31,40.42,16.22,8.27,9.2668,3282.868,2152.429932
2016-07-14,11.33,40.66,16.3,8.28,9.2757,3276.763,2163.75
2016-07-15,11.27,40.35,16.54,8.29,9.2933,3276.277,2161.73999
2016-07-18,11.34,40.66,16.58,8.29,9.2845,3262.022,2166.889893
2016-07-19,11.38,40.72,16.51,8.27,9.2757,3248.234,2163.780029
2016-07-20,11.51,41.26,16.43,8.34,9.3463,3237.605,2173.02002
2016-07-21,11.52,41.31,16.52,8.31,9.311,3252.522,2165.169922
2016-07-22,11.55,41.32,16.5,8.34,9.3375,3225.162,2175.030029
2016-07-25,11.62,41.62,16.36,8.34,9.3375,3230.885,2168.47998
2016-07-26,11.62,41.57,16.45,8.36,9.3639,3269.588,2169.179932
2016-07-27,11.72,41.87,16.51,8.36,9.3551,3218.243,2166.580078
2016-07-28,11.76,41.87,16.64,8.33,9.3286,3221.136,2170.060059
2016-07-29,11.79,42.05,16.54,8.36,9.3551,3203.93,2173.600098
2016-08-01,11.78,41.91,16.95,8.33,9.329,3176.809,2170.840088
2016-08-02,11.76,41.89,16.9,8.26,9.2493,3189.052,2157.030029
2016-08-03,11.75,41.95,16.85,8.24,9.2228,3193.507,2163.790039
2016-08-04,11.85,42.18,16.86,8.34,9.329,3201.288,2164.25
2016-08-05,11.99,42.65,17.03,8.4,9.4087,3205.11,2182.870117
2016-08-08,11.98,42.59,17.12,8.41,9.4087,3234.183,2180.889893
2016-08-09,12.08,42.88,17.07,8.5,9.5149,3256.981,2181.73999
2016-08-10,12.06,42.71,17.35,8.48,9.4883,3243.34,2175.48999
2016-08-11,12.13,42.96,17.14,8.56,9.5768,3233.36,2185.790039
2016-08-12,12.15,43,17.14,8.54,9.5591,3294.233,2184.050049
2016-08-15,12.18,42.95,17.19,8.56,9.5768,3393.423,2190.149902
2016-08-16,12.08,42.68,17.19,8.49,9.4972,3378.245,2178.149902
2016-08-17,12.03,42.49,17.14,8.41,9.4175,3373.047,2182.219971
2016-08-18,12.1,42.8,17.2,8.46,9.4618,3364.485,2187.02002
2016-08-19,12.09,42.65,16.95,8.41,9.4175,3365.019,2183.870117
2016-08-22,12.14,42.92,16.76,8.4,9.3998,3336.794,2182.639893
2016-08-23,12.21,43.24,16.87,8.43,9.4352,3341.829,2186.899902
2016-08-24,12.22,43.43,16.88,8.41,9.4175,3329.863,2175.439941
2016-08-25,12.16,43.07,17.01,8.39,9.3821,3308.972,2172.469971
2016-08-26,12.2,43.27,17.04,8.41,9.4175,3307.09,2169.040039
2016-08-29,12.18,43.18,17.02,8.4,9.3998,3307.781,2180.379883
2016-08-30,12.23,43.39,17.05,8.43,9.4352,3311.987,2176.120117
2016-08-31,12.16,43.17,17,8.4,9.3998,3327.793,2170.949951
2016-09-01,12.23,43.5,16.86,8.37,9.3647,3301.576,2170.860107
2016-09-02,12.32,43.91,16.9,8.53,9.5423,3314.114,2179.97998
2016-09-05,12.35,44.09,17.21,8.53,9.5423,3319.68,2183.22998
2016-09-06,12.37,44.16,17.28,8.5,9.5068,3342.625,2186.47998
2016-09-07,12.38,44.12,17.43,8.53,9.5423,3340.817,2186.159912
2016-09-08,12.43,44.18,17.45,8.51,9.5245,3339.564,2181.300049
2016-09-09,12.34,43.84,17.2,8.42,9.418,3318.044,2127.810059
2016-09-12,12.2,43.41,16.76,8.34,9.3381,3262.604,2159.040039
2016-09-13,12.17,43.09,16.74,8.29,9.2848,3260.333,2127.02002
2016-09-14,12.19,43.16,16.7,8.3,9.2937,3238.729,2125.77002
2016-09-15,12.23,43.37,16.94,8.34,9.3381,3250.9265,2147.26001
2016-09-16,12.24,43.34,17.06,8.29,9.2848,3257.02525,2139.159912
2016-09-19,12.28,43.43,17.18,8.38,9.3914,3263.124,2139.120117
2016-09-20,12.28,43.35,17.24,8.4,9.4002,3257.403,2139.76001
2016-09-21,12.3,43.46,17.27,8.4,9.4002,3266.636,2163.120117
2016-09-22,12.4,43.86,17.31,8.51,9.5245,3291.121,2177.179932
2016-09-23,12.39,43.66,17.38,8.49,9.4979,3275.666,2164.689941
2016-09-26,12.31,43.31,17.22,8.38,9.3825,3220.283,2146.100098
2016-09-27,12.26,43.25,17.275,8.38,9.3825,3240.754,2159.929932
2016-09-28,12.35,43.58,17.3025,8.42,9.4269,3230.89,2171.370117
2016-09-29,12.38,43.63,17.33,8.42,9.418,3244.387,2151.129883
2016-09-30,12.38,43.67,17.23,8.42,9.418,3253.284,2168.27002
2016-10-03,12.46,43.79,17.3,8.43,9.4451,3273.576,2161.199951
2016-10-04,12.49,43.75,17.35,8.51,9.5164,3283.722,2150.48999
2016-10-05,12.48,43.75,17.34,8.45,9.4541,3288.795,2159.72998
2016-10-06,12.46,43.61,17.32,8.41,9.4184,3291.3315,2160.77002
2016-10-07,12.38,43.05,17.24,8.38,9.3828,3292.59975,2153.73999
2016-10-10,12.43,43.19,17.14,8.45,9.4541,3293.868,2163.659912
2016-10-11,12.41,42.98,17.04,8.41,9.4184,3306.557,2136.72998
2016-10-12,12.35,42.83,17.1,8.4,9.4006,3300.009,2139.179932
2016-10-13,12.31,42.69,16.99,8.35,9.3472,3302.645,2132.550049
2016-10-14,12.38,43.02,16.9,8.44,9.4451,3305.848,2132.97998
2016-10-17,12.36,42.93,16.9,8.38,9.3739,3277.878,2126.5
2016-10-18,12.43,43.34,17.07,8.46,9.463,3321.332,2139.600098
2016-10-19,12.47,43.5,17.15,8.46,9.4719,3316.24,2144.290039
2016-10-20,12.48,43.54,17.19,8.5,9.5075,3318.604,2141.340088
2016-10-21,12.5,43.66,17.21,8.49,9.4986,3327.74,2141.159912
2016-10-24,12.53,43.72,17.23,8.48,9.4808,3367.577,2151.330078
2016-10-25,12.46,43.4,17.26,8.46,9.463,3367.454,2143.159912
2016-10-26,12.39,43.21,17.29,8.42,9.4184,3354.8,2139.429932
2016-10-27,12.38,43.04,17.14,8.43,9.4273,3345.695,2133.040039
2016-10-28,12.38,42.97,17.12,8.41,9.4184,3340.1262,2126.409912
2016-10-31,12.38,42.97,17.13,8.37,9.365,3336.2778,2126.149902
2016-11-01,12.32,42.67,17.14,8.32,9.303,3359.0516,2111.719971
2016-11-02,12.2,42.24,16.98,8.24,9.2137,3333.3524,2097.939941
2016-11-03,12.22,42.48,16.83,8.2,9.178,3365.0848,2088.659912
2016-11-04,12.07,42.01,16.89,8.13,9.0887,3354.1748,2085.179932
2016-11-07,12.18,42.37,17.04,8.24,9.2137,3356.5916,2131.52002
2016-11-08,12.2,42.43,17.03,8.26,9.2405,3371.1176,2139.560059
2016-11-09,12.24,42.81,16.5,8.31,9.2941,3353.0548,2163.26001
2016-11-10,12.22,42.89,16.79,8.23,9.1958,3390.6119,2167.47998
2016-11-11,12.17,42.91,16.35,8.18,9.1423,3417.2211,2164.449951
2016-11-14,12.17,42.94,16.29,8.13,9.0887,3430.2482,2164.199951
2016-11-15,12.27,43.22,16.4,8.18,9.1512,3429.8697,2180.389893
2016-11-16,12.24,43.22,16.49,8.16,9.1333,3429.5921,2176.939941
2016-11-17,12.29,43.48,16.54,8.21,9.178,3436.535,2187.120117
2016-11-18,12.31,43.51,16.51,8.18,9.1512,3417.4554,2181.899902
2016-11-21,12.28,43.58,16.62,8.19,9.1512,3441.1106,2198.179932
2016-11-22,12.34,43.67,16.76,8.2,9.1691,3468.3637,2202.939941
2016-11-23,12.3,43.68,16.81,8.17,9.1333,3474.7289,2204.719971
2016-11-24,12.32,43.74,16.75,8.19,9.1601,3488.7402,2209.0350345
2016-11-25,12.35,43.79,16.82,8.23,9.2048,3521.2984,2213.350098
2016-11-28,12.27,43.5,16.93,8.19,9.1601,3535.0807,2201.719971
2016-11-29,12.27,43.53,16.81,8.19,9.1512,3564.0404,2204.659912
2016-11-30,12.27,43.57,16.9,8.21,9.178,3538.001,2198.810059
2016-12-01,12.23,43.45,16.87,8.13,9.0799,3565.036,2191.080078
2016-12-02,12.17,43.29,16.77,8.12,9.071,3528.9547,2191.949951
2016-12-05,12.23,43.44,16.67,8.16,9.1247,3469.4073,2204.709961
2016-12-06,12.21,43.39,16.82,8.22,9.1874,3459.1533,2212.22998
2016-12-07,12.32,43.61,16.98,8.28,9.2501,3475.7473,2241.350098
2016-12-08,12.37,44,17.17,8.31,9.2859,3470.1426,2246.189941
2016-12-09,12.43,44.38,17.12,8.4,9.3754,3493.7004,2259.530029
2016-12-12,12.41,44.28,17.03,8.37,9.3575,3409.1794,2256.959961
2016-12-13,12.43,44.33,17.09,8.46,9.456,3405.0355,2271.719971
2016-12-14,12.44,44.32,17.09,8.42,9.4113,3378.9453,2253.280029
2016-12-15,12.5,44.64,17,8.48,9.4739,3340.4338,2262.030029
2016-12-16,12.49,44.56,16.96,8.5,9.4918,3346.0305,2258.070068
2016-12-19,12.53,44.67,16.84,8.52,9.5187,3328.9827,2262.530029
2016-12-20,12.52,44.67,16.83,8.55,9.5456,3309.0641,2270.76001
2016-12-21,12.52,44.65,16.8,8.54,9.5366,3338.536,2265.179932
2016-12-22,12.57,44.72,16.62,8.55,9.5456,3335.672,2260.959961
2016-12-23,12.6,44.74,16.56,8.58,9.5814,3307.5991,2263.790039
2016-12-26,12.6,44.78,16.61,8.58,9.5814,3322.4006,2266.334961
2016-12-27,12.63,44.82,16.635,8.6,9.5993,3316.3852,2268.879883
2016-12-28,12.68,45.12,16.66,8.6,9.5993,3301.8887,2249.919922
2016-12-29,12.71,45.05,16.62,8.61,9.6172,3297.7648,2249.26001
2016-12-30,12.76,45.23,16.75,8.62,9.6262,3310.0808,2238.830078
2017-01-02,12.85,45.68,16.75,8.68,9.6895,3326.154,2248.330078
2017-01-03,12.88,45.84,16.75,8.66,9.6715,3342.2272,2257.830078
2017-01-04,12.91,45.87,16.82,8.67,9.6715,3368.3117,2270.75
2017-01-05,12.96,46,17.11,8.67,9.6715,3367.7892,2269
2017-01-06,13,46.08,17.15,8.67,9.6715,3347.6665,2276.97998
2017-01-09,13.03,45.95,17.05,8.65,9.6536,3363.9014,2268.899902
2017-01-10,13.04,45.98,17.15,8.64,9.6446,3358.2716,2268.899902
2017-01-11,13.06,46.11,17.17,8.63,9.6446,3334.4954,2275.320068
2017-01-12,13.01,45.8,17.41,8.59,9.5817,3317.6241,2270.439941
2017-01-13,13.1,46.18,17.32,8.65,9.6536,3319.9122,2274.639893
2017-01-16,13.05,45.88,17.17,8.62,9.6176,3319.4455,2271.264893
2017-01-17,13,45.96,17.38,8.56,9.5548,3326.3563,2267.889893
2017-01-18,13.03,45.97,17.3,8.59,9.5907,3339.3653,2271.889893
2017-01-19,13,45.94,17.25,8.57,9.5727,3329.2891,2263.689941
2017-01-20,13,45.88,17.33,8.59,9.5907,3354.8891,2271.310059
2017-01-23,12.99,45.95,17.43,8.53,9.5189,3364.0808,2265.199951
2017-01-24,13.01,46.07,17.52,8.55,9.5368,3364.4509,2280.070068
2017-01-25,13.04,46.33,17.575,8.62,9.6176,3375.9042,2298.370117
2017-01-26,13.05,46.45,17.6025,8.63,9.6356,3387.9606,2296.679932
2017-01-27,13.09,46.49,17.61625,8.62,9.6266,3376.22645,2294.689941
2017-01-30,13,46.13,17.623125,8.55,9.5368,3370.359375,2280.899902
2017-01-31,13.01,46.11,17.6265625,8.51,9.4919,3367.4258375,2278.870117
2017-02-01,13.11,46.6,17.62828125,8.54,9.5297,3365.95906875,2279.550049
2017-02-02,13.14,46.53,17.63,8.55,9.5388,3365.225684375,2280.850098
2017-02-03,13.22,46.77,17.65,8.62,9.6108,3364.4923,2297.419922
2017-02-06,13.17,46.61,17.87,8.58,9.5658,3373.2051,2292.560059
2017-02-07,13.22,46.9,17.79,8.6,9.5928,3365.6849,2293.080078
2017-02-08,13.25,47.05,17.78,8.64,9.6288,3383.2878,2294.669922
2017-02-09,13.29,47.23,17.88,8.7,9.7099,3396.2924,2307.870117
2017-02-10,13.36,47.44,17.98,8.73,9.7279,3413.4868,2316.100098
2017-02-13,13.36,47.55,18.07,8.76,9.7639,3436.275,2328.25
2017-02-14,13.37,47.58,18.17,8.74,9.7459,3435.8042,2337.580078
2017-02-15,13.4,47.67,18.26,8.77,9.7819,3421.7131,2349.25
2017-02-16,13.38,47.5,18.22,8.76,9.7639,3440.9331,2347.219971
2017-02-17,13.37,47.49,18.17,8.81,9.818,3421.4419,2351.159912
2017-02-20,13.41,47.64,18.18,8.82,9.836,3471.3926,2358.2698975
2017-02-21,13.41,47.77,18.15,8.85,9.863,3482.823,2365.379883
2017-02-22,13.39,47.65,18.22,8.87,9.881,3489.7567,2362.820068
2017-02-23,13.33,47.51,18.29,8.87,9.89,3473.3236,2363.810059
2017-02-24,13.17,46.87,18.28,8.83,9.845,3473.8517,2367.340088
2017-02-27,13.2,46.87,18.22,8.82,9.836,3446.2228,2369.75
2017-02-28,13.22,46.86,18.19,8.84,9.854,3452.8103,2363.639893
2017-03-01,13.33,47.21,18.16,8.94,9.9642,3458.4376,2395.959961
2017-03-02,13.33,47.21,18.17,8.95,9.9733,3435.0963,2381.919922
2017-03-03,13.29,46.98,17.98,8.95,9.9823,3427.8628,2383.120117
2017-03-06,13.28,46.88,18.07,8.94,9.9642,3446.484,2375.310059
2017-03-07,13.28,46.87,18.11,8.93,9.9552,3453.9565,2368.389893
2017-03-08,13.31,46.94,18.13,8.92,9.9371,3448.7313,2362.97998
2017-03-09,13.29,46.78,17.96,8.94,9.9642,3426.9438,2364.870117
2017-03-10,13.36,46.8,17.93,8.95,9.9642,3427.8916,2372.600098
2017-03-13,13.41,47.14,18.09,8.97,9.9823,3458.098,2373.469971
2017-03-14,13.33,46.83,18.15,8.95,9.9733,3456.6934,2365.449951
2017-03-15,13.35,46.97,18.23,8.97,9.9913,3463.6436,2385.26001
2017-03-16,13.41,47.29,18.44,9.02,10.0365,3481.5066,2381.379883
2017-03-17,13.46,47.48,18.54,9.04,10.0636,3445.8051,2378.25
2017-03-20,13.46,47.42,18.65,9.04,10.0636,3449.6126,2373.469971
2017-03-21,13.36,47.11,18.75,9.01,10.0275,3466.3468,2344.02002
2017-03-22,13.27,46.8,18.64,8.98,9.9913,3450.0502,2348.449951
2017-03-23,13.37,47.22,18.66,9.04,10.0546,3461.9782,2345.959961
2017-03-24,13.41,47.28,18.61,9.03,10.0455,3489.5997,2343.97998
2017-03-27,13.36,47.06,18.72,9.03,10.0455,3478.0385,2341.590088
2017-03-28,13.36,47.03,18.68,9.06,10.0817,3469.8093,2358.570068
2017-03-29,13.32,46.89,18.68,9.09,10.1178,3465.1933,2361.129883
2017-03-30,13.38,47.26,18.66,9.11,10.1449,3436.758,2368.060059
2017-03-31,13.43,47.51,18.59,9.12,10.1539,3456.0455,2362.719971
2017-04-03,13.4,47.41,18.67,9.1,10.1195,3479.96935,2358.840088
2017-04-04,13.45,47.5,18.71,9.12,10.1467,3491.931275,2360.159912
2017-04-05,13.48,47.65,18.75,9.11,10.1467,3503.8932,2352.949951
2017-04-06,13.48,47.68,18.61,9.12,10.1467,3514.0469,2357.48999
2017-04-07,13.53,47.8,18.56,9.15,10.1829,3517.4634,2355.540039
2017-04-10,13.6,48.08,18.53,9.15,10.1739,3505.1392,2357.159912
2017-04-11,13.55,48,18.44,9.15,10.1829,3517.328,2353.780029
2017-04-12,13.61,48.23,18.47,9.18,10.2101,3509.4387,2344.929932
2017-04-13,13.62,48.28,18.57,9.16,10.192,3514.5662,2328.949951
2017-04-14,13.62,48.28,18.505,9.16,10.192,3486.5045,2338.9799805
2017-04-17,13.62,48.31,18.4725,9.16,10.192,3479.9417,2349.01001
2017-04-18,13.54,48.11,18.44,9.05,10.0833,3462.7429,2342.189941
2017-04-19,13.61,48.36,18.3,9.04,10.0561,3445.8761,2338.169922
2017-04-20,13.62,48.36,18.3,9.04,10.0561,3461.5481,2355.840088
2017-04-21,13.6,48.32,18.45,9.03,10.047,3466.7865,2348.689941
2017-04-24,13.79,48.71,18.5,9.22,10.2645,3431.2587,2374.149902
2017-04-25,13.87,48.86,18.76,9.22,10.2735,3440.9743,2388.610107
2017-04-26,13.9,49.12,18.88,9.24,10.2826,3445.1832,2387.449951
2017-04-27,13.93,49.27,18.81,9.23,10.2645,3446.7202,2388.77002
2017-04-28,13.98,49.42,18.83,9.22,10.2554,3439.753,2384.199951
2017-05-01,13.98,49.35,18.935,9.22,10.2572,3433.1648,2388.330078
2017-05-02,14.08,49.71,19.04,9.29,10.339,3426.5766,2391.169922
2017-05-03,14.07,49.67,19.02,9.3,10.339,3413.1282,2388.129883
2017-05-04,14.16,49.82,19,9.38,10.4298,3404.3864,2389.52002
2017-05-05,14.19,49.94,18.93,9.42,10.4753,3382.5502,2399.290039
2017-05-08,14.22,50.15,18.99,9.43,10.4843,3358.8125,2399.379883
2017-05-09,14.31,50.54,18.96,9.47,10.5207,3352.5324,2396.919922
2017-05-10,14.33,50.61,19.08,9.47,10.5298,3337.7007,2399.629883
2017-05-11,14.27,50.35,19.13,9.46,10.5207,3356.6459,2394.439941
2017-05-12,14.32,50.43,19.09,9.52,10.5843,3385.3787,2390.899902
2017-05-15,14.36,50.51,19.27,9.53,10.5934,3399.1937,2402.320068
2017-05-16,14.4,50.45,19.23,9.59,10.6479,3428.6491,2400.669922
2017-05-17,14.31,50.09,19.15,9.5,10.557,3409.9656,2357.030029
2017-05-18,14.23,49.88,19.03,9.45,10.4934,3398.1127,2365.719971
2017-05-19,14.37,50.27,19.03,9.5,10.557,3403.8492,2381.72998
2017-05-22,14.45,50.47,19.17,9.53,10.5843,3411.2387,2394.02002
2017-05-23,14.51,50.73,19.1,9.53,10.5934,3424.194,2398.419922
2017-05-24,14.57,50.93,19.15,9.53,10.5934,3424.1669,2404.389893
2017-05-25,14.6,50.97,19.33,9.54,10.6024,3485.6581,2415.070068
2017-05-26,14.62,50.95,19.28,9.55,10.6024,3480.4345,2415.820068
2017-05-29,14.63,51,19.23,9.54,10.6024,3486.6595,2414.36499
2017-05-30,14.6,50.89,19.205,9.53,10.5843,3489.772,2412.909912
2017-05-31,14.61,50.9,19.18,9.56,10.6206,3492.8845,2411.800049
2017-06-01,14.7,51.22,19.23,9.6,10.6589,3497.7382,2430.060059
2017-06-02,14.74,51.27,19.31,9.64,10.7135,3486.5074,2439.070068
2017-06-05,14.69,51.14,19.46,9.61,10.6771,3468.7538,2436.100098
2017-06-06,14.59,50.76,19.39,9.59,10.6498,3492.8816,2429.330078
2017-06-07,14.58,50.82,19.41,9.56,10.6224,3533.8718,2433.139893
2017-06-08,14.59,50.87,19.5,9.54,10.5951,3560.9786,2433.790039
2017-06-09,14.61,50.74,19.48,9.6,10.668,3576.1703,2431.77002
2017-06-12,14.45,50.06,19.32,9.54,10.5951,3574.3894,2429.389893
2017-06-13,14.57,50.63,19.29,9.57,10.6316,3582.2674,2440.350098
2017-06-14,14.63,50.78,19.19,9.59,10.6498,3535.2987,2437.919922
2017-06-15,14.47,50.37,19.19,9.54,10.586,3528.7926,2432.459961
2017-06-16,14.55,50.58,19.22,9.6,10.6589,3518.7611,2433.149902
2017-06-19,14.6,50.78,19.4,9.67,10.7409,3553.6653,2453.459961
2017-06-20,14.59,50.61,19.46,9.66,10.7227,3546.494,2437.030029
2017-06-21,14.53,50.44,19.46,9.62,10.6862,3587.955,2435.610107
2017-06-22,14.52,50.39,19.54,9.61,10.6771,3590.3425,2434.5
2017-06-23,14.54,50.47,19.55,9.58,10.6407,3622.8831,2438.300049
2017-06-26,14.54,50.47,19.78,9.61,10.6771,3668.0919,2439.070068
2017-06-27,14.45,50,19.76,9.53,10.5769,3674.7152,2419.379883
2017-06-28,14.4,49.95,19.53,9.5,10.5405,3646.1666,2440.689941
2017-06-29,14.3,49.59,19.57,9.39,10.4129,3668.8279,2419.699951
2017-06-30,14.32,49.7,19.48,9.35,10.3674,3666.7977,2423.409912
2017-07-03,14.33,49.76,19.52,9.42,10.4605,3650.8463,2429.01001
2017-07-04,14.29,49.62,19.42,9.39,10.424,3619.9841,2430.7750245
2017-07-05,14.34,49.82,19.5,9.4,10.424,3659.6795,2432.540039
2017-07-06,14.27,49.49,19.44,9.34,10.36,3660.0967,2409.75
2017-07-07,14.29,49.49,19.36,9.36,10.3783,3655.9293,2425.179932
2017-07-10,14.28,49.45,19.37,9.39,10.4149,3653.6868,2427.429932
2017-07-11,14.2,49.03,19.63,9.35,10.3692,3670.8086,2425.530029
2017-07-12,14.3,49.51,19.74,9.47,10.5062,3658.8236,2443.25
2017-07-13,14.33,49.75,19.87,9.47,10.5062,3686.9205,2447.830078
2017-07-14,14.34,49.84,19.84,9.47,10.5154,3703.094,2459.27002
2017-07-17,14.38,49.96,19.84,9.47,10.5062,3663.5575,2459.139893
2017-07-18,14.42,49.85,19.99,9.41,10.4423,3667.1807,2460.610107
2017-07-19,14.49,50.23,20,9.43,10.4788,3729.7466,2473.830078
2017-07-20,14.53,50.04,19.99,9.48,10.5154,3747.8843,2473.449951
2017-07-21,14.45,49.73,19.95,9.41,10.4423,3728.5976,2472.540039
2017-07-24,14.4,49.69,20.07,9.34,10.3692,3743.4686,2469.909912
2017-07-25,14.45,49.86,20.09,9.35,10.3783,3719.559,2477.129883
2017-07-26,14.46,49.9,20.02,9.39,10.4149,3705.3884,2477.830078
2017-07-27,14.54,50.1,20.24,9.37,10.4057,3712.1947,2475.419922
2017-07-28,14.47,49.77,20.06,9.3,10.3235,3721.8914,2472.100098
2017-07-31,14.49,49.77,20.1,9.29,10.3052,3737.8732,2470.300049
2017-08-01,14.57,50.09,20.18,9.34,10.362,3770.3828,2476.350098
2017-08-02,14.57,49.98,20.38,9.32,10.3529,3760.8525,2477.570068
2017-08-03,14.59,49.89,20.3,9.34,10.3712,3727.8264,2472.159912
2017-08-04,14.63,50.13,20.39,9.39,10.4262,3707.5796,2476.830078
2017-08-07,14.64,50.06,20.44,9.38,10.4078,3726.7948,2480.909912
2017-08-08,14.64,50.1,20.43,9.38,10.417,3732.2129,2474.919922
2017-08-09,14.56,49.84,20.23,9.34,10.362,3731.044,2474.02002
2017-08-10,14.44,49.42,19.97,9.27,10.2887,3715.9208,2438.209961
2017-08-11,14.31,48.85,19.96,9.22,10.2246,3647.3503,2441.320068
2017-08-14,14.47,49.43,19.82,9.29,10.3071,3694.6831,2465.840088
2017-08-15,14.5,49.52,19.97,9.3,10.3254,3706.0566,2464.610107
2017-08-16,14.61,49.96,19.92,9.34,10.362,3701.4207,2468.110107
2017-08-17,14.57,49.81,20.06,9.31,10.3346,3721.277,2430.01001
2017-08-18,14.49,49.48,19.96,9.25,10.2613,3724.6748,2425.550049
2017-08-21,14.48,49.39,19.99,9.23,10.2521,3740.9941,2428.370117
2017-08-22,14.52,49.54,20.06,9.3,10.3254,3752.298,2452.51001
2017-08-23,14.5,49.33,20.19,9.29,10.2979,3756.0884,2444.040039
2017-08-24,14.48,49.31,20.32,9.29,10.3162,3734.6458,2438.969971
2017-08-25,14.5,49.38,20.37,9.28,10.2979,3795.7544,2443.050049
2017-08-28,14.42,49,20.39,9.23,10.2521,3842.7119,2444.23999
2017-08-29,14.34,48.67,20.28,9.18,10.188,3834.5376,2446.300049
2017-08-30,14.43,49.09,20.45,9.22,10.2429,3834.3005,2457.590088
2017-08-31,14.54,49.51,20.46,9.29,10.3071,3822.0928,2471.649902
2017-09-01,14.63,49.93,20.53,9.31,10.3365,3830.5383,2476.550049
2017-09-04,14.57,49.64,20.48,9.28,10.2905,3845.6163,2467.2000735
2017-09-05,14.58,49.76,20.55,9.26,10.2722,3857.0464,2457.850098
2017-09-06,14.57,49.76,20.45,9.28,10.2905,3849.4499,2465.540039
2017-09-07,14.66,49.9,20.44,9.32,10.3365,3829.8713,2465.100098
2017-09-08,14.65,50.01,20.58,9.31,10.3273,3825.9895,2461.429932
2017-09-11,14.77,50.48,20.49,9.4,10.4192,3825.6453,2488.110107
2017-09-12,14.8,50.7,20.54,9.41,10.4375,3837.9341,2496.47998
2017-09-13,14.82,50.77,20.4,9.41,10.4375,3842.6061,2498.370117
2017-09-14,14.86,51.16,20.42,9.38,10.41,3829.9554,2495.620117
2017-09-15,14.83,51.15,20.55,9.33,10.3457,3831.2965,2500.22998
2017-09-18,14.86,51.16,20.61,9.37,10.3824,3843.1428,2503.870117
2017-09-19,14.88,51.19,20.49,9.38,10.3916,3832.1161,2506.649902
2017-09-20,14.86,51.14,20.36,9.37,10.3824,3842.4353,2508.23999
2017-09-21,14.88,51.29,20.43,9.37,10.3916,3837.8176,2500.600098
2017-09-22,14.91,51.28,20.18,9.38,10.41,3837.7304,2502.219971
2017-09-25,14.91,51.4,19.94,9.4,10.4283,3817.7915,2496.659912
2017-09-26,14.87,51.35,19.8,9.4,10.4283,3820.7816,2496.840088
2017-09-27,14.93,51.55,19.95,9.41,10.4375,3821.2,2507.040039
2017-09-28,15.07,51.98,19.93,9.43,10.4559,3822.5386,2510.060059
2017-09-29,15.17,52.2,20.04,9.48,10.511,3836.5013,2519.360107
2017-10-02,15.26,52.5,20.12,9.54,10.5774,3859.35445,2529.120117
2017-10-03,15.32,52.68,20.2,9.56,10.5958,3870.781025,2534.580078
2017-10-04,15.33,52.75,20.26,9.55,10.5958,3876.4943125,2537.73999
2017-10-05,15.36,52.74,20.29,9.59,10.6327,3879.35095625,2552.070068
2017-10-06,15.36,52.63,20.32,9.59,10.6234,3880.779278125,2549.330078
2017-10-09,15.37,52.71,20.44,9.61,10.6603,3882.2076,2544.72998
2017-10-10,15.36,52.69,20.5,9.61,10.6511,3889.8637,2550.639893
2017-10-11,15.41,52.75,20.56,9.63,10.6695,3902.6868,2555.23999
2017-10-12,15.49,52.96,20.72,9.65,10.6879,3912.9536,2550.929932
2017-10-13,15.48,53.1,20.81,9.63,10.6695,3921.0017,2553.169922
2017-10-16,15.46,53.1,20.88,9.62,10.6695,3913.4462,2557.639893
2017-10-17,15.39,52.78,20.77,9.62,10.6695,3913.0688,2559.360107
2017-10-18,15.42,52.82,20.7,9.66,10.7064,3944.1626,2561.26001
2017-10-19,15.29,52.27,20.76,9.63,10.6695,3931.2495,2562.100098
2017-10-20,15.29,52.33,20.68,9.64,10.6787,3926.852,2575.209961
2017-10-23,15.31,52.45,20.76,9.64,10.6879,3930.7981,2564.97998
2017-10-24,15.31,52.31,20.78,9.61,10.6511,3959.3953,2569.129883
2017-10-25,15.32,52.35,20.84,9.54,10.5774,3976.949,2557.149902
2017-10-26,15.37,52.59,20.89,9.66,10.7064,3993.5752,2560.399902
2017-10-27,15.41,52.86,20.72,9.7,10.7617,4021.9676,2581.070068
2017-10-30,15.5,53.17,20.82,9.71,10.7709,4009.7218,2572.830078
2017-10-31,15.57,53.41,20.93,9.73,10.7801,4006.7179,2575.26001
2017-11-01,15.57,53.47,21.03,9.76,10.8189,3996.6221,2579.360107
2017-11-02,15.5,52.92,21.03,9.75,10.8189,3997.1343,2579.850098
2017-11-03,15.6,53.35,21.09,9.77,10.8374,3992.6979,2587.840088
2017-11-06,15.62,53.55,21.06,9.77,10.8374,4020.8896,2591.129883
2017-11-07,15.54,53.32,21.15,9.72,10.7819,4054.2465,2590.639893
2017-11-08,15.49,53.09,21.18,9.75,10.8096,4048.0057,2594.379883
2017-11-09,15.31,52.38,21.02,9.66,10.708,4075.8998,2584.620117
2017-11-10,15.25,52.28,21.01,9.61,10.6618,4111.9112,2582.300049
2017-11-13,15.13,51.67,20.87,9.59,10.6341,4128.0733,2584.840088
2017-11-14,15.11,51.38,20.9,9.56,10.6064,4099.351,2578.870117
2017-11-15,14.98,50.9,20.82,9.52,10.551,4073.6696,2564.620117
2017-11-16,15.14,51.53,20.9,9.57,10.6064,4105.0122,2585.639893
2017-11-17,15.14,51.49,21.02,9.53,10.5787,4120.8508,2578.850098
2017-11-20,15.22,51.88,21,9.58,10.6249,4143.8334,2582.139893
2017-11-21,15.29,52.17,21.18,9.63,10.6803,4217.7015,2599.030029
2017-11-22,15.31,52.26,21.4,9.6,10.6433,4227.5666,2597.080078
2017-11-23,15.34,52.28,21.52,9.6,10.6433,4102.3966,2599.75
2017-11-24,15.31,52.05,21.47,9.6,10.6433,4104.2034,2602.419922
2017-11-27,15.28,51.96,21.35,9.56,10.6064,4049.9475,2601.419922
2017-11-28,15.37,52.17,21.27,9.64,10.6895,4055.8235,2627.040039
2017-11-29,15.38,52.47,21.26,9.62,10.6711,4053.7529,2626.070068
2017-11-30,15.4,52.5,21.03,9.61,10.6618,4006.0993,2647.580078
2017-12-01,15.35,52.37,20.97,9.55,10.5896,3998.1365,2642.219971
2017-12-04,15.38,52.5,20.94,9.64,10.6822,4018.8571,2639.439941
2017-12-05,15.33,52.41,20.83,9.61,10.6544,4040.1704,2629.570068
2017-12-06,15.25,52.06,20.49,9.62,10.6637,4015.8211,2629.27002
2017-12-07,15.32,52.3,20.51,9.61,10.6544,3971.0569,2636.97998
2017-12-08,15.43,52.66,20.63,9.64,10.6915,4003.3792,2651.5
2017-12-11,15.45,52.61,20.79,9.66,10.7007,4069.4997,2659.98999
2017-12-12,15.49,52.9,20.72,9.7,10.7563,4016.0163,2664.110107
2017-12-13,15.46,52.77,20.72,9.68,10.7193,4050.0927,2662.850098
2017-12-14,15.48,52.89,20.79,9.62,10.6729,4026.1516,2652.01001
2017-12-15,15.44,52.56,20.7,9.63,10.6729,3980.8558,2675.810059
2017-12-18,15.53,52.98,20.69,9.71,10.7656,3985.2914,2690.159912
2017-12-19,15.55,52.92,20.63,9.68,10.7285,4035.3294,2681.469971
2017-12-20,15.5,52.67,20.73,9.62,10.6637,4030.4898,2679.25
2017-12-21,15.53,52.77,20.67,9.67,10.7193,4067.8485,2684.570068
2017-12-22,15.54,52.93,20.77,9.66,10.7007,4054.5984,2683.340088
2017-12-26,15.56,52.92,20.725,9.66,10.71,4053.6224,2680.5
2017-12-27,15.63,53.19,20.68,9.68,10.7193,3991.2075,2682.620117
2017-12-28,15.66,53.22,20.89,9.67,10.71,4018.8974,2687.540039
2017-12-29,15.71,53.39,21.09,9.67,10.71,4030.8549,2673.610107
2018-01-02,15.77,53.62,21.27,9.64,10.684,4087.4012,2695.810059
2018-01-03,15.9,54.01,21.48,9.68,10.7304,4111.3925,2713.060059
2018-01-04,16.05,54.45,21.58,9.73,10.7955,4128.8119,2723.98999
2018-01-05,16.09,54.71,21.67,9.81,10.8791,4138.7505,2743.149902
2018-01-08,16.15,55.04,21.63,9.81,10.8884,4160.1595,2747.709961
2018-01-09,16.25,55.39,21.56,9.86,10.9255,4189.2977,2751.290039
2018-01-10,16.2,55.17,21.45,9.82,10.8977,4207.8132,2748.22998
2018-01-11,16.23,55.14,21.42,9.81,10.8791,4205.5863,2767.560059
2018-01-12,16.29,55.34,21.55,9.83,10.8977,4225.001,2786.23999
2018-01-15,16.31,55.3,21.75,9.81,10.8791,4225.2393,2781.329956
2018-01-16,16.33,55.36,21.75,9.81,10.8884,4258.473,2776.419922
2018-01-17,16.3,55.4,21.76,9.82,10.8884,4248.1164,2802.560059
2018-01-18,16.31,55.49,21.84,9.82,10.8977,4271.4168,2798.030029
2018-01-19,16.38,55.66,22.05,9.89,10.9627,4285.395,2810.300049
2018-01-22,16.48,56.1,22.21,9.89,10.972,4336.5974,2832.969971
2018-01-23,16.55,56.28,22.22,9.9,10.9813,4382.6129,2839.129883
2018-01-24,16.48,56.18,22.17,9.83,10.907,4389.8853,2837.540039
2018-01-25,16.46,56.03,22.2,9.77,10.8326,4365.0794,2839.25
2018-01-26,16.56,56.44,22.23,9.81,10.8884,4381.2996,2872.870117
2018-01-29,16.54,56.35,22.25,9.8,10.8605,4302.0181,2853.530029
2018-01-30,16.35,55.72,22.06,9.71,10.7676,4256.1021,2822.429932
2018-01-31,16.35,55.71,22.14,9.68,10.7304,4275.8986,2823.810059
2018-02-01,16.38,55.8,22.1,9.62,10.6607,4245.8978,2821.97998
2018-02-02,16.19,55.01,22.02,9.53,10.5675,4271.2326,2762.129883
2018-02-05,15.91,53.92,21.7,9.41,10.4371,4274.1464,2648.939941
2018-02-06,15.58,52.78,20.92,9.15,10.1575,4148.8856,2695.139893
2018-02-07,15.85,53.74,21.18,9.32,10.3439,4050.4972,2681.659912
2018-02-08,15.61,53.01,21.07,9.17,10.1762,4012.0472,2581
2018-02-09,15.49,52.47,20.82,9.07,10.0643,3840.6527,2619.550049
2018-02-12,15.69,53.12,20.92,9.18,10.1948,3890.1046,2656
2018-02-13,15.64,52.87,21.18,9.12,10.1296,3935.6324,2662.939941
2018-02-14,15.8,53.45,21.31,9.2,10.2134,3966.9614,2698.629883
2018-02-15,15.89,53.74,21.375,9.24,10.2507,4009.8473,2731.199951
2018-02-16,16.03,54.33,21.4075,9.33,10.3532,4031.29025,2732.219971
2018-02-19,15.93,53.96,21.42375,9.27,10.2973,4042.011725,2724.2399905
2018-02-20,16.01,54.26,21.431875,9.31,10.3253,4047.3724625,2716.26001
2018-02-21,16.01,54.26,21.44,9.32,10.3439,4050.05283125,2701.330078
2018-02-22,15.98,54.07,21.27,9.33,10.3532,4052.7332,2703.959961
2018-02-23,15.95,54.08,21.42,9.37,10.3905,4071.0889,2747.300049
2018-02-26,16,54.2,21.53,9.42,10.4464,4118.4186,2779.600098
2018-02-27,16.01,54.28,21.53,9.37,10.3998,4058.9806,2744.280029
2018-02-28,15.94,53.92,21.485,9.32,10.3346,4023.6415,2713.830078
2018-03-01,15.78,53.32,21.44,9.23,10.2366,4049.0863,2677.669922
2018-03-02,15.64,52.64,21.36,9.07,10.059,4016.461,2691.25
2018-03-05,15.79,53.2,21.22,9.15,10.1525,4018.097,2720.939941
2018-03-06,15.89,53.42,21.36,9.17,10.1712,4066.5647,2728.120117
2018-03-07,15.92,53.51,21.36,9.19,10.1992,4036.6536,2726.800049
2018-03-08,16.07,54.08,21.45,9.3,10.3114,4077.6001,2738.969971
2018-03-09,16.16,54.45,21.46,9.31,10.3301,4108.8652,2786.570068
2018-03-12,16.21,54.67,21.71,9.34,10.3581,4127.6662,2783.02002
2018-03-13,16.11,54.29,21.89,9.25,10.2646,4091.2533,2765.310059
2018-03-14,16.09,54.27,21.84,9.22,10.2366,4073.3447,2749.47998
2018-03-15,16.14,54.5,21.93,9.25,10.2646,4096.1627,2747.330078
2018-03-16,16.12,54.45,21.94,9.26,10.274,4056.4226,2752.01001
2018-03-19,16.01,54.12,21.98,9.17,10.1712,4074.2479,2712.919922
2018-03-20,16.05,54.31,21.94,9.18,10.1992,4077.7041,2716.939941
2018-03-21,16.02,54.29,21.95,9.16,10.1712,4061.0502,2711.929932
2018-03-22,15.8,53.51,21.94,9.04,10.0309,4020.349,2643.689941
2018-03-23,15.66,52.96,21.63,8.99,9.9842,3904.9355,2588.26001
2018-03-26,15.63,52.82,21.78,8.93,9.9094,3879.893,2658.550049
2018-03-27,15.75,53.19,21.92,9.05,10.0403,3913.2689,2612.620117
2018-03-28,15.61,52.68,21.75,9.12,10.1244,3842.7155,2605
2018-03-29,15.61,52.68,21.77,9.15,10.1525,3894.0498,2640.870117
2018-03-30,15.63,52.67,21.795,9.16,10.1618,3898.4977,2611.375
2018-04-02,15.5,52.26,21.8075,9.06,10.0635,3886.9189,2581.879883
2018-04-03,15.65,52.91,21.82,9.1,10.101,3862.4796,2614.449951
2018-04-04,15.51,52.37,21.855,9.08,10.0823,3854.8625,2644.689941
2018-04-05,15.76,53.23,21.8725,9.26,10.2886,3853.89585,2662.840088
2018-04-06,15.74,53.18,21.88125,9.25,10.2699,3853.412525,2604.469971
2018-04-09,15.73,53.13,21.89,9.27,10.2886,3852.9292,2613.159912
2018-04-10,15.79,53.36,21.95,9.34,10.373,3927.1729,2656.870117
2018-04-11,15.79,53.3,22.06,9.3,10.3168,3938.3434,2642.189941
2018-04-12,15.86,53.69,21.97,9.32,10.3543,3898.6354,2663.98999
2018-04-13,15.9,53.78,22.02,9.33,10.373,3871.1443,2656.300049
2018-04-16,15.89,53.73,22.03,9.31,10.3355,3808.863,2677.840088
2018-04-17,15.99,54.09,21.87,9.37,10.4012,3748.6412,2706.389893
2018-04-18,16.06,54.17,22.05,9.41,10.4481,3766.282,2708.639893
2018-04-19,16.15,54.5,22.26,9.38,10.4105,3811.843,2693.129883
2018-04-20,16.17,54.44,21.88,9.38,10.4199,3760.8543,2670.139893
2018-04-23,16.21,54.57,21.63,9.4,10.4387,3766.3257,2670.290039
2018-04-24,16.12,54.26,21.39,9.41,10.4574,3843.4886,2634.560059
2018-04-25,16,53.86,21.27,9.36,10.4012,3828.7015,2639.399902
2018-04-26,16.12,54.32,21.19,9.48,10.5231,3755.4941,2666.939941
2018-04-27,16.21,54.46,21.4,9.57,10.6169,3756.8765,2669.909912
2018-04-30,16.25,54.57,21.52,9.6,10.6544,3760.2613,2648.050049
2018-05-01,16.23,54.44,21.525,9.54,10.584,3761.9537,2654.800049
2018-05-02,16.39,55.02,21.53,9.62,10.6781,3763.6461,2635.669922
2018-05-03,16.33,54.78,21.42,9.57,10.6311,3793.0001,2629.72998
2018-05-04,16.39,55.04,21.46,9.62,10.6781,3774.5981,2663.419922
2018-05-07,16.52,55.56,21.59,9.7,10.7628,3834.1877,2672.629883
2018-05-08,16.57,55.79,21.68,9.68,10.7534,3878.6767,2671.919922
2018-05-09,16.63,56.17,21.65,9.73,10.8004,3871.6152,2697.790039
2018-05-10,16.68,56.15,21.78,9.76,10.8286,3893.0565,2723.070068
2018-05-11,16.71,56.28,21.9,9.75,10.8192,3872.8383,2727.719971
2018-05-14,16.74,56.37,22.15,9.74,10.8098,3909.2933,2730.129883
2018-05-15,16.64,56.09,22.05,9.75,10.8192,3924.0975,2711.449951
2018-05-16,16.71,56.5,22.08,9.73,10.8004,3892.8442,2722.459961
2018-05-17,16.88,57.04,21.89,9.8,10.8757,3864.0507,2720.129883
2018-05-18,16.85,56.94,21.86,9.8,10.8757,3903.0637,2712.969971
2018-05-21,16.93,57.21,21.95,9.85,10.9321,3921.2421,2733.01001
2018-05-22,16.95,57.32,21.915,9.85,10.9321,3906.2081,2724.439941
2018-05-23,16.85,56.99,21.88,9.75,10.8192,3854.5825,2733.290039
2018-05-24,16.86,57,22.07,9.69,10.7628,3827.217,2727.76001
2018-05-25,16.86,57.06,22.11,9.68,10.7534,3816.498,2721.330078
2018-05-28,16.78,56.82,22.17,9.66,10.7251,3833.2599,2705.5950925
2018-05-29,16.63,56.34,22.04,9.55,10.6028,3804.0093,2689.860107
2018-05-30,16.67,56.38,21.83,9.58,10.6499,3723.3724,2724.01001
2018-05-31,16.74,56.56,21.97,9.54,10.5934,3802.3759,2705.27002
2018-06-01,16.8,56.83,22.09,9.61,10.6644,3770.5891,2734.620117
2018-06-04,16.94,57.24,22.45,9.66,10.7305,3807.5781,2746.870117
2018-06-05,16.98,57.47,22.34,9.62,10.6833,3845.3164,2748.800049
2018-06-06,17.03,57.5,22.56,9.61,10.6644,3837.3511,2772.350098
2018-06-07,17.05,57.48,22.6,9.61,10.6738,3831.0128,2770.370117
2018-06-08,17.04,57.48,22.38,9.58,10.6455,3779.6159,2779.030029
2018-06-11,17.13,57.72,22.39,9.66,10.7305,3779.9818,2782
2018-06-12,17.13,57.81,22.39,9.65,10.721,3825.9534,2786.850098
2018-06-13,17.11,57.71,22.44,9.64,10.7116,3788.3391,2775.629883
2018-06-14,17.2,58.26,22.26,9.73,10.806,3773.3655,2782.48999
2018-06-15,17.04,57.56,22.35,9.65,10.721,3753.4338,2779.659912
2018-06-18,17.03,57.45,22.14,9.59,10.655,3687.2752,2773.75
2018-06-19,16.89,56.92,21.93,9.56,10.6266,3621.1166,2762.590088
2018-06-20,16.98,57.24,22.03,9.57,10.6361,3635.4436,2767.320068
2018-06-21,16.87,56.89,21.96,9.5,10.5511,3592.965,2749.76001
2018-06-22,17.01,57.31,21.9,9.63,10.7116,3608.9046,2754.879883
2018-06-25,16.8,56.47,21.8,9.5,10.5511,3560.4777,2717.070068
2018-06-26,16.84,56.62,21.66,9.48,10.5417,3531.1112,2723.060059
2018-06-27,16.86,56.67,21.62,9.57,10.6361,3459.2621,2699.629883
2018-06-28,16.73,56.13,21.53,9.53,10.5983,3423.5255,2716.310059
2018-06-29,16.85,56.51,21.87,9.59,10.655,3510.9845,2718.370117
2018-07-02,16.78,56.3,21.705,9.52,10.5841,3407.9638,2726.709961
2018-07-03,16.85,56.61,21.54,9.62,10.6883,3409.2801,2713.219971
2018-07-04,16.78,56.48,21.55,9.63,10.7072,3363.7473,2724.915039
2018-07-05,16.8,56.43,21.35,9.66,10.7451,3342.4379,2736.610107
2018-07-06,16.86,56.62,21.44,9.67,10.7546,3365.1227,2759.820068
2018-07-09,16.86,56.54,21.77,9.74,10.8208,3459.1837,2784.169922
2018-07-10,17.02,57.17,21.9,9.78,10.8682,3467.5155,2793.840088
2018-07-11,16.89,56.66,21.7,9.68,10.764,3407.5297,2774.02002
2018-07-12,16.94,56.83,21.8,9.74,10.8303,3481.0559,2798.290039
2018-07-13,16.93,56.8,21.9,9.75,10.8492,3492.6897,2801.310059
2018-07-16,16.91,56.72,21.85,9.7,10.7924,3472.0859,2798.429932
2018-07-17,17.01,57.03,21.86,9.74,10.8303,3449.3773,2809.550049
2018-07-18,17.08,57.13,21.8,9.77,10.8682,3431.3227,2815.620117
2018-07-19,17.06,56.99,21.74,9.77,10.8682,3428.343,2804.48999
2018-07-20,17.01,56.83,21.78,9.77,10.8682,3492.8938,2801.830078
2018-07-23,16.98,56.75,21.8,9.75,10.8398,3525.7503,2806.97998
2018-07-24,17.06,57.09,21.8,9.77,10.8682,3581.7057,2820.399902
2018-07-25,17.03,57.06,21.86,9.75,10.8492,3577.7522,2846.070068
2018-07-26,17.04,57.12,21.96,9.8,10.8966,3536.2456,2837.439941
2018-07-27,17.08,57.22,22.01,9.85,10.9534,3521.2269,2818.820068
2018-07-30,16.99,56.88,21.89,9.83,10.925,3515.0794,2802.600098
2018-07-31,16.97,56.79,21.84,9.85,10.9439,3517.6568,2816.290039
2018-08-01,16.93,56.75,21.91,9.77,10.8634,3447.3882,2813.360107
2018-08-02,16.83,56.35,21.63,9.74,10.8254,3370.9579,2827.219971
2018-08-03,16.9,56.61,21.79,9.8,10.9014,3315.2839,2840.350098
2018-08-06,16.89,56.54,21.93,9.81,10.9108,3273.2728,2850.399902
2018-08-07,16.91,56.53,21.92,9.87,10.9773,3368.8695,2858.449951
2018-08-08,16.9,56.34,21.93,9.87,10.9678,3314.5075,2857.699951
2018-08-09,16.96,56.6,21.82,9.88,10.9773,3397.5298,2853.580078
2018-08-10,16.85,56.43,21.71,9.78,10.8634,3405.0191,2833.280029
2018-08-13,16.78,56.19,21.2,9.77,10.8539,3390.3441,2821.929932
2018-08-14,16.71,56.03,21.37,9.71,10.7969,3372.9137,2839.959961
2018-08-15,16.51,55.25,21.18,9.63,10.7019,3291.976,2818.370117
2018-08-16,16.59,55.44,21.15,9.63,10.7019,3276.7276,2840.689941
2018-08-17,16.58,55.38,21.17,9.65,10.7304,3229.6198,2850.129883
2018-08-20,16.65,55.56,21.11,9.71,10.7969,3267.2498,2857.050049
2018-08-21,16.76,55.86,21.26,9.73,10.8254,3326.6489,2862.959961
2018-08-22,16.8,55.96,21.22,9.78,10.8729,3307.9545,2861.820068
2018-08-23,16.84,56,21.27,9.8,10.8824,3320.0257,2856.97998
2018-08-24,16.9,56.12,21.2,9.8,10.9014,3325.3347,2874.689941
2018-08-27,17.04,56.52,21.36,9.88,10.9868,3406.5735,2896.73999
2018-08-28,17,56.25,21.47,9.84,10.9488,3400.1705,2897.52002
2018-08-29,16.97,56.35,21.64,9.83,10.9298,3386.5736,2914.040039
2018-08-30,16.92,56.3,21.6,9.8,10.9014,3351.0942,2901.129883
2018-08-31,16.93,56.39,21.65,9.73,10.8159,3334.5036,2901.52002
2018-09-03,16.94,56.27,21.49,9.74,10.8399,3321.8248,2899.1199955
2018-09-04,16.81,55.86,21.57,9.69,10.7732,3363.8984,2896.719971
2018-09-05,16.75,55.65,21.46,9.57,10.6494,3298.1412,2888.600098
2018-09-06,16.69,55.46,21.39,9.54,10.6113,3262.8808,2878.050049
2018-09-07,16.68,55.59,21.23,9.53,10.5922,3277.6438,2871.679932
2018-09-10,16.7,55.69,20.93,9.56,10.6399,3230.0681,2877.129883
2018-09-11,16.71,55.76,21.04,9.57,10.6399,3224.2116,2887.889893
2018-09-12,16.72,55.83,20.94,9.65,10.7256,3202.0248,2888.919922
2018-09-13,16.69,55.72,20.96,9.59,10.6684,3236.5662,2904.179932
2018-09-14,16.75,55.88,21.18,9.63,10.7065,3242.0902,2904.97998
2018-09-17,16.72,55.89,21.12,9.6,10.6875,3204.9224,2888.800049
2018-09-18,16.72,55.89,21.06,9.62,10.697,3269.4319,2904.310059
2018-09-19,16.7,55.88,21.19,9.6,10.678,3312.4823,2907.949951
2018-09-20,16.74,55.98,21.12,9.67,10.7542,3310.1258,2930.75
2018-09-21,16.79,55.95,21.34,9.74,10.8304,3410.4856,2929.669922
2018-09-24,16.7,55.65,21.33,9.72,10.8113,3395.14495,2919.370117
2018-09-25,16.73,55.77,21.325,9.8,10.897,3379.8043,2915.560059
2018-09-26,16.74,55.84,21.32,9.83,10.9256,3417.2413,2905.969971
2018-09-27,16.7,55.8,21.47,9.88,10.9923,3403.5902,2914
2018-09-28,16.63,55.61,21.44,9.83,10.9256,3438.8649,2913.97998
2018-10-01,16.71,55.96,21.35,9.86,10.9688,3364.88185,2924.590088
2018-10-02,16.62,55.56,21.26,9.82,10.9115,3327.890325,2923.429932
2018-10-03,16.66,55.74,21.14,9.85,10.9401,3309.3945625,2925.51001
2018-10-04,16.48,55.17,20.83,9.72,10.8159,3300.14668125,2901.610107
2018-10-05,16.27,54.56,20.54,9.65,10.7299,3295.522740625,2885.570068
2018-10-08,16,53.62,20.4,9.55,10.6153,3290.8988,2884.429932
2018-10-09,15.91,53.43,20.41,9.57,10.6344,3288.6906,2880.340088
2018-10-10,15.61,52.39,19.865,9.47,10.5293,3281.5978,2785.679932
2018-10-11,15.28,51.2,19.32,9.27,10.3095,3124.1139,2728.370117
2018-10-12,15.4,51.64,19.8,9.25,10.2809,3170.7262,2767.129883
2018-10-15,15.36,51.47,19.51,9.28,10.3191,3126.4516,2750.790039
2018-10-16,15.58,52.31,19.61,9.42,10.4624,3100.9738,2809.919922
2018-10-17,15.61,52.38,19.59,9.38,10.4242,3118.2463,2809.209961
2018-10-18,15.57,52.18,19.57,9.35,10.386,3044.3918,2768.780029
2018-10-19,15.44,51.68,19.54,9.38,10.4242,3134.9455,2767.780029
2018-10-22,15.37,51.44,19.66,9.32,10.3573,3270.2732,2755.879883
2018-10-23,14.97,50.07,19.32,9.17,10.1949,3183.4257,2740.689941
2018-10-24,15,50.24,19.34,9.2,10.2331,3188.2018,2656.100098
2018-10-25,15.02,50.23,18.99,9.23,10.2713,3194.3084,2705.570068
2018-10-26,14.91,49.82,18.9,9.15,10.1758,3173.635,2658.689941
2018-10-29,15.04,50.2,18.96,9.2,10.2235,3076.8889,2641.25
2018-10-30,14.98,49.89,19.02,9.22,10.2522,3110.2605,2682.629883
2018-10-31,15.17,50.67,19.45,9.35,10.3955,3153.8234,2711.73999
2018-11-01,15.35,51.45,19.56,9.31,10.3526,3177.0338,2740.370117
2018-11-02,15.53,52.05,19.79,9.29,10.3238,3290.2455,2723.060059
2018-11-05,15.41,51.7,19.63,9.3,10.343,3262.8351,2738.310059
2018-11-06,15.38,51.6,19.48,9.29,10.3238,3243.1504,2755.449951
2018-11-07,15.46,51.93,19.64,9.4,10.4484,3221.9101,2813.889893
2018-11-08,15.47,52,19.71,9.43,10.4772,3212.7737,2806.830078
2018-11-09,15.31,51.44,19.52,9.46,10.5155,3167.4442,2781.01001
2018-11-12,15.09,50.67,19.5,9.42,10.4676,3205.1407,2726.219971
2018-11-13,15.08,50.8,19.44,9.43,10.4772,3237.3823,2722.179932
2018-11-14,15.01,50.45,19.48,9.39,10.4293,3204.9427,2701.580078
2018-11-15,14.87,49.65,19.58,9.34,10.3813,3242.3715,2730.199951
2018-11-16,14.85,49.55,19.51,9.34,10.3813,3257.6735,2736.27002
2018-11-19,14.71,48.96,19.54,9.29,10.3238,3294.6031,2690.72998
2018-11-20,14.46,48.18,19.39,9.21,10.2376,3218.4076,2641.889893
2018-11-21,14.59,48.59,19.47,9.32,10.3622,3226.4918,2649.929932
2018-11-22,14.56,48.58,19.46,9.26,10.2951,3214.4273,2641.2449955
2018-11-23,14.6,48.73,19.38,9.29,10.3334,3143.4752,2632.560059
2018-11-26,14.73,49.17,19.53,9.41,10.458,3141.2434,2673.449951
2018-11-27,14.7,49.06,19.53,9.41,10.458,3137.2413,2682.169922
2018-11-28,14.75,49.26,19.64,9.39,10.4389,3178.9326,2743.790039
2018-11-29,14.87,49.53,19.69,9.39,10.4389,3137.6542,2737.800049
2018-11-30,14.84,49.5,19.68,9.36,10.4101,3172.69,2760.169922
2018-12-03,14.92,49.73,20.05,9.44,10.492,3260.9502,2790.370117
2018-12-04,14.71,49.01,19.99,9.41,10.4632,3267.7095,2700.060059
2018-12-05,14.57,48.55,19.65,9.3,10.3382,3252.0041,2698.005005
2018-12-06,14.19,47.23,19.22,9.02,10.04,3181.673,2695.949951
2018-12-07,14.27,47.42,19.33,9.11,10.1362,3181.5646,2633.080078
2018-12-10,14,46.31,19.09,8.99,10.0016,3144.7631,2637.719971
2018-12-11,14.13,46.81,19.27,9.09,10.117,3159.8158,2636.780029
2018-12-12,14.33,47.54,19.43,9.17,10.2035,3170.6092,2651.070068
2018-12-13,14.24,47.21,19.47,9.15,10.1843,3219.6924,2650.540039
2018-12-14,14.21,47.11,19.37,9.12,10.1458,3165.9109,2599.949951
2018-12-17,13.97,46.29,19.36,9.02,10.0304,3161.1966,2545.939941
2018-12-18,13.94,46.16,19.24,8.94,9.9439,3128.4265,2546.159912
2018-12-19,13.96,46.13,19.31,8.98,9.992,3091.1255,2506.959961
2018-12-20,13.73,45.32,19.2,8.88,9.8862,3067.4169,2467.419922
2018-12-21,13.77,45.53,19.22,8.86,9.8669,3029.3951,2416.620117
2018-12-24,13.66,45.18,19.18,8.78,9.7804,3038.1981,2351.100098
2018-12-26,13.65,45.07,19.2,8.76,9.7515,3002.0327,2467.699951
2018-12-27,13.62,44.88,19.22,8.69,9.6842,2990.5057,2488.830078
2018-12-28,13.87,45.79,19.57,8.86,9.8669,3010.6536,2485.73999
2018-12-31,14.03,46.4,19.375,8.9,9.9054,2990.09445,2506.850098
2019-01-02,14.11,46.63,19.18,8.9,9.9008,2969.5353,2510.030029
2019-01-03,14.02,46.28,19.03,8.87,9.8815,2964.8421,2447.889893
2019-01-04,14.28,47.3,18.94,9.06,10.0841,3035.8741,2531.939941
2019-01-07,14.48,47.89,19.23,9.02,10.0455,3054.303,2549.689941
2019-01-08,14.6,48.29,19.13,9.1,10.1324,3047.7035,2574.409912
2019-01-09,14.81,48.91,19.34,9.15,10.1999,3078.4759,2584.959961
2019-01-10,14.84,48.99,19.36,9.18,10.2289,3072.6864,2596.639893
2019-01-11,14.82,49.07,19.43,9.17,10.2192,3094.7782,2596.26001
2019-01-14,14.75,48.89,19.34,9.12,10.1613,3067.7845,2582.610107
2019-01-15,14.66,48.62,19.49,9.16,10.2096,3127.9904,2610.300049
2019-01-16,14.71,48.88,19.44,9.16,10.2096,3128.6517,2616.100098
2019-01-17,14.73,49.03,19.47,9.18,10.2289,3111.4168,2635.959961
2019-01-18,14.88,49.52,19.56,9.32,10.3833,3168.1739,2670.709961
2019-01-21,14.91,49.61,19.57,9.33,10.3929,3185.6364,2651.8049315
2019-01-22,14.86,49.5,19.54,9.28,10.3447,3143.3171,2632.899902
2019-01-23,14.84,49.52,19.54,9.27,10.3254,3141.0532,2638.699951
2019-01-24,14.86,49.64,19.59,9.3,10.364,3158.7817,2642.330078
2019-01-25,15.02,50.2,19.77,9.27,10.335,3184.4696,2664.76001
2019-01-28,14.94,49.81,19.86,9.2,10.2578,3183.7777,2643.850098
2019-01-29,14.96,49.9,19.71,9.29,10.3543,3193.9698,2640
2019-01-30,15,49.95,19.77,9.33,10.4026,3168.4829,2681.050049
2019-01-31,15.04,50.12,19.81,9.37,10.4412,3201.6331,2704.100098
2019-02-01,15.04,50.02,19.83,9.42,10.4969,3247.3971,2706.530029
2019-02-04,15.08,50.16,19.84,9.45,10.5357,3276.9348,2724.870117
2019-02-05,15.18,50.39,19.845,9.58,10.6809,3291.70365,2737.699951
2019-02-06,15.18,50.41,19.8475,9.56,10.6616,3299.088075,2731.610107
2019-02-07,14.94,49.61,19.84875,9.5,10.5841,3302.7802875,2706.050049
2019-02-08,14.81,49.22,19.849375,9.43,10.5163,3304.62639375,2707.879883
2019-02-11,14.91,49.52,19.85,9.52,10.6131,3306.4725,2709.800049
2019-02-12,14.96,49.66,19.94,9.55,10.6519,3330.3353,2744.72998
2019-02-13,15.06,50.01,19.95,9.61,10.71,3397.0276,2753.030029
2019-02-14,15.12,50.1,19.93,9.59,10.6906,3402.1403,2745.72998
2019-02-15,15.24,50.61,19.88,9.66,10.7778,3338.7047,2775.600098
2019-02-18,15.32,50.89,19.98,9.67,10.7778,3445.7448,2777.680054
2019-02-19,15.31,50.92,20.01,9.65,10.7584,3439.6078,2779.76001
2019-02-20,15.37,51.11,20.24,9.7,10.8262,3451.9273,2784.699951
2019-02-21,15.36,51.08,20.28,9.7,10.8262,3442.7056,2774.879883
2019-02-22,15.39,51.2,20.35,9.7,10.8262,3520.1182,2792.669922
2019-02-25,15.42,51.28,20.47,9.69,10.8068,3729.4831,2796.110107
2019-02-26,15.47,51.65,20.44,9.71,10.8359,3684.6935,2793.899902
2019-02-27,15.39,51.48,20.44,9.67,10.7778,3678.3921,2792.379883
2019-02-28,15.42,51.51,20.41,9.77,10.8726,3669.3703,2784.48999
2019-03-01,15.57,51.9,20.395,9.74,10.8629,3749.7143,2803.689941
2019-03-04,15.69,52.34,20.38,9.77,10.892,3794.104,2792.810059
2019-03-05,15.72,52.45,20.29,9.81,10.9406,3816.0132,2789.649902
2019-03-06,15.7,52.33,20.37,9.82,10.9503,3848.0903,2771.449951
2019-03-07,15.54,51.92,20.21,9.79,10.9212,3808.8497,2748.929932
2019-03-08,15.43,51.34,20.1,9.73,10.8532,3657.579,2743.070068
2019-03-11,15.46,51.64,20.14,9.77,10.892,3729.9546,2783.300049
2019-03-12,15.49,51.55,20.26,9.79,10.9115,3755.3519,2791.52002
2019-03-13,15.51,51.82,20.3,9.8,10.9309,3724.1941,2810.919922
2019-03-14,15.6,52.2,20.27,9.88,11.0086,3698.4858,2808.47998
2019-03-15,15.69,52.53,20.48,9.95,11.0961,3745.005,2822.47998
2019-03-18,15.66,52.3,20.65,10,11.1544,3851.7479,2832.939941
2019-03-19,15.75,52.62,20.7,10.02,11.1738,3833.9626,2832.570068
2019-03-20,15.68,52.31,20.72,9.91,11.0475,3835.4397,2824.22998
2019-03-21,15.67,52.08,20.87,9.93,11.0669,3836.8913,2854.879883
2019-03-22,15.45,51.64,20.88,9.8,10.9309,3833.8013,2800.709961
2019-03-25,15.31,51.12,20.58,9.76,10.892,3742.8252,2798.360107
2019-03-26,15.4,51.54,20.73,9.84,10.9795,3700.4388,2818.459961
2019-03-27,15.36,51.43,20.68,9.82,10.9503,3743.3878,2805.370117
2019-03-28,15.38,51.36,20.63,9.84,10.9698,3728.3953,2815.439941
2019-03-29,15.52,51.77,20.91,9.9,11.0378,3872.3412,2834.399902
2019-04-01,15.63,52.36,21.01,9.95,11.0842,3973.928,2867.189941
2019-04-02,15.69,52.46,21.06,10.01,11.1622,3971.2852,2867.23999
2019-04-03,15.91,53.28,21.1,10.07,11.2304,4022.1566,2873.399902
2019-04-04,15.88,53.09,21.205,10.08,11.2402,4062.2309,2879.389893
2019-04-05,16.03,53.49,21.2575,10.11,11.2791,4059.72975,2892.73999
2019-04-08,15.94,53.15,21.31,10.1,11.2597,4057.2286,2895.77002
2019-04-09,15.84,52.75,21.43,10.04,11.2012,4075.4301,2878.199951
2019-04-10,15.77,52.62,21.43,10.06,11.2207,4085.847,2888.209961
2019-04-11,15.86,52.84,21.26,10.07,11.2304,3997.5778,2888.320068
2019-04-12,15.97,53.16,21.27,10.06,11.2304,3988.6168,2907.409912
2019-04-15,16.05,53.41,21.53,10.06,11.2304,3975.5244,2905.580078
2019-04-16,16.09,53.53,21.58,10.11,11.2791,4085.7891,2907.060059
2019-04-17,16.1,53.5,21.86,10.13,11.2986,4087.2398,2900.449951
2019-04-18,16.11,53.57,21.67,10.16,11.3376,4072.0753,2905.030029
2019-04-19,16.11,53.58,21.63,10.16,11.3376,4120.6078,2906.5
2019-04-22,16.11,53.51,21.61,10.16,11.3376,4025.6109,2907.969971
2019-04-23,16.2,53.79,21.59,10.24,11.4254,4019.0053,2933.679932
2019-04-24,16.22,53.89,21.58,10.22,11.4059,4030.0887,2927.25
2019-04-25,16.24,53.94,21.55,10.2,11.3766,3941.816,2926.169922
2019-04-26,16.31,54.21,21.3,10.22,11.3961,3889.2748,2939.879883
2019-04-29,16.3,54.1,21.19,10.22,11.4059,3900.3339,2943.030029
2019-04-30,16.31,54.19,21.35,10.22,11.4059,3913.211,2945.830078
2019-05-01,16.33,54.24,21.405,10.22,11.4035,3798.9139,2923.72998
2019-05-02,16.26,54,21.46,10.16,11.3351,3741.76535,2917.52002
2019-05-03,16.34,54.43,21.77,10.17,11.3449,3713.191075,2945.639893
2019-05-06,16.18,53.77,21.24,10.08,11.2471,3684.6168,2932.469971
2019-05-07,16.1,53.47,21.52,10.03,11.1982,3720.6684,2884.050049
2019-05-08,16.14,53.48,21.38,10.01,11.1786,3667.4574,2879.419922
2019-05-09,15.9,52.61,20.82,9.93,11.0808,3599.7001,2870.719971
2019-05-10,16,52.98,20.78,9.95,11.1004,3730.4513,2881.399902
2019-05-13,15.8,52.26,20.54,9.9,11.0515,3668.7255,2811.870117
2019-05-14,15.97,52.82,20.3,9.99,11.159,3645.1503,2834.409912
2019-05-15,16,52.87,20.5,10.06,11.2275,3727.0923,2850.959961
2019-05-16,16.09,53.13,20.29,10.21,11.3938,3743.9635,2876.320068
2019-05-17,16.09,53.02,19.77,10.21,11.3938,3648.7609,2859.530029
2019-05-20,15.98,52.64,19.71,10.15,11.3253,3617.7924,2840.22998
2019-05-21,16.08,53.05,19.91,10.2,11.384,3666.7762,2864.360107
2019-05-22,16.1,53.01,19.86,10.18,11.3644,3649.3796,2856.27002
2019-05-23,15.84,52.1,19.56,10.05,11.2275,3583.9646,2822.23999
2019-05-24,15.95,52.5,19.5,10.12,11.296,3593.9139,2826.060059
2019-05-27,15.97,52.54,19.56,10.14,11.3253,3637.1971,2814.224976
2019-05-28,15.96,52.5,19.56,10.11,11.296,3672.2605,2802.389893
2019-05-29,15.73,51.79,19.47,9.98,11.1493,3663.909,2783.02002
2019-05-30,15.86,52.19,19.61,10.05,11.2177,3641.1833,2788.860107
2019-05-31,15.75,51.85,19.86,9.96,11.1101,3629.7893,2752.060059
2019-06-03,15.68,51.49,19.86,9.98,11.147,3632.0127,2744.449951
2019-06-04,15.74,51.72,19.73,10.02,11.1863,3598.4666,2803.27002
2019-06-05,15.8,51.93,19.84,10.04,11.2157,3597.105,2826.149902
2019-06-06,15.79,51.81,19.75,10.08,11.2648,3564.6778,2843.48999
2019-06-07,15.87,52.06,19.855,10.19,11.3825,3587.71065,2873.340088
2019-06-10,15.93,52.19,19.96,10.23,11.4218,3610.7435,2886.72998
2019-06-11,15.93,52.21,20.13,10.26,11.461,3719.2759,2885.719971
2019-06-12,15.9,52.04,20.15,10.23,11.4218,3691.0957,2879.840088
2019-06-13,15.92,52.15,20.08,10.23,11.4218,3685.3933,2891.639893
2019-06-14,15.86,51.98,20.01,10.21,11.4022,3654.8799,2886.97998
2019-06-17,15.87,51.92,20.11,10.21,11.4022,3654.8248,2889.669922
2019-06-18,16.02,52.47,20.15,10.31,11.5101,3667.6185,2917.75
2019-06-19,15.93,52.26,20.58,10.3,11.5003,3715.9381,2926.459961
2019-06-20,16.03,52.64,20.86,10.32,11.5297,3828.5183,2954.179932
2019-06-21,16.04,52.57,20.81,10.31,11.5199,3833.9383,2950.459961
2019-06-24,15.98,52.31,20.93,10.32,11.5297,3841.2659,2945.350098
2019-06-25,16.02,52.48,20.77,10.32,11.5199,3801.3098,2917.379883
2019-06-26,15.96,52.24,20.78,10.28,11.4807,3794.331,2913.780029
2019-06-27,15.99,52.32,21.03,10.28,11.4807,3834.8172,2924.919922
2019-06-28,16.11,52.73,21.05,10.3,11.5003,3825.5873,2941.76001
2019-07-01,16.2,53.06,21.195,10.37,11.5865,3935.8116,2964.330078
2019-07-02,16.15,52.87,21.34,10.45,11.6653,3937.1691,2973.01001
2019-07-03,16.24,53.23,21.07,10.53,11.7637,3893.5341,2995.820068
2019-07-04,16.24,53.22,21.17,10.53,11.7637,3873.1019,2993.11499
2019-07-05,16.2,53.04,21.19,10.47,11.6948,3893.2025,2990.409912
2019-07-08,16.07,52.63,21.08,10.47,11.7046,3802.7897,2975.949951
2019-07-09,15.97,52.23,21.02,10.46,11.6948,3793.1297,2979.629883
2019-07-10,16.02,52.35,21.19,10.43,11.6554,3786.739,2993.070068
2019-07-11,16.01,52.42,21.45,10.41,11.6357,3785.221,2999.909912
2019-07-12,16.07,52.65,21.44,10.41,11.6357,3808.7311,3013.77002
2019-07-15,16.09,52.7,21.53,10.44,11.6751,3824.1878,3014.300049
2019-07-16,16.14,52.8,21.6,10.47,11.7046,3806.8449,3004.040039
2019-07-17,16.04,52.46,21.47,10.43,11.6554,3804.6384,2984.419922
2019-07-18,15.98,52.35,21.38,10.39,11.616,3768.4019,2995.110107
2019-07-19,16.01,52.48,21.56,10.41,11.6357,3807.9551,2976.610107
2019-07-22,16.1,52.73,21.67,10.41,11.6456,3781.6832,2985.030029
2019-07-23,16.13,52.9,21.68,10.47,11.7046,3789.9135,3005.469971
2019-07-24,16.17,53.13,21.73,10.45,11.685,3819.8325,3019.560059
2019-07-25,16.25,53.26,21.87,10.39,11.616,3851.0665,3003.669922
2019-07-26,16.31,53.39,21.82,10.46,11.6948,3858.5688,3025.860107
2019-07-29,16.29,53.07,21.77,10.49,11.7243,3854.2704,3020.969971
2019-07-30,16.17,52.49,21.66,10.38,11.6062,3870.3176,3013.179932
2019-07-31,16.18,52.68,21.67,10.36,11.5865,3835.3589,2980.379883
2019-08-01,16.22,52.78,21.48,10.41,11.6434,3803.4694,2953.560059
2019-08-02,16.03,52.03,20.85,10.21,11.4163,3747.4379,2932.050049
2019-08-05,15.75,50.99,20.51,10.04,11.2187,3675.6884,2844.73999
2019-08-06,15.73,50.88,20.56,9.98,11.1595,3636.3289,2881.77002
2019-08-07,15.78,50.95,20.66,10.04,11.2187,3621.431,2883.97998
2019-08-08,15.99,51.67,21.01,10.19,11.3965,3669.2936,2938.090088
2019-08-09,15.84,51.14,21.03,10.17,11.3669,3633.5296,2918.649902
2019-08-12,15.79,50.96,21.05,10.16,11.357,3699.1047,2882.699951
2019-08-13,15.82,51.14,20.92,10.2,11.3965,3665.7515,2926.320068
2019-08-14,15.65,50.58,21.16,10.07,11.2582,3682.4015,2840.600098
2019-08-15,15.48,50.18,20.97,10.06,11.2484,3694.0006,2847.600098
2019-08-16,15.64,50.76,21.11,10.16,11.3669,3710.5386,2888.679932
2019-08-19,15.8,51.25,21.34,10.27,11.4755,3791.0946,2923.649902
2019-08-20,15.71,50.95,21.35,10.19,11.3965,3787.7324,2900.51001
2019-08-21,15.9,51.6,21.45,10.3,11.5249,3781.7579,2924.429932
2019-08-22,15.86,51.57,21.52,10.23,11.4459,3793.5061,2922.949951
2019-08-23,15.8,51.3,21.45,10.17,11.3768,3820.8638,2847.110107
2019-08-26,15.77,51.21,21.08,10.17,11.3768,3765.9105,2878.379883
2019-08-27,15.83,51.52,21.21,10.22,11.4261,3816.9459,2869.159912
2019-08-28,15.76,51.22,21.29,10.19,11.3965,3802.5844,2887.939941
2019-08-29,15.85,51.47,21.32,10.26,11.4854,3790.1867,2924.580078
2019-08-30,15.95,51.91,21.58,10.3,11.5348,3799.5863,2926.459961
2019-09-02,15.94,51.81,21.64,10.39,11.6216,3848.3198,2916.3649905
2019-09-03,15.91,51.75,21.48,10.37,11.6017,3853.6106,2906.27002
2019-09-04,16.02,52.19,21.72,10.43,11.681,3886.0012,2937.780029
2019-09-05,16.14,52.74,21.93,10.46,11.7107,3925.323,2976
2019-09-06,16.16,52.81,21.96,10.47,11.7206,3948.5075,2978.709961
2019-09-09,16.17,52.85,21.98,10.43,11.6711,3972.9484,2978.429932
2019-09-10,16.12,52.69,21.89,10.44,11.6909,3959.265,2979.389893
2019-09-11,16.26,53.21,22.03,10.48,11.7404,3930.0999,3000.929932
2019-09-12,16.3,53.21,22.28,10.52,11.7801,3972.3799,3009.570068
2019-09-13,16.4,53.68,22.285,10.49,11.7504,3965.04765,3007.389893
2019-09-16,16.36,53.64,22.29,10.44,11.6909,3957.7154,2997.959961
2019-09-17,16.35,53.55,22.21,10.48,11.7404,3891.2208,3005.699951
2019-09-18,16.37,53.56,22.36,10.51,11.7702,3910.0837,3006.72998
2019-09-19,16.52,54.07,22.33,10.59,11.8494,3924.3823,3006.790039
2019-09-20,16.54,54.23,22.44,10.64,11.9188,3935.6511,2992.070068
2019-09-23,16.43,53.83,22.41,10.61,11.8791,3890.6616,2991.780029
2019-09-24,16.45,53.97,22.36,10.61,11.8791,3901.0758,2966.600098
2019-09-25,16.25,53.26,22.29,10.55,11.8197,3870.9837,2984.870117
2019-09-26,16.32,53.44,22.28,10.65,11.9188,3841.1388,2977.620117
2019-09-27,16.42,53.7,22.07,10.69,11.9782,3852.6534,2961.790039
2019-09-30,16.43,53.79,22.145,10.73,12.0179,3814.5282,2976.73999
2019-10-01,16.37,53.4,22.1825,10.64,11.926,3826.10365,2940.25
2019-10-02,16.01,52.21,22.22,10.37,11.6179,3831.891375,2887.610107
2019-10-03,15.83,51.67,22.21,10.35,11.5981,3834.7852375,2910.629883
2019-10-04,16.05,52.32,22.34,10.47,11.7372,3836.23216875,2952.01001
2019-10-07,16.09,52.42,22.415,10.52,11.7968,3836.955634375,2938.790039
2019-10-08,15.92,51.77,22.49,10.44,11.6974,3837.6791,2893.060059
2019-10-09,15.95,51.76,22.27,10.48,11.7471,3843.2392,2919.399902
2019-10-10,15.99,52.09,22.435,10.5,11.767,3874.6391,2938.129883
2019-10-11,16.28,53.45,22.5175,10.62,11.9061,3911.7253,2970.27002
2019-10-14,16.27,53.31,22.6,10.58,11.8565,3953.2411,2966.149902
2019-10-15,16.46,54.07,22.63,10.68,11.9757,3936.2498,2995.679932
2019-10-16,16.44,54.07,22.6,10.62,11.9061,3922.6854,2989.689941
2019-10-17,16.49,54.13,22.76,10.66,11.9558,3925.2216,2997.949951
2019-10-18,16.46,54.03,22.85,10.65,11.9459,3869.3777,2986.199951
2019-10-21,16.46,54.24,22.85,10.67,11.9658,3880.8398,3006.719971
2019-10-22,16.5,54.34,23,10.73,12.0254,3895.8809,2995.98999
2019-10-23,16.48,54.2,22.95,10.72,12.0155,3871.0848,3004.52002
2019-10-24,16.54,54.36,23.13,10.8,12.1049,3870.6678,3010.290039
2019-10-25,16.59,54.56,23.08,10.78,12.085,3896.7923,3022.550049
2019-10-28,16.69,54.85,23.19,10.8,12.1049,3926.585,3039.419922
2019-10-29,16.72,54.92,23.22,10.78,12.085,3910.226,3036.889893
2019-10-30,16.69,54.8,23.32,10.81,12.1248,3891.2255,3046.77002
2019-10-31,16.67,54.79,23.35,10.74,12.0453,3886.7519,3037.560059
2019-11-01,16.77,55.11,23.35,10.78,12.0927,3952.3872,3066.909912
2019-11-04,16.87,55.44,23.63,10.86,12.1725,3978.1216,3078.27002
2019-11-05,16.85,55.47,23.9,10.84,12.1526,4002.8128,3074.620117
2019-11-06,16.81,55.37,23.89,10.89,12.2024,3984.8816,3076.780029
2019-11-07,16.9,55.66,23.86,10.88,12.2024,3991.8749,3085.179932
2019-11-08,16.91,55.66,23.96,10.89,12.2124,3973.0107,3093.080078
2019-11-11,16.94,55.81,23.59,10.88,12.2024,3902.9783,3087.01001
2019-11-12,16.96,55.95,23.78,10.9,12.2223,3903.6888,3091.840088
2019-11-13,16.94,55.88,23.66,10.87,12.1924,3899.9815,3094.040039
2019-11-14,16.92,55.86,23.52,10.85,12.1625,3905.857,3096.629883
2019-11-15,17.04,56.23,23.65,10.9,12.2223,3877.0892,3120.459961
2019-11-18,17.07,56.34,23.82,10.92,12.2423,3907.9291,3122.030029
2019-11-19,17.07,56.27,23.95,10.91,12.2323,3947.0392,3120.179932
2019-11-20,17.08,56.3,23.78,10.86,12.1725,3907.8641,3108.459961
2019-11-21,17.01,56.08,23.68,10.84,12.1526,3889.598,3103.540039
2019-11-22,17.04,56.13,23.69,10.86,12.1825,3849.9948,3110.290039
2019-11-25,17.15,56.61,23.69,10.93,12.2622,3878.2061,3133.639893
2019-11-26,17.23,56.83,23.79,10.91,12.2423,3891.6533,3140.52002
2019-11-27,17.24,56.94,23.91,10.94,12.2722,3875.6186,3153.629883
2019-11-28,17.23,56.95,23.85,10.95,12.2822,3862.3029,3147.3049315
2019-11-29,17.17,56.74,23.58,10.88,12.2024,3828.6706,3140.97998
2019-12-02,17.06,56.29,23.53,10.71,12.01,3836.0589,3113.870117
2019-12-03,16.97,56.04,23.58,10.65,11.94,3851.0873,3093.199951
2019-12-04,17.12,56.71,23.54,10.76,12.08,3849.819,3112.76001
2019-12-05,17.17,56.9,23.76,10.72,12.03,3879.3638,3117.429932
2019-12-06,17.27,57.32,23.8,10.85,12.17,3902.3853,3145.909912
2019-12-09,17.18,57,23.91,10.83,12.16,3895.4468,3135.959961
2019-12-10,17.19,57.01,23.85,10.85,12.17,3900.3843,3132.52002
2019-12-11,17.17,56.97,23.93,10.87,12.19,3902.7492,3141.629883
2019-12-12,17.24,57.12,24.17,10.92,12.26,3891.0242,3168.570068
2019-12-13,17.52,58.33,24.33,11.01,12.35,3968.2211,3168.800049
2019-12-16,17.72,58.97,24.51,11.16,12.52,3987.5464,3191.449951
2019-12-17,17.68,58.49,24.79,11.18,12.54,4041.7996,3192.52002
2019-12-18,17.68,58.53,24.78,11.15,12.51,4032.7826,3191.139893
2019-12-19,17.67,58.39,24.71,11.17,12.53,4027.1495,3205.370117
2019-12-20,17.73,58.76,24.61,11.24,12.6,4017.2527,3221.219971
2019-12-23,17.87,59,24.63,11.26,12.63,3967.0962,3224.01001
2019-12-24,17.9,59.2,24.53,11.27,12.64,3992.9581,3224.01001
2019-12-26,17.92,59.28,24.53,11.27,12.64,4025.9879,3224.01001
