"","LU0997586788","LU0061175625","KYG9318Y1061","LU1046420805","LU0997587240"
"2014-01-01",,,,,
"2014-01-02",,34.77,15.2,,
"2014-01-03",,35.08,15.14,,
"2014-01-06",,35.08,14.95,,
"2014-01-07",,35.16,15.09,,
"2014-01-08",,35.18,15.19,,
"2014-01-09",,35.12,15.1,,
"2014-01-10",10,35.32,15.21,,8.1588
"2014-01-13",10.04,35.43,15.21,,8.1515
"2014-01-14",9.98,35.29,15.21,,8.167
"2014-01-15",10.06,35.57,15.3,,8.2486
"2014-01-16",10.02,35.41,15.33,,8.2649
"2014-01-17",10.04,35.63,15.33,,8.273
"2014-01-20",10.06,35.69,15.37,,8.3057
"2014-01-21",10.04,35.63,15.32,,8.322
"2014-01-22",10.03,35.72,15.37,,8.3302
"2014-01-23",9.96,35.36,15.4,,8.2649
"2014-01-24",9.79,34.65,15.34,,8.1205
"2014-01-27",9.7,34.42,15.17,,8.034
"2014-01-28",9.81,34.83,15.17,,8.0495
"2014-01-29",9.78,34.71,15.17,,8.0038
"2014-01-30",9.79,34.78,,,8.0397
"2014-01-31",9.79,34.82,,,8.0209
"2014-02-03",9.71,34.38,,,7.9736
"2014-02-04",9.69,34.34,,,7.9287
"2014-02-05",9.7,34.36,15.07,,7.9581
"2014-02-06",9.78,34.59,15.2,,8.0585
"2014-02-07",9.85,34.85,15.32,,8.1009
"2014-02-10",9.87,34.93,15.29,,8.118
"2014-02-11",9.94,35.24,15.32,,8.1996
"2014-02-12",10.01,35.65,15.5,,8.2241
"2014-02-13",10.01,35.6,15.43,,8.2404
"2014-02-14",10.07,35.89,15.46,,8.2894
"2014-02-17",10.13,36.05,15.57,,8.3138
"2014-02-18",10.16,36.05,15.67,,8.322
"2014-02-19",10.19,36.2,15.77,,8.3465
"2014-02-20",10.21,36.25,15.67,,8.3465
"2014-02-21",10.27,36.42,15.79,,8.3791
"2014-02-24",10.31,36.57,15.83,,8.4281
"2014-02-25",10.32,36.66,15.88,,8.4199
"2014-02-26",10.31,36.67,15.88,,8.3954
"2014-02-27",10.28,36.55,15.94,,8.4036
"2014-02-28",10.37,36.84,,,8.4281
"2014-03-03",10.16,36.09,15.91,,8.2625
"2014-03-04",10.33,36.71,15.91,,8.4261
"2014-03-05",10.32,36.75,16.13,,8.4261
"2014-03-06",10.4,36.88,16.24,,8.4343
"2014-03-07",10.36,36.7,16.14,,8.3688
"2014-03-10",10.28,36.33,16.1,,8.3525
"2014-03-11",10.25,36.26,16.17,,8.3606
"2014-03-12",10.17,35.89,16.1,,8.287
"2014-03-13",10.11,35.72,16.18,,8.197
"2014-03-14",10.02,35.37,16.13,,8.1807
"2014-03-17",10.13,35.77,16.17,,8.2461
"2014-03-18",10.16,35.84,16.15,,8.3034
"2014-03-19",10.18,35.95,16.11,,8.287
"2014-03-20",10.12,35.75,15.86,,8.2625
"2014-03-21",10.08,35.56,15.86,,8.287
"2014-03-24",9.97,35.18,15.87,,8.2216
"2014-03-25",10.04,35.43,16,,8.3197
"2014-03-26",10.08,35.61,16.14,,8.3525
"2014-03-27",10.05,35.63,16.2,,8.3525
"2014-03-28",10.05,35.62,16.14,,8.4016
"2014-03-31",10.12,35.89,16.35,,8.4179
"2014-04-01",10.19,36.06,16.41,,8.4323
"2014-04-02",10.22,36.24,16.46,,8.4323
"2014-04-03",10.21,36.18,16.47,,8.4241
"2014-04-04",10.23,36.29,,,8.4488
"2014-04-07",10.11,35.81,16.48,,8.3749
"2014-04-08",9.96,35.36,16.54,,8.3667
"2014-04-09",10.01,35.53,16.68,7.24,8.3913
"2014-04-10",9.99,35.37,16.67,7.22,8.3667
"2014-04-11",9.84,34.77,16.47,7.15,8.2847
"2014-04-14",9.73,34.49,16.21,7.18,8.3257
"2014-04-15",9.63,34.15,16.47,7.14,8.2765
"2014-04-16",9.73,34.54,16.53,7.2,8.3503
"2014-04-17",9.83,34.87,16.51,7.23,8.3831
"2014-04-18",9.83,34.87,,7.23,8.3831
"2014-04-21",9.83,34.88,,7.23,8.3749
"2014-04-22",9.94,35.33,16.52,7.33,8.4898
"2014-04-23",9.92,35.18,16.38,7.32,8.4816
"2014-04-24",9.93,35.2,16.38,7.33,8.498
"2014-04-25",9.85,34.94,16.05,7.31,8.457
"2014-04-28",9.83,34.87,16.08,7.4,8.5718
"2014-04-29",9.89,35.14,16.26,7.47,8.6538
"2014-04-30",9.9,35.19,16.09,7.48,8.6538
"2014-05-01",9.9,35.21,,7.49,8.6683
"2014-05-02",9.92,35.23,16.28,7.46,8.6436
"2014-05-05",9.91,35.15,16.35,7.46,8.6354
"2014-05-06",9.93,35.28,,7.44,8.6107
"2014-05-07",9.9,35.18,16.4,7.41,8.5778
"2014-05-08",9.94,35.38,16.48,7.47,8.6436
"2014-05-09",9.9,35.31,16.18,7.47,8.6436
"2014-05-12",9.96,35.51,16.02,7.52,8.693
"2014-05-13",9.97,35.59,15.99,7.54,8.7176
"2014-05-14",9.91,35.34,16.12,7.57,8.7505
"2014-05-15",9.79,34.91,16.14,7.55,8.7341
"2014-05-16",9.68,34.56,16.16,7.58,8.767
"2014-05-19",9.64,34.4,16.2,7.57,8.7505
"2014-05-20",9.68,34.57,16.22,7.54,8.7176
"2014-05-21",9.72,34.82,16.11,7.57,8.7423
"2014-05-22",9.76,34.94,16.31,7.57,8.7423
"2014-05-23",9.82,35.11,16.34,7.57,8.7423
"2014-05-26",9.89,35.36,16.41,7.62,8.7999
"2014-05-27",9.93,35.52,16.43,7.61,8.7917
"2014-05-28",9.98,35.63,16.55,7.61,8.7917
"2014-05-29",10.01,35.75,16.61,7.63,8.8163
"2014-05-30",10.04,35.8,16.62,7.63,8.8081
"2014-06-02",10.05,35.91,,7.65,8.8226
"2014-06-03",10.03,35.79,16.57,7.62,8.7896
"2014-06-04",10.08,35.99,16.61,7.61,8.7814
"2014-06-05",10.1,36.11,16.64,7.62,8.7814
"2014-06-06",10.19,36.41,16.65,7.65,8.8226
"2014-06-09",10.19,36.48,16.68,7.66,8.8391
"2014-06-10",10.19,36.49,16.75,7.68,8.8638
"2014-06-11",10.14,36.37,16.75,7.66,8.8391
"2014-06-12",10.16,36.46,16.73,7.68,8.8556
"2014-06-13",10.06,36.29,16.72,7.66,8.8309
"2014-06-16",9.99,36.01,16.69,7.63,8.7979
"2014-06-17",9.98,35.98,16.76,7.65,8.8226
"2014-06-18",9.99,35.97,16.73,7.66,8.8309
"2014-06-19",10.04,36.13,16.89,7.7,8.8721
"2014-06-20",10.06,36.19,16.85,7.7,8.8803
"2014-06-23",9.99,35.95,16.58,7.68,8.8474
"2014-06-24",9.93,35.68,16.69,7.68,8.8474
"2014-06-25",9.87,35.39,16.71,7.61,8.7649
"2014-06-26",9.92,35.66,16.83,7.59,8.7484
"2014-06-27",9.95,35.72,16.82,7.6,8.7567
"2014-06-30",9.98,35.87,16.99,7.6,8.7567
"2014-07-01",10.02,36.06,,7.64,8.8043
"2014-07-02",10.04,36.16,17.05,7.65,8.8043
"2014-07-03",10.11,36.43,17.21,7.71,8.8704
"2014-07-04",10.09,36.37,17.19,7.7,8.8621
"2014-07-07",10.05,36.19,17.12,7.65,8.8043
"2014-07-08",9.93,35.74,17.17,7.58,8.7299
"2014-07-09",9.88,35.57,17.15,7.56,8.6968
"2014-07-10",9.75,35.16,17.2,7.49,8.6224
"2014-07-11",9.78,35.23,16.96,7.51,8.6472
"2014-07-14",9.84,35.37,17.02,7.58,8.7133
"2014-07-15",9.79,35.33,17.07,7.54,8.672
"2014-07-16",9.83,35.52,16.98,7.62,8.7629
"2014-07-17",9.79,35.35,16.87,7.57,8.7051
"2014-07-18",9.76,35.24,16.87,7.56,8.6885
"2014-07-21",9.71,35.03,16.95,7.53,8.6637
"2014-07-22",9.77,35.3,17,7.6,8.7381
"2014-07-23",9.8,35.4,,7.6,8.7299
"2014-07-24",9.78,35.29,17.06,7.62,8.7629
"2014-07-25",9.79,35.37,16.94,7.57,8.6968
"2014-07-28",9.74,35.19,16.91,7.57,8.6968
"2014-07-29",9.75,35.2,16.8,7.59,8.7216
"2014-07-30",9.73,35.14,16.92,7.55,8.6803
"2014-07-31",9.67,34.87,16.79,7.49,8.6059
"2014-08-01",9.57,34.4,16.68,7.41,8.5044
"2014-08-04",9.55,34.38,16.8,7.4,8.4961
"2014-08-05",9.58,34.58,16.56,7.43,8.5293
"2014-08-06",9.48,34.19,16.43,7.37,8.4547
"2014-08-07",9.47,34.15,16.43,7.32,8.3967
"2014-08-08",9.41,33.83,16.27,7.29,8.3635
"2014-08-11",9.53,34.33,16.47,7.36,8.4547
"2014-08-12",9.55,34.46,16.46,7.34,8.4298
"2014-08-13",9.58,34.44,16.57,7.39,8.4795
"2014-08-14",9.62,34.58,16.54,7.41,8.5044
"2014-08-15",9.61,34.52,16.51,7.39,8.4795
"2014-08-18",9.68,34.83,16.31,7.46,8.5624
"2014-08-19",9.74,35.03,16.44,7.5,8.6122
"2014-08-20",9.71,34.96,16.49,7.49,8.5873
"2014-08-21",9.76,35.13,16.45,7.54,8.6453
"2014-08-22",9.75,35.13,16.65,7.51,8.6122
"2014-08-25",9.83,35.48,16.68,7.6,8.7116
"2014-08-26",9.8,35.38,16.8,7.61,8.7282
"2014-08-27",9.84,35.51,16.97,7.61,8.7282
"2014-08-28",9.77,35.3,17.01,7.58,8.6868
"2014-08-29",9.76,35.31,16.97,7.6,8.7199
"2014-09-01",9.75,35.32,17.08,7.62,8.7429
"2014-09-02",9.77,35.29,16.86,7.63,8.7512
"2014-09-03",9.82,35.4,16.97,7.68,8.801
"2014-09-04",9.82,35.6,16.82,7.71,8.8343
"2014-09-05",9.8,35.43,16.81,7.68,8.8093
"2014-09-08",9.76,35.11,,7.68,8.801
"2014-09-09",9.74,35.04,,7.67,8.7844
"2014-09-10",9.69,34.9,16.74,7.67,8.7844
"2014-09-11",9.69,34.92,16.67,7.65,8.7595
"2014-09-12",9.73,35.04,16.51,7.65,8.7595
"2014-09-15",9.71,35.01,16.43,7.65,8.7678
"2014-09-16",9.67,34.86,16.34,7.64,8.7512
"2014-09-17",9.67,34.93,16.39,7.65,8.7678
"2014-09-18",9.73,35.26,16.4,7.7,8.8093
"2014-09-19",9.77,35.42,16.48,7.72,8.8426
"2014-09-22",9.75,35.35,16.36,7.69,8.8093
"2014-09-23",9.66,35.04,16.25,7.6,8.693
"2014-09-24",9.65,35.03,16.27,7.62,8.7262
"2014-09-25",9.63,34.96,16.09,7.57,8.6598
"2014-09-26",9.61,34.89,16.09,7.58,8.6764
"2014-09-29",9.61,34.89,16.01,7.57,8.6598
"2014-09-30",9.63,35.02,16.04,7.61,8.7096
"2014-10-01",9.57,34.81,,7.55,8.641
"2014-10-02",9.44,34.24,,7.42,8.4993
"2014-10-03",9.51,34.5,16.24,7.48,8.566
"2014-10-06",9.5,34.46,16.28,7.5,8.5743
"2014-10-07",9.37,33.99,16.15,7.4,8.466
"2014-10-08",9.24,33.44,16,7.38,8.4493
"2014-10-09",9.2,33.35,15.95,7.35,8.4076
"2014-10-10",9.06,32.83,,7.25,8.2977
"2014-10-13",9.01,32.65,15.35,7.24,8.2827
"2014-10-14",9.05,32.68,15.43,7.24,8.2793
"2014-10-15",8.9,32.05,15.25,7.06,8.0702
"2014-10-16",8.81,31.77,15.22,7.02,8.026
"2014-10-17",8.97,32.42,15.21,7.18,8.2093
"2014-10-20",8.95,32.35,15.42,7.15,8.1727
"2014-10-21",9.09,32.89,15.41,7.26,8.2918
"2014-10-22",9.15,33.14,15.56,7.32,8.366
"2014-10-23",9.15,33.09,15.48,7.37,8.416
"2014-10-24",9.14,33.1,15.29,7.34,8.3826
"2014-10-27",9.1,32.92,15.07,7.33,8.366
"2014-10-28",9.15,33.05,15.32,7.37,8.4076
"2014-10-29",9.19,33.18,15.58,7.4,8.441
"2014-10-30",9.22,33.35,15.51,7.45,8.4993
"2014-10-31",9.33,33.8,15.65,7.57,8.6326
"2014-11-03",9.32,33.81,15.72,7.48,8.5304
"2014-11-04",9.26,33.49,15.68,7.46,8.5136
"2014-11-05",9.33,33.84,15.58,7.55,8.6139
"2014-11-06",9.34,33.89,15.51,7.56,8.6306
"2014-11-07",9.35,33.87,15.51,7.53,8.5888
"2014-11-10",9.46,34.3,15.72,7.59,8.664
"2014-11-11",9.45,34.25,15.67,7.62,8.7058
"2014-11-12",9.39,33.98,15.48,7.56,8.6306
"2014-11-13",9.4,33.89,15.51,7.6,8.6724
"2014-11-14",9.42,33.92,15.51,7.59,8.664
"2014-11-17",9.44,34.02,15.33,7.62,8.6807
"2014-11-18",9.48,34.08,15.14,7.67,8.7476
"2014-11-19",9.44,33.93,15.19,7.68,8.7559
"2014-11-20",9.47,34.04,15.32,7.67,8.7309
"2014-11-21",9.55,34.49,15.36,7.76,8.8395
"2014-11-24",9.6,34.67,15.38,7.76,8.8395
"2014-11-25",9.66,34.82,15.39,7.78,8.8562
"2014-11-26",9.66,34.88,15.4,7.78,8.8646
"2014-11-27",9.69,34.9,15.48,7.81,8.898
"2014-11-28",9.67,34.84,15.45,7.82,8.9063
"2014-12-01",9.61,34.64,15.38,7.78,8.8624
"2014-12-02",9.63,34.74,15.31,7.82,8.9043
"2014-12-03",9.64,34.93,15.47,7.82,8.9043
"2014-12-04",9.63,34.74,15.5,7.76,8.8373
"2014-12-05",9.72,35.13,15.52,7.85,8.9378
"2014-12-08",9.69,35.04,15.47,7.8,8.8792
"2014-12-09",9.58,34.55,15.42,7.66,8.72
"2014-12-10",9.58,34.52,15.27,7.64,8.7033
"2014-12-11",9.55,34.43,15.25,7.64,8.6949
"2014-12-12",9.44,33.93,15.28,7.47,8.5022
"2014-12-15",9.33,33.46,15.26,7.32,8.328
"2014-12-16",9.38,33.66,15.19,7.44,8.4687
"2014-12-17",9.39,33.76,15.01,7.44,8.4604
"2014-12-18",9.55,34.5,15.04,7.61,8.6614
"2014-12-19",9.61,34.74,15.12,7.64,8.6865
"2014-12-22",9.64,34.78,15.2,7.68,8.7368
"2014-12-23",9.68,34.95,15.11,7.7,8.7619
"2014-12-24",9.69,34.99,15.19,7.7,8.7619
"2014-12-25",,,,,
"2014-12-26",9.73,35.14,,7.73,8.787
"2014-12-29",9.69,34.97,15.29,7.73,8.787
"2014-12-30",9.68,35.02,15.3,7.64,8.6865
"2014-12-31",9.72,35.25,15.42,7.66,8.7033
"2015-01-01",,,,,
"2015-01-02",9.77,35.34,,7.64,8.6845
"2015-01-05",9.72,35.2,15.22,7.53,8.5501
"2015-01-06",9.62,34.76,14.92,7.47,8.4913
"2015-01-07",9.58,34.66,15,7.51,8.5333
"2015-01-08",9.69,35.12,15.2,7.7,8.7517
"2015-01-09",9.66,34.98,15.22,7.62,8.6677
"2015-01-12",9.67,35.02,15.18,7.65,8.7097
"2015-01-13",9.73,35.32,15.28,7.76,8.8188
"2015-01-14",9.63,35,15.25,7.64,8.6845
"2015-01-15",9.62,35.62,15.33,7.67,8.7181
"2015-01-16",9.6,35.84,15.31,7.66,8.7097
"2015-01-19",9.65,35.74,15.4,7.74,8.8021
"2015-01-20",9.68,35.97,15.44,7.77,8.8356
"2015-01-21",9.69,35.97,15.59,7.8,8.8692
"2015-01-22",9.77,36.51,15.7,7.88,8.9532
"2015-01-23",9.82,36.9,15.93,7.99,9.0708
"2015-01-26",9.88,37.1,15.92,8.04,9.1296
"2015-01-27",9.84,36.92,16.08,8.01,9.096
"2015-01-28",9.85,36.95,16.03,8.03,9.1128
"2015-01-29",9.8,36.63,15.78,8.06,9.1464
"2015-01-30",9.83,36.8,15.67,8.01,9.0876
"2015-02-02",9.87,36.84,15.66,8.03,9.1115
"2015-02-03",9.93,36.98,15.79,8.07,9.1621
"2015-02-04",9.95,37.19,16,8.09,9.1705
"2015-02-05",10.04,37.56,15.94,8.09,9.1789
"2015-02-06",10.08,37.83,15.92,8.09,9.1789
"2015-02-09",10.02,37.6,15.83,8.05,9.1368
"2015-02-10",10.08,37.89,15.8,8.08,9.1705
"2015-02-11",10.06,37.79,15.9,8.07,9.1621
"2015-02-12",10.17,38.1,15.91,8.11,9.2042
"2015-02-13",10.19,38.2,16.06,8.13,9.2294
"2015-02-16",10.22,38.34,16.04,8.1,9.1957
"2015-02-17",10.19,38.22,,8.13,9.221
"2015-02-18",10.28,38.67,,8.16,9.2463
"2015-02-19",10.3,38.63,,8.19,9.28
"2015-02-20",10.32,38.74,,8.19,9.2884
"2015-02-23",10.36,38.98,,8.25,9.3557
"2015-02-24",10.38,39.07,16.03,8.3,9.4063
"2015-02-25",10.4,39.17,16.27,8.3,9.4063
"2015-02-26",10.46,39.58,16.26,8.34,9.4484
"2015-02-27",10.53,39.92,,8.36,9.4736
"2015-03-02",10.54,39.89,16.22,8.36,9.4723
"2015-03-03",10.44,39.52,16.29,8.29,9.3963
"2015-03-04",10.46,39.7,16.27,8.32,9.4301
"2015-03-05",10.53,40.08,16.26,8.39,9.4976
"2015-03-06",10.55,40.22,16.36,8.36,9.4723
"2015-03-09",10.51,40.13,16.26,8.34,9.447
"2015-03-10",10.45,40.07,16.18,8.23,9.3288
"2015-03-11",10.5,40.36,16.13,8.3,9.4047
"2015-03-12",10.53,40.37,16.25,8.33,9.4301
"2015-03-13",10.58,40.61,16.27,8.33,9.4385
"2015-03-16",10.64,40.72,16.22,8.43,9.5483
"2015-03-17",10.59,40.43,16.25,8.41,9.5145
"2015-03-18",10.62,40.37,16.37,8.48,9.5989
"2015-03-19",10.7,40.83,16.53,8.5,9.6327
"2015-03-20",10.79,40.99,16.52,8.56,9.6918
"2015-03-23",10.8,40.89,16.52,8.55,9.6833
"2015-03-24",10.85,41.07,16.63,8.55,9.6833
"2015-03-25",10.78,40.7,16.49,8.48,9.6074
"2015-03-26",10.71,40.49,16.41,8.39,9.5061
"2015-03-27",10.71,40.5,16.21,8.4,9.5229
"2015-03-30",10.79,40.88,16.16,8.49,9.6158
"2015-03-31",10.75,40.96,16.24,8.39,9.4976
"2015-04-01",10.74,40.86,16.13,8.43,9.547
"2015-04-02",10.82,40.94,16.3,8.45,9.5724
"2015-04-03",10.8,40.78,,8.44,9.5555
"2015-04-06",10.89,41.15,,8.51,9.6401
"2015-04-07",10.91,41.34,,8.59,9.7332
"2015-04-08",10.94,41.6,16.38,8.56,9.6994
"2015-04-09",11.02,41.95,16.31,8.64,9.8009
"2015-04-10",11.11,42.34,16.25,8.73,9.894
"2015-04-13",11.16,42.6,16.31,8.71,9.8687
"2015-04-14",11.14,42.51,16.32,8.68,9.8348
"2015-04-15",11.17,42.77,16.19,8.7,9.8687
"2015-04-16",11.1,42.47,16.33,8.66,9.8179
"2015-04-17",10.97,41.86,16.28,8.54,9.6825
"2015-04-20",11.06,42.23,16.2,8.6,9.7502
"2015-04-21",11.14,42.58,16.05,8.65,9.8009
"2015-04-22",11.13,42.57,16.19,8.6,9.7502
"2015-04-23",11.12,42.5,16.35,8.58,9.7248
"2015-04-24",11.17,42.64,16.59,8.6,9.7417
"2015-04-27",11.23,42.92,16.8,8.66,9.8179
"2015-04-28",11.17,42.62,16.8,8.54,9.6825
"2015-04-29",11.07,42.13,16.71,8.39,9.5132
"2015-04-30",11.09,42.01,16.64,8.4,9.5301
"2015-05-01",11.1,41.85,,8.4,9.5288
"2015-05-04",11.18,42.23,16.65,8.44,9.5797
"2015-05-05",11.11,42,16.65,8.29,9.4015
"2015-05-06",11.1,41.82,16.68,8.27,9.376
"2015-05-07",11.08,41.81,16.42,8.25,9.359
"2015-05-08",11.26,42.76,16.42,8.43,9.5542
"2015-05-11",11.32,43.23,16.25,8.41,9.5372
"2015-05-12",11.22,42.77,16.29,8.31,9.4184
"2015-05-13",11.27,42.83,16.41,8.31,9.41
"2015-05-14",11.33,43.04,16.35,8.37,9.4948
"2015-05-15",11.33,42.95,16.37,8.36,9.4694
"2015-05-18",11.35,43.09,16.41,8.39,9.5033
"2015-05-19",11.42,43.55,16.59,8.48,9.6136
"2015-05-20",11.44,43.79,16.55,8.5,9.6306
"2015-05-21",11.44,43.83,16.47,8.53,9.656
"2015-05-22",11.47,43.89,16.51,8.54,9.6645
"2015-05-25",11.45,43.92,,8.51,9.6391
"2015-05-26",11.41,43.84,16.42,8.43,9.5542
"2015-05-27",11.45,43.89,16.48,8.54,9.673
"2015-05-28",11.46,43.83,16.52,8.53,9.6645
"2015-05-29",11.41,43.51,16.48,8.41,9.5288
"2015-06-01",11.45,43.68,16.35,8.41,9.5274
"2015-06-02",11.43,43.39,16.31,8.35,9.4508
"2015-06-03",11.47,43.34,16.23,8.4,9.4934
"2015-06-04",11.41,43.15,15.91,8.31,9.3913
"2015-06-05",11.31,42.89,15.91,8.22,9.2892
"2015-06-08",11.24,42.46,15.81,8.17,9.2382
"2015-06-09",11.17,42.24,15.47,8.13,9.1956
"2015-06-10",11.28,42.75,15.81,8.24,9.3147
"2015-06-11",11.33,43.02,15.74,8.28,9.3573
"2015-06-12",11.25,42.79,15.77,8.2,9.2552
"2015-06-15",11.12,42.27,15.77,8.08,9.1276
"2015-06-16",11.14,42.46,15.72,8.11,9.1616
"2015-06-17",11.1,42.36,15.68,8.07,9.1191
"2015-06-18",11.09,42.24,15.82,8.11,9.1531
"2015-06-19",11.1,42.4,,8.1,9.1361
"2015-06-22",11.24,42.79,16.02,8.27,9.3317
"2015-06-23",11.32,43.34,16.04,8.31,9.3743
"2015-06-24",11.29,43.16,16.06,8.3,9.3573
"2015-06-25",11.29,43.17,16.21,8.26,9.3232
"2015-06-26",11.3,43.28,16.19,8.23,9.2892
"2015-06-29",11.11,42.54,15.84,8.05,9.0765
"2015-06-30",11.09,42.46,16.05,7.96,8.966
"2015-07-01",11.21,42.91,,8.07,9.0925
"2015-07-02",11.17,42.71,16.1,8.08,9.1096
"2015-07-03",11.15,42.56,16.08,8.04,9.0584
"2015-07-06",11.08,42.35,15.92,7.96,8.9817
"2015-07-07",10.96,41.93,15.94,7.88,8.8878
"2015-07-08",10.91,41.44,15.52,7.96,8.9731
"2015-07-09",11.02,41.96,15.46,8.09,9.1181
"2015-07-10",11.18,42.5,,8.26,9.3058
"2015-07-13",11.33,43.32,15.64,8.35,9.4167
"2015-07-14",11.32,43.33,15.57,8.39,9.4593
"2015-07-15",11.37,43.63,15.69,8.41,9.4764
"2015-07-16",11.47,44.14,15.7,8.5,9.5787
"2015-07-17",11.51,44.34,15.65,8.47,9.5531
"2015-07-20",11.56,44.51,15.54,8.5,9.5873
"2015-07-21",11.52,44.21,15.54,8.45,9.5275
"2015-07-22",11.46,44.08,15.36,8.38,9.4422
"2015-07-23",11.47,43.86,15.17,8.39,9.4508
"2015-07-24",11.45,43.75,15.08,8.32,9.374
"2015-07-27",11.26,42.86,14.68,8.2,9.2461
"2015-07-28",11.28,43.06,14.77,8.26,9.3058
"2015-07-29",11.4,43.55,14.79,8.34,9.3911
"2015-07-30",11.47,44.02,14.8,8.38,9.4337
"2015-07-31",11.56,44.19,14.74,8.4,9.4678
"2015-08-03",11.61,44.43,14.63,8.46,9.5263
"2015-08-04",11.59,44.36,14.55,8.47,9.5263
"2015-08-05",11.6,44.52,14.61,8.53,9.5947
"2015-08-06",11.57,44.24,14.56,8.5,9.5776
"2015-08-07",11.5,43.84,14.58,8.46,9.5178
"2015-08-10",11.57,44.12,14.74,8.5,9.5776
"2015-08-11",11.51,43.79,14.51,8.42,9.475
"2015-08-12",11.33,42.95,14.22,8.26,9.2869
"2015-08-13",11.49,43.63,14.46,8.32,9.3553
"2015-08-14",11.49,43.71,14.45,8.29,9.3296
"2015-08-17",11.51,43.85,14.24,8.31,9.3467
"2015-08-18",11.54,44.09,14.13,8.31,9.3382
"2015-08-19",11.42,43.56,13.94,8.19,9.2099
"2015-08-20",11.24,42.7,13.88,8.1,9.1073
"2015-08-21",11.05,41.77,13.54,7.88,8.8508
"2015-08-24",10.6,39.75,12.97,7.52,8.4548
"2015-08-25",10.94,41.22,13.34,7.76,8.731
"2015-08-26",10.86,40.8,13.5,7.63,8.5857
"2015-08-27",11.07,41.76,13.8,7.87,8.8508
"2015-08-28",11.14,42.15,14.02,7.9,8.885
"2015-08-31",11.17,42.17,14.05,7.88,8.8593
"2015-09-01",11.05,41.61,13.97,7.71,8.6693
"2015-09-02",11.05,41.61,13.95,7.73,8.695
"2015-09-03",11.18,42.32,,7.87,8.8494
"2015-09-04",11.07,41.79,13.87,7.71,8.6693
"2015-09-07",11.09,41.84,13.76,7.74,8.7036
"2015-09-08",11.15,42.15,13.88,7.82,8.7979
"2015-09-09",11.21,42.4,14.27,7.91,8.9008
"2015-09-10",11.15,42.1,14.28,7.84,8.8151
"2015-09-11",11.12,41.85,14.35,7.81,8.7808
"2015-09-14",11.05,41.65,14.37,7.79,8.755
"2015-09-15",11.06,41.68,14.33,7.84,8.8065
"2015-09-16",11.1,41.93,14.42,7.93,8.918
"2015-09-17",11.13,42.01,14.56,7.92,8.9008
"2015-09-18",11.1,41.9,14.66,7.8,8.7722
"2015-09-21",11.1,42.07,14.37,7.85,8.8236
"2015-09-22",10.95,41.47,14.37,7.65,8.5921
"2015-09-23",10.97,41.38,14.15,7.69,8.6436
"2015-09-24",10.89,40.91,13.97,7.58,8.5192
"2015-09-25",11.04,41.52,13.96,7.76,8.7207
"2015-09-28",10.93,41.02,,7.63,8.5715
"2015-09-29",10.85,40.69,,7.58,8.5158
"2015-09-30",10.98,41.3,14.02,7.74,8.695
"2015-10-01",11.01,41.38,,7.71,8.6592
"2015-10-02",11.05,41.5,14.17,7.75,8.7108
"2015-10-05",11.2,42.13,14.42,7.94,8.9172
"2015-10-06",11.2,42.12,14.39,7.98,8.9688
"2015-10-07",11.14,42.01,14.69,7.96,8.943
"2015-10-08",11.14,41.96,14.49,8.01,8.9946
"2015-10-09",11.15,41.89,,8.05,9.0462
"2015-10-12",11.13,41.84,14.79,8.03,9.029
"2015-10-13",11.05,41.44,14.67,7.98,8.9602
"2015-10-14",10.99,41.3,14.63,7.9,8.8828
"2015-10-15",11.1,41.74,14.91,8,8.986
"2015-10-16",11.14,41.97,14.84,8.05,9.0462
"2015-10-19",11.19,42.2,14.89,8.06,9.0548
"2015-10-20",11.22,42.26,14.82,8.05,9.0376
"2015-10-21",11.28,42.46,,8.04,9.029
"2015-10-22",11.29,42.76,14.76,8.14,9.1408
"2015-10-23",11.39,43.3,14.86,8.23,9.244
"2015-10-26",11.37,43.18,14.92,8.23,9.2354
"2015-10-27",11.26,42.71,14.89,8.16,9.158
"2015-10-28",11.33,42.97,14.83,8.24,9.244
"2015-10-29",11.35,43.17,14.65,8.22,9.2268
"2015-10-30",11.33,43.16,14.68,8.2,9.201
"2015-11-02",11.4,43.37,14.75,8.22,9.2255
"2015-11-03",11.39,43.46,14.88,8.23,9.2427
"2015-11-04",11.4,43.6,15.07,8.26,9.2686
"2015-11-05",11.43,43.55,15.02,8.26,9.2772
"2015-11-06",11.49,43.83,14.8,8.23,9.2427
"2015-11-09",11.46,43.76,14.58,8.14,9.1306
"2015-11-10",11.44,43.8,14.49,8.13,9.1306
"2015-11-11",11.53,44.14,14.37,8.18,9.1737
"2015-11-12",11.41,43.65,14.33,8.08,9.0703
"2015-11-13",11.34,43.4,14.16,8.01,8.9927
"2015-11-16",11.33,43.4,14.14,8.05,9.0272
"2015-11-17",11.42,43.91,14.36,8.21,9.2082
"2015-11-18",11.43,43.91,14.29,8.2,9.1996
"2015-11-19",11.47,44,14.56,8.26,9.26
"2015-11-20",11.46,44.02,14.61,8.29,9.2944
"2015-11-23",11.43,43.93,14.63,8.25,9.2513
"2015-11-24",11.35,43.47,14.53,8.17,9.1651
"2015-11-25",11.47,44.01,14.56,8.27,9.2772
"2015-11-26",11.52,44.23,14.62,8.33,9.3462
"2015-11-27",11.54,44.25,14.45,8.33,9.3376
"2015-11-30",11.63,44.71,14.35,8.33,9.3376
"2015-12-01",11.68,44.78,14.54,8.32,9.3275
"2015-12-02",11.74,45,14.57,8.33,9.3448
"2015-12-03",11.69,44.41,14.58,8.15,9.1287
"2015-12-04",11.68,44.41,14.55,8.11,9.0855
"2015-12-07",11.74,44.66,14.64,8.14,9.1287
"2015-12-08",11.63,44.1,14.48,8.03,9.0077
"2015-12-09",11.58,43.91,14.28,7.98,8.9472
"2015-12-10",11.54,43.84,14.31,7.96,8.9212
"2015-12-11",11.39,43.21,14.18,7.81,8.7656
"2015-12-14",11.3,42.72,14.03,7.73,8.6705
"2015-12-15",11.43,43.36,14.11,7.91,8.8694
"2015-12-16",11.48,43.47,14.17,7.94,8.9039
"2015-12-17",11.54,43.8,14.38,8.03,8.999
"2015-12-18",11.54,43.77,14.28,7.95,8.9039
"2015-12-21",11.51,43.49,14.27,7.9,8.8434
"2015-12-22",11.52,43.38,14.36,7.9,8.8521
"2015-12-23",11.61,43.96,14.38,8.07,9.0423
"2015-12-24",11.64,44,14.4,8.08,9.0509
"2015-12-28",11.58,43.69,14.4,8.05,9.0163
"2015-12-29",11.75,44.37,14.31,8.18,9.1633
"2015-12-30",11.77,44.47,14.28,8.13,9.1114
"2015-12-31",11.75,44.38,14.41,8.08,9.0509
"2016-01-04",11.58,43.73,13.96,7.9,8.8588
"2016-01-05",11.59,43.84,13.89,7.95,8.9108
"2016-01-06",11.49,43.38,13.71,7.89,8.8501
"2016-01-07",11.3,42.48,13.46,7.75,8.6855
"2016-01-08",11.28,42.3,13.48,7.67,8.6005
"2016-01-11",11.19,41.98,13.32,7.63,8.5589
"2016-01-12",11.24,42.12,13.21,7.72,8.6534
"2016-01-13",11.26,42.21,13.35,7.76,8.7028
"2016-01-14",11.03,41.29,13.19,7.67,8.5962
"2016-01-15",10.8,40.15,13.2,7.52,8.4263
"2016-01-18",10.67,39.76,13.27,7.48,8.3899
"2016-01-19",10.81,40.17,13.35,7.6,8.526
"2016-01-20",10.5,38.99,13.05,7.38,8.2746
"2016-01-21",10.59,39.5,13.05,7.49,8.3959
"2016-01-22",10.81,40.46,13.25,7.67,8.6014
"2016-01-25",10.85,40.5,13.45,7.68,8.61
"2016-01-26",10.86,40.62,13.37,7.74,8.6768
"2016-01-27",10.87,40.57,13.37,7.81,8.7548
"2016-01-28",10.78,40.14,13.47,7.72,8.6473
"2016-01-29",10.96,40.88,13.79,7.88,8.8328
"2016-02-01",10.97,40.96,13.89,7.86,8.8072
"2016-02-02",10.9,40.65,13.82,7.75,8.6837
"2016-02-03",10.77,40.14,13.75,7.64,8.5533
"2016-02-04",10.77,39.92,,7.61,8.5229
"2016-02-05",10.71,39.69,,7.55,8.4551
"2016-02-08",10.28,38.01,,7.36,8.2473
"2016-02-09",10.11,37.27,,7.28,8.1568
"2016-02-10",10.24,37.83,,7.36,8.242
"2016-02-11",10.02,36.84,,7.17,8.0308
"2016-02-12",10.1,37.34,,7.31,8.1864
"2016-02-15",10.35,38.32,13.95,7.49,8.3916
"2016-02-16",10.33,38.18,14.1,7.48,8.3829
"2016-02-17",10.58,39.08,14.01,7.63,8.5472
"2016-02-18",10.65,39.46,14.11,7.65,8.5646
"2016-02-19",10.63,39.36,14.19,7.62,8.5316
"2016-02-22",10.71,39.67,14.2,7.72,8.6507
"2016-02-23",10.68,39.5,14.19,7.63,8.542
"2016-02-24",10.57,39,14.13,7.51,8.4107
"2016-02-25",10.74,39.59,14.2,7.65,8.5663
"2016-02-26",10.85,40.09,14.32,7.73,8.6576
"2016-02-29",10.88,40.38,,7.71,8.6342
"2016-03-01",11,40.87,14.53,7.81,8.7471
"2016-03-02",11,40.98,14.61,7.79,8.7296
"2016-03-03",11.07,41.14,14.76,7.77,8.6983
"2016-03-04",11.16,41.47,14.83,7.83,8.7645
"2016-03-07",11.12,41.35,14.85,7.82,8.7558
"2016-03-08",11.03,40.93,14.82,7.8,8.7296
"2016-03-09",11.02,40.94,14.74,7.84,8.7733
"2016-03-10",10.91,40.36,14.76,7.74,8.6721
"2016-03-11",11.08,41.1,14.88,7.89,8.8343
"2016-03-14",11.14,41.38,14.96,7.94,8.8866
"2016-03-15",11.13,41.18,14.74,7.89,8.8256
"2016-03-16",11.19,41.4,14.88,7.9,8.843
"2016-03-17",11.17,41.34,15.07,7.9,8.843
"2016-03-18",11.26,41.75,15.15,7.89,8.8343
"2016-03-21",11.25,41.66,15.18,7.89,8.8343
"2016-03-22",11.27,41.67,15.08,7.9,8.8343
"2016-03-23",11.28,41.65,15.07,7.9,8.843
"2016-03-24",11.2,41.36,15.05,7.81,8.7384
"2016-03-25",11.2,41.35,,7.82,8.7471
"2016-03-28",11.2,41.38,,7.82,8.7471
"2016-03-29",11.24,41.57,14.83,7.85,8.782
"2016-03-30",11.34,41.92,15.12,7.96,8.8953
"2016-03-31",11.36,41.89,15.16,7.91,8.843
"2016-04-01",11.33,41.64,15.05,7.84,8.7647
"2016-04-04",11.35,41.76,,7.88,8.8085
"2016-04-05",11.26,41.32,,7.78,8.7061
"2016-04-06",11.32,41.46,14.83,7.86,8.791
"2016-04-07",11.27,41.3,14.82,7.82,8.756
"2016-04-08",11.34,41.57,14.83,7.89,8.8347
"2016-04-11",11.34,41.7,14.87,7.9,8.8347
"2016-04-12",11.39,41.91,14.78,7.93,8.8697
"2016-04-13",11.51,42.48,14.95,8.03,8.9834
"2016-04-14",11.5,42.44,14.91,8.05,9.0097
"2016-04-15",11.43,42.14,15.01,8.04,9.0009
"2016-04-18",11.44,42.22,14.95,8.07,9.0184
"2016-04-19",11.51,42.54,15.01,8.16,9.1321
"2016-04-20",11.48,42.47,14.81,8.18,9.1496
"2016-04-21",11.45,42.32,14.88,8.13,9.0971
"2016-04-22",11.44,42.43,14.77,8.07,9.0271
"2016-04-25",11.45,42.52,14.79,8.04,9.0009
"2016-04-26",11.45,42.58,14.88,8.03,8.9747
"2016-04-27",11.49,42.66,14.83,8.03,8.9922
"2016-04-28",11.48,42.67,14.77,8.04,9.0009
"2016-04-29",11.39,42.18,14.75,7.91,8.8435
"2016-05-02",11.39,42.12,,7.94,8.879
"2016-05-03",11.34,41.83,14.71,7.87,8.8088
"2016-05-04",11.29,41.57,14.6,7.81,8.7404
"2016-05-05",11.28,41.66,14.61,7.84,8.7737
"2016-05-06",11.26,41.46,14.57,7.84,8.7737
"2016-05-09",11.26,41.47,14.56,7.9,8.8439
"2016-05-10",11.31,41.7,14.59,7.95,8.8965
"2016-05-11",11.34,41.75,14.63,7.93,8.879
"2016-05-12",11.32,41.76,14.61,7.88,8.8263
"2016-05-13",11.36,41.93,14.55,7.92,8.8614
"2016-05-16",11.39,42.04,14.51,7.92,8.8614
"2016-05-17",11.42,42.18,14.61,7.9,8.8439
"2016-05-18",11.44,42.43,14.61,7.91,8.8527
"2016-05-19",11.36,42.2,14.51,7.82,8.7562
"2016-05-20",11.49,42.6,14.6,7.92,8.8702
"2016-05-23",11.55,42.79,14.84,7.89,8.8351
"2016-05-24",11.63,43.33,14.81,8.01,8.9667
"2016-05-25",11.68,43.6,14.95,8.07,9.0457
"2016-05-26",11.71,43.64,14.98,8.11,9.072
"2016-05-27",11.76,43.87,15.06,8.11,9.0896
"2016-05-30",11.77,43.88,15.09,8.13,9.0983
"2016-05-31",11.77,43.8,15.09,8.09,9.0545
"2016-06-01",11.73,43.45,15.23,8.06,9.0197
"2016-06-02",11.74,43.52,15.2,8.05,9.0109
"2016-06-03",11.72,43.26,15.21,8.04,8.9933
"2016-06-06",11.71,43.15,15.39,8.07,9.0373
"2016-06-07",11.75,43.47,15.56,8.13,9.0989
"2016-06-08",11.76,43.41,15.66,8.11,9.0725
"2016-06-09",11.74,43.35,,8.04,8.9933
"2016-06-10",11.54,42.55,,7.89,8.8261
"2016-06-13",11.31,41.57,15.31,7.78,8.7082
"2016-06-14",11.09,40.79,15.42,7.66,8.5727
"2016-06-15",11.13,40.91,15.45,7.72,8.6343
"2016-06-16",10.98,40.31,15.33,7.68,8.5964
"2016-06-17",11.19,41.17,15.42,7.73,8.6492
"2016-06-20",11.45,42.49,15.55,7.94,8.8789
"2016-06-21",11.44,42.57,15.67,7.97,8.9229
"2016-06-22",11.49,42.69,15.73,8,8.9581
"2016-06-23",11.62,43.16,15.71,8.08,9.0461
"2016-06-24",11.04,40.08,15.27,7.79,8.7328
"2016-06-27",10.48,37.7,15.28,7.66,8.585
"2016-06-28",10.71,38.58,15.43,7.82,8.7645
"2016-06-29",10.95,39.48,15.54,8.03,9.0021
"2016-06-30",11.09,39.88,15.75,8.17,9.1605
"2016-07-01",11.21,40.19,,8.23,9.2315
"2016-07-04",11.07,39.7,15.98,8.19,9.1786
"2016-07-05",10.84,38.66,15.87,8.13,9.1168
"2016-07-06",10.71,38.06,15.65,8.04,9.0021
"2016-07-07",10.84,38.53,15.81,8.1,9.0727
"2016-07-08",10.96,39,,8.17,9.1521
"2016-07-11",11.18,39.83,16.1,8.27,9.258
"2016-07-12",11.28,40.43,16.18,8.27,9.2668
"2016-07-13",11.31,40.42,16.22,8.27,9.2668
"2016-07-14",11.33,40.66,16.3,8.28,9.2757
"2016-07-15",11.27,40.35,16.54,8.29,9.2933
"2016-07-18",11.34,40.66,16.58,8.29,9.2845
"2016-07-19",11.38,40.72,16.51,8.27,9.2757
"2016-07-20",11.51,41.26,16.43,8.34,9.3463
"2016-07-21",11.52,41.31,16.52,8.31,9.311
"2016-07-22",11.55,41.32,16.5,8.34,9.3375
"2016-07-25",11.62,41.62,16.36,8.34,9.3375
"2016-07-26",11.62,41.57,16.45,8.36,9.3639
"2016-07-27",11.72,41.87,16.51,8.36,9.3551
"2016-07-28",11.76,41.87,16.64,8.33,9.3286
"2016-07-29",11.79,42.05,16.54,8.36,9.3551
"2016-08-01",11.78,41.91,16.95,8.33,9.329
"2016-08-02",11.76,41.89,,8.26,9.2493
"2016-08-03",11.75,41.95,16.85,8.24,9.2228
"2016-08-04",11.85,42.18,16.86,8.34,9.329
"2016-08-05",11.99,42.65,17.03,8.4,9.4087
"2016-08-08",11.98,42.59,17.12,8.41,9.4087
"2016-08-09",12.08,42.88,17.07,8.5,9.5149
"2016-08-10",12.06,42.71,17.35,8.48,9.4883
"2016-08-11",12.13,42.96,17.14,8.56,9.5768
"2016-08-12",12.15,43,17.14,8.54,9.5591
"2016-08-15",12.18,42.95,17.19,8.56,9.5768
"2016-08-16",12.08,42.68,17.19,8.49,9.4972
"2016-08-17",12.03,42.49,17.14,8.41,9.4175
"2016-08-18",12.1,42.8,17.2,8.46,9.4618
"2016-08-19",12.09,42.65,16.95,8.41,9.4175
"2016-08-22",12.14,42.92,16.76,8.4,9.3998
"2016-08-23",12.21,43.24,16.87,8.43,9.4352
"2016-08-24",12.22,43.43,16.88,8.41,9.4175
"2016-08-25",12.16,43.07,17.01,8.39,9.3821
"2016-08-26",12.2,43.27,17.04,8.41,9.4175
"2016-08-29",12.18,43.18,17.02,8.4,9.3998
"2016-08-30",12.23,43.39,17.05,8.43,9.4352
"2016-08-31",12.16,43.17,17,8.4,9.3998
"2016-09-01",12.23,43.5,16.86,8.37,9.3647
"2016-09-02",12.32,43.91,16.9,8.53,9.5423
"2016-09-05",12.35,44.09,17.21,8.53,9.5423
"2016-09-06",12.37,44.16,17.28,8.5,9.5068
"2016-09-07",12.38,44.12,17.43,8.53,9.5423
"2016-09-08",12.43,44.18,17.45,8.51,9.5245
"2016-09-09",12.34,43.84,17.2,8.42,9.418
"2016-09-12",12.2,43.41,16.76,8.34,9.3381
"2016-09-13",12.17,43.09,16.74,8.29,9.2848
"2016-09-14",12.19,43.16,16.7,8.3,9.2937
"2016-09-15",12.23,43.37,,8.34,9.3381
"2016-09-16",12.24,43.34,,8.29,9.2848
"2016-09-19",12.28,43.43,17.18,8.38,9.3914
"2016-09-20",12.28,43.35,17.24,8.4,9.4002
"2016-09-21",12.3,43.46,17.27,8.4,9.4002
"2016-09-22",12.4,43.86,17.31,8.51,9.5245
"2016-09-23",12.39,43.66,17.38,8.49,9.4979
"2016-09-26",12.31,43.31,17.22,8.38,9.3825
"2016-09-27",12.26,43.25,,8.38,9.3825
"2016-09-28",12.35,43.58,,8.42,9.4269
"2016-09-29",12.38,43.63,17.33,8.42,9.418
"2016-09-30",12.38,43.67,17.23,8.42,9.418
"2016-10-03",12.46,43.79,17.3,8.43,9.4451
"2016-10-04",12.49,43.75,17.35,8.51,9.5164
"2016-10-05",12.48,43.75,17.34,8.45,9.4541
"2016-10-06",12.46,43.61,17.32,8.41,9.4184
"2016-10-07",12.38,43.05,17.24,8.38,9.3828
"2016-10-10",12.43,43.19,,8.45,9.4541
"2016-10-11",12.41,42.98,17.04,8.41,9.4184
"2016-10-12",12.35,42.83,17.1,8.4,9.4006
"2016-10-13",12.31,42.69,16.99,8.35,9.3472
"2016-10-14",12.38,43.02,16.9,8.44,9.4451
"2016-10-17",12.36,42.93,16.9,8.38,9.3739
"2016-10-18",12.43,43.34,17.07,8.46,9.463
"2016-10-19",12.47,43.5,17.15,8.46,9.4719
"2016-10-20",12.48,43.54,17.19,8.5,9.5075
"2016-10-21",12.5,43.66,,8.49,9.4986
"2016-10-24",12.53,43.72,17.23,8.48,9.4808
"2016-10-25",12.46,43.4,17.26,8.46,9.463
"2016-10-26",12.39,43.21,17.29,8.42,9.4184
"2016-10-27",12.38,43.04,17.14,8.43,9.4273
"2016-10-28",12.38,42.97,17.12,8.41,9.4184
"2016-10-31",12.38,42.97,17.13,8.37,9.365
"2016-11-01",12.32,42.67,17.14,8.32,9.303
"2016-11-02",12.2,42.24,16.98,8.24,9.2137
"2016-11-03",12.22,42.48,16.83,8.2,9.178
"2016-11-04",12.07,42.01,16.89,8.13,9.0887
"2016-11-07",12.18,42.37,17.04,8.24,9.2137
"2016-11-08",12.2,42.43,17.03,8.26,9.2405
"2016-11-09",12.24,42.81,16.5,8.31,9.2941
"2016-11-10",12.22,42.89,16.79,8.23,9.1958
"2016-11-11",12.17,42.91,16.35,8.18,9.1423
"2016-11-14",12.17,42.94,16.29,8.13,9.0887
"2016-11-15",12.27,43.22,16.4,8.18,9.1512
"2016-11-16",12.24,43.22,16.49,8.16,9.1333
"2016-11-17",12.29,43.48,16.54,8.21,9.178
"2016-11-18",12.31,43.51,16.51,8.18,9.1512
"2016-11-21",12.28,43.58,16.62,8.19,9.1512
"2016-11-22",12.34,43.67,16.76,8.2,9.1691
"2016-11-23",12.3,43.68,16.81,8.17,9.1333
"2016-11-24",12.32,43.74,16.75,8.19,9.1601
"2016-11-25",12.35,43.79,16.82,8.23,9.2048
"2016-11-28",12.27,43.5,16.93,8.19,9.1601
"2016-11-29",12.27,43.53,16.81,8.19,9.1512
"2016-11-30",12.27,43.57,16.9,8.21,9.178
"2016-12-01",12.23,43.45,16.87,8.13,9.0799
"2016-12-02",12.17,43.29,16.77,8.12,9.071
"2016-12-05",12.23,43.44,16.67,8.16,9.1247
"2016-12-06",12.21,43.39,16.82,8.22,9.1874
"2016-12-07",12.32,43.61,16.98,8.28,9.2501
"2016-12-08",12.37,44,17.17,8.31,9.2859
"2016-12-09",12.43,44.38,17.12,8.4,9.3754
"2016-12-12",12.41,44.28,17.03,8.37,9.3575
"2016-12-13",12.43,44.33,17.09,8.46,9.456
"2016-12-14",12.44,44.32,17.09,8.42,9.4113
"2016-12-15",12.5,44.64,17,8.48,9.4739
"2016-12-16",12.49,44.56,16.96,8.5,9.4918
"2016-12-19",12.53,44.67,16.84,8.52,9.5187
"2016-12-20",12.52,44.67,16.83,8.55,9.5456
"2016-12-21",12.52,44.65,16.8,8.54,9.5366
"2016-12-22",12.57,44.72,16.62,8.55,9.5456
"2016-12-23",12.6,44.74,16.56,8.58,9.5814
"2016-12-26",12.6,44.78,,8.58,9.5814
"2016-12-27",12.63,44.82,,8.6,9.5993
"2016-12-28",12.68,45.12,16.66,8.6,9.5993
"2016-12-29",12.71,45.05,16.62,8.61,9.6172
"2016-12-30",12.76,45.23,16.75,8.62,9.6262
"2017-01-02",12.85,45.68,,8.68,9.6895
"2017-01-03",12.88,45.84,16.75,8.66,9.6715
"2017-01-04",12.91,45.87,16.82,8.67,9.6715
"2017-01-05",12.96,46,17.11,8.67,9.6715
"2017-01-06",13,46.08,17.15,8.67,9.6715
"2017-01-09",13.03,45.95,17.05,8.65,9.6536
"2017-01-10",13.04,45.98,17.15,8.64,9.6446
"2017-01-11",13.06,46.11,17.17,8.63,9.6446
"2017-01-12",13.01,45.8,17.41,8.59,9.5817
"2017-01-13",13.1,46.18,17.32,8.65,9.6536
"2017-01-16",13.05,45.88,17.17,8.62,9.6176
"2017-01-17",13,45.96,17.38,8.56,9.5548
"2017-01-18",13.03,45.97,17.3,8.59,9.5907
"2017-01-19",13,45.94,17.25,8.57,9.5727
"2017-01-20",13,45.88,17.33,8.59,9.5907
"2017-01-23",12.99,45.95,17.43,8.53,9.5189
"2017-01-24",13.01,46.07,17.52,8.55,9.5368
"2017-01-25",13.04,46.33,,8.62,9.6176
"2017-01-26",13.05,46.45,,8.63,9.6356
"2017-01-27",13.09,46.49,,8.62,9.6266
"2017-01-30",13,46.13,,8.55,9.5368
"2017-01-31",13.01,46.11,,8.51,9.4919
"2017-02-01",13.11,46.6,,8.54,9.5297
"2017-02-02",13.14,46.53,17.63,8.55,9.5388
"2017-02-03",13.22,46.77,17.65,8.62,9.6108
"2017-02-06",13.17,46.61,17.87,8.58,9.5658
"2017-02-07",13.22,46.9,17.79,8.6,9.5928
"2017-02-08",13.25,47.05,17.78,8.64,9.6288
"2017-02-09",13.29,47.23,17.88,8.7,9.7099
"2017-02-10",13.36,47.44,17.98,8.73,9.7279
"2017-02-13",13.36,47.55,18.07,8.76,9.7639
"2017-02-14",13.37,47.58,18.17,8.74,9.7459
"2017-02-15",13.4,47.67,18.26,8.77,9.7819
"2017-02-16",13.38,47.5,18.22,8.76,9.7639
"2017-02-17",13.37,47.49,18.17,8.81,9.818
"2017-02-20",13.41,47.64,18.18,8.82,9.836
"2017-02-21",13.41,47.77,18.15,8.85,9.863
"2017-02-22",13.39,47.65,18.22,8.87,9.881
"2017-02-23",13.33,47.51,18.29,8.87,9.89
"2017-02-24",13.17,46.87,18.28,8.83,9.845
"2017-02-27",13.2,46.87,,8.82,9.836
"2017-02-28",13.22,46.86,,8.84,9.854
"2017-03-01",13.33,47.21,18.16,8.94,9.9642
"2017-03-02",13.33,47.21,18.17,8.95,9.9733
"2017-03-03",13.29,46.98,17.98,8.95,9.9823
"2017-03-06",13.28,46.88,18.07,8.94,9.9642
"2017-03-07",13.28,46.87,18.11,8.93,9.9552
"2017-03-08",13.31,46.94,18.13,8.92,9.9371
"2017-03-09",13.29,46.78,17.96,8.94,9.9642
"2017-03-10",13.36,46.8,17.93,8.95,9.9642
"2017-03-13",13.41,47.14,18.09,8.97,9.9823
"2017-03-14",13.33,46.83,18.15,8.95,9.9733
"2017-03-15",13.35,46.97,18.23,8.97,9.9913
"2017-03-16",13.41,47.29,18.44,9.02,10.0365
"2017-03-17",13.46,47.48,18.54,9.04,10.0636
"2017-03-20",13.46,47.42,18.65,9.04,10.0636
"2017-03-21",13.36,47.11,18.75,9.01,10.0275
"2017-03-22",13.27,46.8,18.64,8.98,9.9913
"2017-03-23",13.37,47.22,18.66,9.04,10.0546
"2017-03-24",13.41,47.28,18.61,9.03,10.0455
"2017-03-27",13.36,47.06,18.72,9.03,10.0455
"2017-03-28",13.36,47.03,18.68,9.06,10.0817
"2017-03-29",13.32,46.89,18.68,9.09,10.1178
"2017-03-30",13.38,47.26,18.66,9.11,10.1449
"2017-03-31",13.43,47.51,18.59,9.12,10.1539
"2017-04-03",13.4,47.41,,9.1,10.1195
"2017-04-04",13.45,47.5,,9.12,10.1467
"2017-04-05",13.48,47.65,18.75,9.11,10.1467
"2017-04-06",13.48,47.68,18.61,9.12,10.1467
"2017-04-07",13.53,47.8,18.56,9.15,10.1829
"2017-04-10",13.6,48.08,18.53,9.15,10.1739
"2017-04-11",13.55,48,18.44,9.15,10.1829
"2017-04-12",13.61,48.23,18.47,9.18,10.2101
"2017-04-13",13.62,48.28,18.57,9.16,10.192
"2017-04-14",13.62,48.28,,9.16,10.192
"2017-04-17",13.62,48.31,,9.16,10.192
"2017-04-18",13.54,48.11,18.44,9.05,10.0833
"2017-04-19",13.61,48.36,18.3,9.04,10.0561
"2017-04-20",13.62,48.36,18.3,9.04,10.0561
"2017-04-21",13.6,48.32,18.45,9.03,10.047
"2017-04-24",13.79,48.71,18.5,9.22,10.2645
"2017-04-25",13.87,48.86,18.76,9.22,10.2735
"2017-04-26",13.9,49.12,18.88,9.24,10.2826
"2017-04-27",13.93,49.27,18.81,9.23,10.2645
"2017-04-28",13.98,49.42,18.83,9.22,10.2554
"2017-05-01",13.98,49.35,,9.22,10.2572
"2017-05-02",14.08,49.71,19.04,9.29,10.339
"2017-05-03",14.07,49.67,,9.3,10.339
"2017-05-04",14.16,49.82,19,9.38,10.4298
"2017-05-05",14.19,49.94,18.93,9.42,10.4753
"2017-05-08",14.22,50.15,18.99,9.43,10.4843
"2017-05-09",14.31,50.54,18.96,9.47,10.5207
"2017-05-10",14.33,50.61,19.08,9.47,10.5298
"2017-05-11",14.27,50.35,19.13,9.46,10.5207
"2017-05-12",14.32,50.43,19.09,9.52,10.5843
"2017-05-15",14.36,50.51,19.27,9.53,10.5934
"2017-05-16",14.4,50.45,19.23,9.59,10.6479
"2017-05-17",14.31,50.09,19.15,9.5,10.557
"2017-05-18",14.23,49.88,19.03,9.45,10.4934
"2017-05-19",14.37,50.27,19.03,9.5,10.557
"2017-05-22",14.45,50.47,19.17,9.53,10.5843
"2017-05-23",14.51,50.73,19.1,9.53,10.5934
"2017-05-24",14.57,50.93,19.15,9.53,10.5934
"2017-05-25",14.6,50.97,19.33,9.54,10.6024
"2017-05-26",14.62,50.95,19.28,9.55,10.6024
"2017-05-29",14.63,51,,9.54,10.6024
"2017-05-30",14.6,50.89,,9.53,10.5843
"2017-05-31",14.61,50.9,19.18,9.56,10.6206
"2017-06-01",14.7,51.22,19.23,9.6,10.6589
"2017-06-02",14.74,51.27,19.31,9.64,10.7135
"2017-06-05",14.69,51.14,19.46,9.61,10.6771
"2017-06-06",14.59,50.76,19.39,9.59,10.6498
"2017-06-07",14.58,50.82,19.41,9.56,10.6224
"2017-06-08",14.59,50.87,19.5,9.54,10.5951
"2017-06-09",14.61,50.74,19.48,9.6,10.668
"2017-06-12",14.45,50.06,19.32,9.54,10.5951
"2017-06-13",14.57,50.63,19.29,9.57,10.6316
"2017-06-14",14.63,50.78,19.19,9.59,10.6498
"2017-06-15",14.47,50.37,19.19,9.54,10.586
"2017-06-16",14.55,50.58,19.22,9.6,10.6589
"2017-06-19",14.6,50.78,19.4,9.67,10.7409
"2017-06-20",14.59,50.61,19.46,9.66,10.7227
"2017-06-21",14.53,50.44,19.46,9.62,10.6862
"2017-06-22",14.52,50.39,19.54,9.61,10.6771
"2017-06-23",14.54,50.47,19.55,9.58,10.6407
"2017-06-26",14.54,50.47,19.78,9.61,10.6771
"2017-06-27",14.45,50,19.76,9.53,10.5769
"2017-06-28",14.4,49.95,19.53,9.5,10.5405
"2017-06-29",14.3,49.59,19.57,9.39,10.4129
"2017-06-30",14.32,49.7,19.48,9.35,10.3674
"2017-07-03",14.33,49.76,19.52,9.42,10.4605
"2017-07-04",14.29,49.62,19.42,9.39,10.424
"2017-07-05",14.34,49.82,19.5,9.4,10.424
"2017-07-06",14.27,49.49,19.44,9.34,10.36
"2017-07-07",14.29,49.49,19.36,9.36,10.3783
"2017-07-10",14.28,49.45,19.37,9.39,10.4149
"2017-07-11",14.2,49.03,19.63,9.35,10.3692
"2017-07-12",14.3,49.51,19.74,9.47,10.5062
"2017-07-13",14.33,49.75,19.87,9.47,10.5062
"2017-07-14",14.34,49.84,19.84,9.47,10.5154
"2017-07-17",14.38,49.96,19.84,9.47,10.5062
"2017-07-18",14.42,49.85,19.99,9.41,10.4423
"2017-07-19",14.49,50.23,20,9.43,10.4788
"2017-07-20",14.53,50.04,19.99,9.48,10.5154
"2017-07-21",14.45,49.73,19.95,9.41,10.4423
"2017-07-24",14.4,49.69,20.07,9.34,10.3692
"2017-07-25",14.45,49.86,20.09,9.35,10.3783
"2017-07-26",14.46,49.9,20.02,9.39,10.4149
"2017-07-27",14.54,50.1,20.24,9.37,10.4057
"2017-07-28",14.47,49.77,20.06,9.3,10.3235
"2017-07-31",14.49,49.77,20.1,9.29,10.3052
"2017-08-01",14.57,50.09,20.18,9.34,10.362
"2017-08-02",14.57,49.98,20.38,9.32,10.3529
"2017-08-03",14.59,49.89,20.3,9.34,10.3712
"2017-08-04",14.63,50.13,20.39,9.39,10.4262
"2017-08-07",14.64,50.06,20.44,9.38,10.4078
"2017-08-08",14.64,50.1,20.43,9.38,10.417
"2017-08-09",14.56,49.84,20.23,9.34,10.362
"2017-08-10",14.44,49.42,19.97,9.27,10.2887
"2017-08-11",14.31,48.85,19.96,9.22,10.2246
"2017-08-14",14.47,49.43,19.82,9.29,10.3071
"2017-08-15",14.5,49.52,19.97,9.3,10.3254
"2017-08-16",14.61,49.96,19.92,9.34,10.362
"2017-08-17",14.57,49.81,20.06,9.31,10.3346
"2017-08-18",14.49,49.48,19.96,9.25,10.2613
"2017-08-21",14.48,49.39,19.99,9.23,10.2521
"2017-08-22",14.52,49.54,20.06,9.3,10.3254
"2017-08-23",14.5,49.33,,9.29,10.2979
"2017-08-24",14.48,49.31,20.32,9.29,10.3162
"2017-08-25",14.5,49.38,20.37,9.28,10.2979
"2017-08-28",14.42,49,20.39,9.23,10.2521
"2017-08-29",14.34,48.67,20.28,9.18,10.188
"2017-08-30",14.43,49.09,20.45,9.22,10.2429
"2017-08-31",14.54,49.51,20.46,9.29,10.3071
"2017-09-01",14.63,49.93,20.53,9.31,10.3365
"2017-09-04",14.57,49.64,20.48,9.28,10.2905
"2017-09-05",14.58,49.76,20.55,9.26,10.2722
"2017-09-06",14.57,49.76,20.45,9.28,10.2905
"2017-09-07",14.66,49.9,20.44,9.32,10.3365
"2017-09-08",14.65,50.01,20.58,9.31,10.3273
"2017-09-11",14.77,50.48,20.49,9.4,10.4192
"2017-09-12",14.8,50.7,20.54,9.41,10.4375
"2017-09-13",14.82,50.77,20.4,9.41,10.4375
"2017-09-14",14.86,51.16,20.42,9.38,10.41
"2017-09-15",14.83,51.15,20.55,9.33,10.3457
"2017-09-18",14.86,51.16,20.61,9.37,10.3824
"2017-09-19",14.88,51.19,20.49,9.38,10.3916
"2017-09-20",14.86,51.14,20.36,9.37,10.3824
"2017-09-21",14.88,51.29,20.43,9.37,10.3916
"2017-09-22",14.91,51.28,20.18,9.38,10.41
"2017-09-25",14.91,51.4,19.94,9.4,10.4283
"2017-09-26",14.87,51.35,19.8,9.4,10.4283
"2017-09-27",14.93,51.55,19.95,9.41,10.4375
"2017-09-28",15.07,51.98,19.93,9.43,10.4559
"2017-09-29",15.17,52.2,20.04,9.48,10.511
"2017-10-02",15.26,52.5,,9.54,10.5774
"2017-10-03",15.32,52.68,20.2,9.56,10.5958
"2017-10-04",15.33,52.75,,9.55,10.5958
"2017-10-05",15.36,52.74,,9.59,10.6327
"2017-10-06",15.36,52.63,20.32,9.59,10.6234
"2017-10-09",15.37,52.71,,9.61,10.6603
"2017-10-10",15.36,52.69,,9.61,10.6511
"2017-10-11",15.41,52.75,20.56,9.63,10.6695
"2017-10-12",15.49,52.96,20.72,9.65,10.6879
"2017-10-13",15.48,53.1,20.81,9.63,10.6695
"2017-10-16",15.46,53.1,20.88,9.62,10.6695
"2017-10-17",15.39,52.78,20.77,9.62,10.6695
"2017-10-18",15.42,52.82,20.7,9.66,10.7064
"2017-10-19",15.29,52.27,20.76,9.63,10.6695
"2017-10-20",15.29,52.33,20.68,9.64,10.6787
"2017-10-23",15.31,52.45,20.76,9.64,10.6879
"2017-10-24",15.31,52.31,20.78,9.61,10.6511
"2017-10-25",15.32,52.35,20.84,9.54,10.5774
"2017-10-26",15.37,52.59,20.89,9.66,10.7064
"2017-10-27",15.41,52.86,20.72,9.7,10.7617
"2017-10-30",15.5,53.17,20.82,9.71,10.7709
"2017-10-31",15.57,53.41,20.93,9.73,10.7801
"2017-11-01",15.57,53.47,21.03,9.76,10.8189
"2017-11-02",15.5,52.92,21.03,9.75,10.8189
"2017-11-03",15.6,53.35,21.09,9.77,10.8374
"2017-11-06",15.62,53.55,21.06,9.77,10.8374
"2017-11-07",15.54,53.32,21.15,9.72,10.7819
"2017-11-08",15.49,53.09,21.18,9.75,10.8096
"2017-11-09",15.31,52.38,21.02,9.66,10.708
"2017-11-10",15.25,52.28,21.01,9.61,10.6618
"2017-11-13",15.13,51.67,20.87,9.59,10.6341
"2017-11-14",15.11,51.38,20.9,9.56,10.6064
"2017-11-15",14.98,50.9,20.82,9.52,10.551
"2017-11-16",15.14,51.53,20.9,9.57,10.6064
"2017-11-17",15.14,51.49,21.02,9.53,10.5787
"2017-11-20",15.22,51.88,21,9.58,10.6249
"2017-11-21",15.29,52.17,21.18,9.63,10.6803
"2017-11-22",15.31,52.26,21.4,9.6,10.6433
"2017-11-23",15.34,52.28,21.52,9.6,10.6433
"2017-11-24",15.31,52.05,21.47,9.6,10.6433
"2017-11-27",15.28,51.96,21.35,9.56,10.6064
"2017-11-28",15.37,52.17,21.27,9.64,10.6895
"2017-11-29",15.38,52.47,21.26,9.62,10.6711
"2017-11-30",15.4,52.5,21.03,9.61,10.6618
"2017-12-01",15.35,52.37,20.97,9.55,10.5896
"2017-12-04",15.38,52.5,20.94,9.64,10.6822
"2017-12-05",15.33,52.41,20.83,9.61,10.6544
"2017-12-06",15.25,52.06,20.49,9.62,10.6637
"2017-12-07",15.32,52.3,20.51,9.61,10.6544
"2017-12-08",15.43,52.66,20.63,9.64,10.6915
"2017-12-11",15.45,52.61,20.79,9.66,10.7007
"2017-12-12",15.49,52.9,20.72,9.7,10.7563
"2017-12-13",15.46,52.77,20.72,9.68,10.7193
"2017-12-14",15.48,52.89,20.79,9.62,10.6729
"2017-12-15",15.44,52.56,20.7,9.63,10.6729
"2017-12-18",15.53,52.98,20.69,9.71,10.7656
"2017-12-19",15.55,52.92,20.63,9.68,10.7285
"2017-12-20",15.5,52.67,20.73,9.62,10.6637
"2017-12-21",15.53,52.77,20.67,9.67,10.7193
"2017-12-22",15.54,52.93,20.77,9.66,10.7007
"2017-12-26",15.56,52.92,,9.66,10.71
"2017-12-27",15.63,53.19,20.68,9.68,10.7193
"2017-12-28",15.66,53.22,20.89,9.67,10.71
"2017-12-29",15.71,53.39,21.09,9.67,10.71
"2018-01-02",15.77,53.62,21.27,9.64,10.684
"2018-01-03",15.9,54.01,21.48,9.68,10.7304
"2018-01-04",16.05,54.45,21.58,9.73,10.7955
"2018-01-05",16.09,54.71,21.67,9.81,10.8791
"2018-01-08",16.15,55.04,21.63,9.81,10.8884
"2018-01-09",16.25,55.39,21.56,9.86,10.9255
"2018-01-10",16.2,55.17,21.45,9.82,10.8977
"2018-01-11",16.23,55.14,21.42,9.81,10.8791
"2018-01-12",16.29,55.34,21.55,9.83,10.8977
"2018-01-15",16.31,55.3,21.75,9.81,10.8791
"2018-01-16",16.33,55.36,21.75,9.81,10.8884
"2018-01-17",16.3,55.4,21.76,9.82,10.8884
"2018-01-18",16.31,55.49,21.84,9.82,10.8977
"2018-01-19",16.38,55.66,22.05,9.89,10.9627
"2018-01-22",16.48,56.1,22.21,9.89,10.972
"2018-01-23",16.55,56.28,22.22,9.9,10.9813
"2018-01-24",16.48,56.18,22.17,9.83,10.907
"2018-01-25",16.46,56.03,22.2,9.77,10.8326
"2018-01-26",16.56,56.44,22.23,9.81,10.8884
"2018-01-29",16.54,56.35,22.25,9.8,10.8605
"2018-01-30",16.35,55.72,22.06,9.71,10.7676
"2018-01-31",16.35,55.71,22.14,9.68,10.7304
"2018-02-01",16.38,55.8,22.1,9.62,10.6607
"2018-02-02",16.19,55.01,22.02,9.53,10.5675
"2018-02-05",15.91,53.92,21.7,9.41,10.4371
"2018-02-06",15.58,52.78,20.92,9.15,10.1575
"2018-02-07",15.85,53.74,21.18,9.32,10.3439
"2018-02-08",15.61,53.01,21.07,9.17,10.1762
"2018-02-09",15.49,52.47,20.82,9.07,10.0643
"2018-02-12",15.69,53.12,20.92,9.18,10.1948
"2018-02-13",15.64,52.87,,9.12,10.1296
"2018-02-14",15.8,53.45,,9.2,10.2134
"2018-02-15",15.89,53.74,,9.24,10.2507
"2018-02-16",16.03,54.33,,9.33,10.3532
"2018-02-19",15.93,53.96,,9.27,10.2973
"2018-02-20",16.01,54.26,,9.31,10.3253
"2018-02-21",16.01,54.26,21.44,9.32,10.3439
"2018-02-22",15.98,54.07,21.27,9.33,10.3532
"2018-02-23",15.95,54.08,21.42,9.37,10.3905
"2018-02-26",16,54.2,21.53,9.42,10.4464
"2018-02-27",16.01,54.28,21.53,9.37,10.3998
"2018-02-28",15.94,53.92,,9.32,10.3346
"2018-03-01",15.78,53.32,21.44,9.23,10.2366
"2018-03-02",15.64,52.64,21.36,9.07,10.059
"2018-03-05",15.79,53.2,21.22,9.15,10.1525
"2018-03-06",15.89,53.42,21.36,9.17,10.1712
"2018-03-07",15.92,53.51,21.36,9.19,10.1992
"2018-03-08",16.07,54.08,21.45,9.3,10.3114
"2018-03-09",16.16,54.45,21.46,9.31,10.3301
"2018-03-12",16.21,54.67,21.71,9.34,10.3581
"2018-03-13",16.11,54.29,21.89,9.25,10.2646
"2018-03-14",16.09,54.27,21.84,9.22,10.2366
"2018-03-15",16.14,54.5,21.93,9.25,10.2646
"2018-03-16",16.12,54.45,21.94,9.26,10.274
"2018-03-19",16.01,54.12,21.98,9.17,10.1712
"2018-03-20",16.05,54.31,21.94,9.18,10.1992
"2018-03-21",16.02,54.29,21.95,9.16,10.1712
"2018-03-22",15.8,53.51,21.94,9.04,10.0309
"2018-03-23",15.66,52.96,21.63,8.99,9.9842
"2018-03-26",15.63,52.82,21.78,8.93,9.9094
"2018-03-27",15.75,53.19,21.92,9.05,10.0403
"2018-03-28",15.61,52.68,21.75,9.12,10.1244
"2018-03-29",15.61,52.68,21.77,9.15,10.1525
"2018-03-30",15.63,52.67,,9.16,10.1618
"2018-04-02",15.5,52.26,,9.06,10.0635
"2018-04-03",15.65,52.91,21.82,9.1,10.101
"2018-04-04",15.51,52.37,,9.08,10.0823
"2018-04-05",15.76,53.23,,9.26,10.2886
"2018-04-06",15.74,53.18,,9.25,10.2699
"2018-04-09",15.73,53.13,21.89,9.27,10.2886
"2018-04-10",15.79,53.36,21.95,9.34,10.373
"2018-04-11",15.79,53.3,22.06,9.3,10.3168
"2018-04-12",15.86,53.69,21.97,9.32,10.3543
"2018-04-13",15.9,53.78,22.02,9.33,10.373
"2018-04-16",15.89,53.73,22.03,9.31,10.3355
"2018-04-17",15.99,54.09,21.87,9.37,10.4012
"2018-04-18",16.06,54.17,22.05,9.41,10.4481
"2018-04-19",16.15,54.5,22.26,9.38,10.4105
"2018-04-20",16.17,54.44,21.88,9.38,10.4199
"2018-04-23",16.21,54.57,21.63,9.4,10.4387
"2018-04-24",16.12,54.26,21.39,9.41,10.4574
"2018-04-25",16,53.86,21.27,9.36,10.4012
"2018-04-26",16.12,54.32,21.19,9.48,10.5231
"2018-04-27",16.21,54.46,21.4,9.57,10.6169
"2018-04-30",16.25,54.57,21.52,9.6,10.6544
"2018-05-01",16.23,54.44,,9.54,10.584
"2018-05-02",16.39,55.02,21.53,9.62,10.6781
"2018-05-03",16.33,54.78,21.42,9.57,10.6311
"2018-05-04",16.39,55.04,21.46,9.62,10.6781
"2018-05-07",16.52,55.56,21.59,9.7,10.7628
"2018-05-08",16.57,55.79,21.68,9.68,10.7534
"2018-05-09",16.63,56.17,21.65,9.73,10.8004
"2018-05-10",16.68,56.15,21.78,9.76,10.8286
"2018-05-11",16.71,56.28,21.9,9.75,10.8192
"2018-05-14",16.74,56.37,22.15,9.74,10.8098
"2018-05-15",16.64,56.09,22.05,9.75,10.8192
"2018-05-16",16.71,56.5,22.08,9.73,10.8004
"2018-05-17",16.88,57.04,21.89,9.8,10.8757
"2018-05-18",16.85,56.94,21.86,9.8,10.8757
"2018-05-21",16.93,57.21,21.95,9.85,10.9321
"2018-05-22",16.95,57.32,,9.85,10.9321
"2018-05-23",16.85,56.99,21.88,9.75,10.8192
"2018-05-24",16.86,57,22.07,9.69,10.7628
"2018-05-25",16.86,57.06,22.11,9.68,10.7534
"2018-05-28",16.78,56.82,22.17,9.66,10.7251
"2018-05-29",16.63,56.34,22.04,9.55,10.6028
"2018-05-30",16.67,56.38,21.83,9.58,10.6499
"2018-05-31",16.74,56.56,21.97,9.54,10.5934
"2018-06-01",16.8,56.83,22.09,9.61,10.6644
"2018-06-04",16.94,57.24,22.45,9.66,10.7305
"2018-06-05",16.98,57.47,22.34,9.62,10.6833
"2018-06-06",17.03,57.5,22.56,9.61,10.6644
"2018-06-07",17.05,57.48,22.6,9.61,10.6738
"2018-06-08",17.04,57.48,22.38,9.58,10.6455
"2018-06-11",17.13,57.72,22.39,9.66,10.7305
"2018-06-12",17.13,57.81,22.39,9.65,10.721
"2018-06-13",17.11,57.71,22.44,9.64,10.7116
"2018-06-14",17.2,58.26,22.26,9.73,10.806
"2018-06-15",17.04,57.56,22.35,9.65,10.721
"2018-06-18",17.03,57.45,,9.59,10.655
"2018-06-19",16.89,56.92,21.93,9.56,10.6266
"2018-06-20",16.98,57.24,22.03,9.57,10.6361
"2018-06-21",16.87,56.89,21.96,9.5,10.5511
"2018-06-22",17.01,57.31,21.9,9.63,10.7116
"2018-06-25",16.8,56.47,21.8,9.5,10.5511
"2018-06-26",16.84,56.62,21.66,9.48,10.5417
"2018-06-27",16.86,56.67,21.62,9.57,10.6361
"2018-06-28",16.73,56.13,21.53,9.53,10.5983
"2018-06-29",16.85,56.51,21.87,9.59,10.655
"2018-07-02",16.78,56.3,,9.52,10.5841
"2018-07-03",16.85,56.61,21.54,9.62,10.6883
"2018-07-04",16.78,56.48,21.55,9.63,10.7072
"2018-07-05",16.8,56.43,21.35,9.66,10.7451
"2018-07-06",16.86,56.62,21.44,9.67,10.7546
"2018-07-09",16.86,56.54,21.77,9.74,10.8208
"2018-07-10",17.02,57.17,21.9,9.78,10.8682
"2018-07-11",16.89,56.66,21.7,9.68,10.764
"2018-07-12",16.94,56.83,21.8,9.74,10.8303
"2018-07-13",16.93,56.8,21.9,9.75,10.8492
"2018-07-16",16.91,56.72,21.85,9.7,10.7924
"2018-07-17",17.01,57.03,21.86,9.74,10.8303
"2018-07-18",17.08,57.13,21.8,9.77,10.8682
"2018-07-19",17.06,56.99,21.74,9.77,10.8682
"2018-07-20",17.01,56.83,21.78,9.77,10.8682
"2018-07-23",16.98,56.75,21.8,9.75,10.8398
"2018-07-24",17.06,57.09,21.8,9.77,10.8682
"2018-07-25",17.03,57.06,21.86,9.75,10.8492
"2018-07-26",17.04,57.12,21.96,9.8,10.8966
"2018-07-27",17.08,57.22,22.01,9.85,10.9534
"2018-07-30",16.99,56.88,21.89,9.83,10.925
"2018-07-31",16.97,56.79,21.84,9.85,10.9439
"2018-08-01",16.93,56.75,21.91,9.77,10.8634
"2018-08-02",16.83,56.35,21.63,9.74,10.8254
"2018-08-03",16.9,56.61,21.79,9.8,10.9014
"2018-08-06",16.89,56.54,21.93,9.81,10.9108
"2018-08-07",16.91,56.53,21.92,9.87,10.9773
"2018-08-08",16.9,56.34,21.93,9.87,10.9678
"2018-08-09",16.96,56.6,21.82,9.88,10.9773
"2018-08-10",16.85,56.43,21.71,9.78,10.8634
"2018-08-13",16.78,56.19,21.2,9.77,10.8539
"2018-08-14",16.71,56.03,21.37,9.71,10.7969
"2018-08-15",16.51,55.25,21.18,9.63,10.7019
"2018-08-16",16.59,55.44,21.15,9.63,10.7019
"2018-08-17",16.58,55.38,21.17,9.65,10.7304
"2018-08-20",16.65,55.56,21.11,9.71,10.7969
"2018-08-21",16.76,55.86,21.26,9.73,10.8254
"2018-08-22",16.8,55.96,21.22,9.78,10.8729
"2018-08-23",16.84,56,21.27,9.8,10.8824
"2018-08-24",16.9,56.12,21.2,9.8,10.9014
"2018-08-27",17.04,56.52,21.36,9.88,10.9868
"2018-08-28",17,56.25,21.47,9.84,10.9488
"2018-08-29",16.97,56.35,21.64,9.83,10.9298
"2018-08-30",16.92,56.3,21.6,9.8,10.9014
"2018-08-31",16.93,56.39,21.65,9.73,10.8159
"2018-09-03",16.94,56.27,21.49,9.74,10.8399
"2018-09-04",16.81,55.86,21.57,9.69,10.7732
"2018-09-05",16.75,55.65,21.46,9.57,10.6494
"2018-09-06",16.69,55.46,21.39,9.54,10.6113
"2018-09-07",16.68,55.59,21.23,9.53,10.5922
"2018-09-10",16.7,55.69,20.93,9.56,10.6399
"2018-09-11",16.71,55.76,21.04,9.57,10.6399
"2018-09-12",16.72,55.83,20.94,9.65,10.7256
"2018-09-13",16.69,55.72,20.96,9.59,10.6684
"2018-09-14",16.75,55.88,21.18,9.63,10.7065
"2018-09-17",16.72,55.89,21.12,9.6,10.6875
"2018-09-18",16.72,55.89,21.06,9.62,10.697
"2018-09-19",16.7,55.88,21.19,9.6,10.678
"2018-09-20",16.74,55.98,21.12,9.67,10.7542
"2018-09-21",16.79,55.95,21.34,9.74,10.8304
"2018-09-24",16.7,55.65,,9.72,10.8113
"2018-09-25",16.73,55.77,,9.8,10.897
"2018-09-26",16.74,55.84,21.32,9.83,10.9256
"2018-09-27",16.7,55.8,21.47,9.88,10.9923
"2018-09-28",16.63,55.61,21.44,9.83,10.9256
"2018-10-01",16.71,55.96,,9.86,10.9688
"2018-10-02",16.62,55.56,21.26,9.82,10.9115
"2018-10-03",16.66,55.74,21.14,9.85,10.9401
"2018-10-04",16.48,55.17,20.83,9.72,10.8159
"2018-10-05",16.27,54.56,20.54,9.65,10.7299
"2018-10-08",16,53.62,20.4,9.55,10.6153
"2018-10-09",15.91,53.43,20.41,9.57,10.6344
"2018-10-10",15.61,52.39,,9.47,10.5293
"2018-10-11",15.28,51.2,19.32,9.27,10.3095
"2018-10-12",15.4,51.64,19.8,9.25,10.2809
"2018-10-15",15.36,51.47,19.51,9.28,10.3191
"2018-10-16",15.58,52.31,19.61,9.42,10.4624
"2018-10-17",15.61,52.38,,9.38,10.4242
"2018-10-18",15.57,52.18,19.57,9.35,10.386
"2018-10-19",15.44,51.68,19.54,9.38,10.4242
"2018-10-22",15.37,51.44,19.66,9.32,10.3573
"2018-10-23",14.97,50.07,19.32,9.17,10.1949
"2018-10-24",15,50.24,19.34,9.2,10.2331
"2018-10-25",15.02,50.23,18.99,9.23,10.2713
"2018-10-26",14.91,49.82,18.9,9.15,10.1758
"2018-10-29",15.04,50.2,18.96,9.2,10.2235
"2018-10-30",14.98,49.89,19.02,9.22,10.2522
"2018-10-31",15.17,50.67,19.45,9.35,10.3955
"2018-11-01",15.35,51.45,19.56,9.31,10.3526
"2018-11-02",15.53,52.05,19.79,9.29,10.3238
"2018-11-05",15.41,51.7,19.63,9.3,10.343
"2018-11-06",15.38,51.6,19.48,9.29,10.3238
"2018-11-07",15.46,51.93,19.64,9.4,10.4484
"2018-11-08",15.47,52,19.71,9.43,10.4772
"2018-11-09",15.31,51.44,19.52,9.46,10.5155
"2018-11-12",15.09,50.67,19.5,9.42,10.4676
"2018-11-13",15.08,50.8,19.44,9.43,10.4772
"2018-11-14",15.01,50.45,19.48,9.39,10.4293
"2018-11-15",14.87,49.65,19.58,9.34,10.3813
"2018-11-16",14.85,49.55,19.51,9.34,10.3813
"2018-11-19",14.71,48.96,19.54,9.29,10.3238
"2018-11-20",14.46,48.18,19.39,9.21,10.2376
"2018-11-21",14.59,48.59,19.47,9.32,10.3622
"2018-11-22",14.56,48.58,19.46,9.26,10.2951
"2018-11-23",14.6,48.73,19.38,9.29,10.3334
"2018-11-26",14.73,49.17,19.53,9.41,10.458
"2018-11-27",14.7,49.06,19.53,9.41,10.458
"2018-11-28",14.75,49.26,19.64,9.39,10.4389
"2018-11-29",14.87,49.53,19.69,9.39,10.4389
"2018-11-30",14.84,49.5,19.68,9.36,10.4101
"2018-12-03",14.92,49.73,20.05,9.44,10.492
"2018-12-04",14.71,49.01,19.99,9.41,10.4632
"2018-12-05",14.57,48.55,19.65,9.3,10.3382
"2018-12-06",14.19,47.23,19.22,9.02,10.04
"2018-12-07",14.27,47.42,19.33,9.11,10.1362
"2018-12-10",14,46.31,19.09,8.99,10.0016
"2018-12-11",14.13,46.81,19.27,9.09,10.117
"2018-12-12",14.33,47.54,19.43,9.17,10.2035
"2018-12-13",14.24,47.21,19.47,9.15,10.1843
"2018-12-14",14.21,47.11,19.37,9.12,10.1458
"2018-12-17",13.97,46.29,19.36,9.02,10.0304
"2018-12-18",13.94,46.16,19.24,8.94,9.9439
"2018-12-19",13.96,46.13,19.31,8.98,9.992
"2018-12-20",13.73,45.32,19.2,8.88,9.8862
"2018-12-21",13.77,45.53,19.22,8.86,9.8669
"2018-12-24",13.66,45.18,19.18,8.78,9.7804
"2018-12-26",13.65,45.07,,8.76,9.7515
"2018-12-27",13.62,44.88,19.22,8.69,9.6842
"2018-12-28",13.87,45.79,19.57,8.86,9.8669
"2018-12-31",14.03,46.4,,8.9,9.9054
"2019-01-02",14.11,46.63,19.18,8.9,9.9008
"2019-01-03",14.02,46.28,19.03,8.87,9.8815
"2019-01-04",14.28,47.3,18.94,9.06,10.0841
"2019-01-07",14.48,47.89,19.23,9.02,10.0455
"2019-01-08",14.6,48.29,19.13,9.1,10.1324
"2019-01-09",14.81,48.91,19.34,9.15,10.1999
"2019-01-10",14.84,48.99,19.36,9.18,10.2289
"2019-01-11",14.82,49.07,19.43,9.17,10.2192
"2019-01-14",14.75,48.89,19.34,9.12,10.1613
"2019-01-15",14.66,48.62,19.49,9.16,10.2096
"2019-01-16",14.71,48.88,19.44,9.16,10.2096
"2019-01-17",14.73,49.03,19.47,9.18,10.2289
"2019-01-18",14.88,49.52,19.56,9.32,10.3833
"2019-01-21",14.91,49.61,19.57,9.33,10.3929
"2019-01-22",14.86,49.5,19.54,9.28,10.3447
"2019-01-23",14.84,49.52,19.54,9.27,10.3254
"2019-01-24",14.86,49.64,19.59,9.3,10.364
"2019-01-25",15.02,50.2,19.77,9.27,10.335
"2019-01-28",14.94,49.81,19.86,9.2,10.2578
"2019-01-29",14.96,49.9,19.71,9.29,10.3543
"2019-01-30",15,49.95,19.77,9.33,10.4026
"2019-01-31",15.04,50.12,,9.37,10.4412
"2019-02-01",15.04,50.02,,9.42,10.4969
"2019-02-04",15.08,50.16,,9.45,10.5357
"2019-02-05",15.18,50.39,,9.58,10.6809
"2019-02-06",15.18,50.41,,9.56,10.6616
"2019-02-07",14.94,49.61,,9.5,10.5841
"2019-02-08",14.81,49.22,,9.43,10.5163
"2019-02-11",14.91,49.52,19.85,9.52,10.6131
"2019-02-12",14.96,49.66,19.94,9.55,10.6519
"2019-02-13",15.06,50.01,19.95,9.61,10.71
"2019-02-14",15.12,50.1,19.93,9.59,10.6906
"2019-02-15",15.24,50.61,19.88,9.66,10.7778
"2019-02-18",15.32,50.89,19.98,9.67,10.7778
"2019-02-19",15.31,50.92,20.01,9.65,10.7584
"2019-02-20",15.37,51.11,20.24,9.7,10.8262
"2019-02-21",15.36,51.08,20.28,9.7,10.8262
"2019-02-22",15.39,51.2,20.35,9.7,10.8262
"2019-02-25",15.42,51.28,20.47,9.69,10.8068
"2019-02-26",15.47,51.65,20.44,9.71,10.8359
"2019-02-27",15.39,51.48,20.44,9.67,10.7778
"2019-02-28",15.42,51.51,,9.77,10.8726
"2019-03-01",15.57,51.9,,9.74,10.8629
"2019-03-04",15.69,52.34,20.38,9.77,10.892
"2019-03-05",15.72,52.45,20.29,9.81,10.9406
"2019-03-06",15.7,52.33,20.37,9.82,10.9503
"2019-03-07",15.54,51.92,20.21,9.79,10.9212
"2019-03-08",15.43,51.34,20.1,9.73,10.8532
"2019-03-11",15.46,51.64,20.14,9.77,10.892
"2019-03-12",15.49,51.55,20.26,9.79,10.9115
"2019-03-13",15.51,51.82,20.3,9.8,10.9309
"2019-03-14",15.6,52.2,20.27,9.88,11.0086
"2019-03-15",15.69,52.53,20.48,9.95,11.0961
"2019-03-18",15.66,52.3,20.65,10,11.1544
"2019-03-19",15.75,52.62,20.7,10.02,11.1738
"2019-03-20",15.68,52.31,20.72,9.91,11.0475
"2019-03-21",15.67,52.08,20.87,9.93,11.0669
"2019-03-22",15.45,51.64,20.88,9.8,10.9309
"2019-03-25",15.31,51.12,20.58,9.76,10.892
"2019-03-26",15.4,51.54,20.73,9.84,10.9795
"2019-03-27",15.36,51.43,20.68,9.82,10.9503
"2019-03-28",15.38,51.36,20.63,9.84,10.9698
"2019-03-29",15.52,51.77,20.91,9.9,11.0378
"2019-04-01",15.63,52.36,21.01,9.95,11.0842
"2019-04-02",15.69,52.46,21.06,10.01,11.1622
"2019-04-03",15.91,53.28,21.1,10.07,11.2304
"2019-04-04",15.88,53.09,,10.08,11.2402
"2019-04-05",16.03,53.49,,10.11,11.2791
"2019-04-08",15.94,53.15,21.31,10.1,11.2597
"2019-04-09",15.84,52.75,21.43,10.04,11.2012
"2019-04-10",15.77,52.62,21.43,10.06,11.2207
"2019-04-11",15.86,52.84,21.26,10.07,11.2304
"2019-04-12",15.97,53.16,21.27,10.06,11.2304
"2019-04-15",16.05,53.41,21.53,10.06,11.2304
"2019-04-16",16.09,53.53,21.58,10.11,11.2791
"2019-04-17",16.1,53.5,21.86,10.13,11.2986
"2019-04-18",16.11,53.57,21.67,10.16,11.3376
"2019-04-19",16.11,53.58,,10.16,11.3376
"2019-04-22",16.11,53.51,,10.16,11.3376
"2019-04-23",16.2,53.79,21.59,10.24,11.4254
"2019-04-24",16.22,53.89,21.58,10.22,11.4059
"2019-04-25",16.24,53.94,21.55,10.2,11.3766
"2019-04-26",16.31,54.21,21.3,10.22,11.3961
"2019-04-29",16.3,54.1,21.19,10.22,11.4059
"2019-04-30",16.31,54.19,21.35,10.22,11.4059
"2019-05-01",16.33,54.24,,10.22,11.4035
"2019-05-02",16.26,54,21.46,10.16,11.3351
"2019-05-03",16.34,54.43,21.77,10.17,11.3449
"2019-05-06",16.18,53.77,21.24,10.08,11.2471
"2019-05-07",16.1,53.47,21.52,10.03,11.1982
"2019-05-08",16.14,53.48,21.38,10.01,11.1786
"2019-05-09",15.9,52.61,20.82,9.93,11.0808
"2019-05-10",16,52.98,20.78,9.95,11.1004
"2019-05-13",15.8,52.26,,9.9,11.0515
"2019-05-14",15.97,52.82,20.3,9.99,11.159
"2019-05-15",16,52.87,20.5,10.06,11.2275
"2019-05-16",16.09,53.13,20.29,10.21,11.3938
"2019-05-17",16.09,53.02,19.77,10.21,11.3938
"2019-05-20",15.98,52.64,19.71,10.15,11.3253
"2019-05-21",16.08,53.05,19.91,10.2,11.384
"2019-05-22",16.1,53.01,19.86,10.18,11.3644
"2019-05-23",15.84,52.1,19.56,10.05,11.2275
"2019-05-24",15.95,52.5,19.5,10.12,11.296
"2019-05-27",15.97,52.54,19.56,10.14,11.3253
"2019-05-28",15.96,52.5,19.56,10.11,11.296
"2019-05-29",15.73,51.79,19.47,9.98,11.1493
"2019-05-30",15.86,52.19,19.61,10.05,11.2177
"2019-05-31",15.75,51.85,19.86,9.96,11.1101
"2019-06-03",15.68,51.49,19.86,9.98,11.147
"2019-06-04",15.74,51.72,19.73,10.02,11.1863
"2019-06-05",15.8,51.93,19.84,10.04,11.2157
"2019-06-06",15.79,51.81,19.75,10.08,11.2648
"2019-06-07",15.87,52.06,,10.19,11.3825
"2019-06-10",15.93,52.19,19.96,10.23,11.4218
"2019-06-11",15.93,52.21,20.13,10.26,11.461
"2019-06-12",15.9,52.04,20.15,10.23,11.4218
"2019-06-13",15.92,52.15,20.08,10.23,11.4218
"2019-06-14",15.86,51.98,20.01,10.21,11.4022
"2019-06-17",15.87,51.92,20.11,10.21,11.4022
"2019-06-18",16.02,52.47,20.15,10.31,11.5101
"2019-06-19",15.93,52.26,20.58,10.3,11.5003
"2019-06-20",16.03,52.64,20.86,10.32,11.5297
"2019-06-21",16.04,52.57,20.81,10.31,11.5199
"2019-06-24",15.98,52.31,20.93,10.32,11.5297
"2019-06-25",16.02,52.48,20.77,10.32,11.5199
"2019-06-26",15.96,52.24,20.78,10.28,11.4807
"2019-06-27",15.99,52.32,21.03,10.28,11.4807
"2019-06-28",16.11,52.73,21.05,10.3,11.5003
"2019-07-01",16.2,53.06,,10.37,11.5865
"2019-07-02",16.15,52.87,21.34,10.45,11.6653
"2019-07-03",16.24,53.23,21.07,10.53,11.7637
"2019-07-04",16.24,53.22,21.17,10.53,11.7637
"2019-07-05",16.2,53.04,21.19,10.47,11.6948
"2019-07-08",16.07,52.63,21.08,10.47,11.7046
"2019-07-09",15.97,52.23,21.02,10.46,11.6948
"2019-07-10",16.02,52.35,21.19,10.43,11.6554
"2019-07-11",16.01,52.42,21.45,10.41,11.6357
"2019-07-12",16.07,52.65,21.44,10.41,11.6357
"2019-07-15",16.09,52.7,21.53,10.44,11.6751
"2019-07-16",16.14,52.8,21.6,10.47,11.7046
"2019-07-17",16.04,52.46,21.47,10.43,11.6554
"2019-07-18",15.98,52.35,21.38,10.39,11.616
"2019-07-19",16.01,52.48,21.56,10.41,11.6357
"2019-07-22",16.1,52.73,21.67,10.41,11.6456
"2019-07-23",16.13,52.9,21.68,10.47,11.7046
"2019-07-24",16.17,53.13,21.73,10.45,11.685
"2019-07-25",16.25,53.26,21.87,10.39,11.616
"2019-07-26",16.31,53.39,21.82,10.46,11.6948
"2019-07-29",16.29,53.07,21.77,10.49,11.7243
"2019-07-30",16.17,52.49,21.66,10.38,11.6062
"2019-07-31",16.18,52.68,21.67,10.36,11.5865
"2019-08-01",16.22,52.78,21.48,10.41,11.6434
"2019-08-02",16.03,52.03,20.85,10.21,11.4163
"2019-08-05",15.75,50.99,20.51,10.04,11.2187
"2019-08-06",15.73,50.88,20.56,9.98,11.1595
"2019-08-07",15.78,50.95,20.66,10.04,11.2187
"2019-08-08",15.99,51.67,21.01,10.19,11.3965
"2019-08-09",15.84,51.14,,10.17,11.3669
"2019-08-12",15.79,50.96,21.05,10.16,11.357
"2019-08-13",15.82,51.14,20.92,10.2,11.3965
"2019-08-14",15.65,50.58,21.16,10.07,11.2582
"2019-08-15",15.48,50.18,20.97,10.06,11.2484
"2019-08-16",15.64,50.76,21.11,10.16,11.3669
"2019-08-19",15.8,51.25,21.34,10.27,11.4755
"2019-08-20",15.71,50.95,21.35,10.19,11.3965
"2019-08-21",15.9,51.6,21.45,10.3,11.5249
"2019-08-22",15.86,51.57,21.52,10.23,11.4459
"2019-08-23",15.8,51.3,21.45,10.17,11.3768
"2019-08-26",15.77,51.21,21.08,10.17,11.3768
"2019-08-27",15.83,51.52,21.21,10.22,11.4261
"2019-08-28",15.76,51.22,21.29,10.19,11.3965
"2019-08-29",15.85,51.47,21.32,10.26,11.4854
"2019-08-30",15.95,51.91,21.58,10.3,11.5348
"2019-09-02",15.94,51.81,21.64,10.39,11.6216
"2019-09-03",15.91,51.75,21.48,10.37,11.6017
"2019-09-04",16.02,52.19,21.72,10.43,11.681
"2019-09-05",16.14,52.74,21.93,10.46,11.7107
"2019-09-06",16.16,52.81,21.96,10.47,11.7206
"2019-09-09",16.17,52.85,21.98,10.43,11.6711
"2019-09-10",16.12,52.69,21.89,10.44,11.6909
"2019-09-11",16.26,53.21,22.03,10.48,11.7404
"2019-09-12",16.3,53.21,22.28,10.52,11.7801
"2019-09-13",16.4,53.68,,10.49,11.7504
"2019-09-16",16.36,53.64,22.29,10.44,11.6909
"2019-09-17",16.35,53.55,22.21,10.48,11.7404
"2019-09-18",16.37,53.56,22.36,10.51,11.7702
"2019-09-19",16.52,54.07,22.33,10.59,11.8494
"2019-09-20",16.54,54.23,22.44,10.64,11.9188
"2019-09-23",16.43,53.83,22.41,10.61,11.8791
"2019-09-24",16.45,53.97,22.36,10.61,11.8791
"2019-09-25",16.25,53.26,22.29,10.55,11.8197
"2019-09-26",16.32,53.44,22.28,10.65,11.9188
"2019-09-27",16.42,53.7,22.07,10.69,11.9782
"2019-09-30",16.43,53.79,,10.73,12.0179
"2019-10-01",16.37,53.4,,10.64,11.926
"2019-10-02",16.01,52.21,22.22,10.37,11.6179
"2019-10-03",15.83,51.67,22.21,10.35,11.5981
"2019-10-04",16.05,52.32,22.34,10.47,11.7372
"2019-10-07",16.09,52.42,,10.52,11.7968
"2019-10-08",15.92,51.77,22.49,10.44,11.6974
"2019-10-09",15.95,51.76,22.27,10.48,11.7471
"2019-10-10",15.99,52.09,,10.5,11.767
"2019-10-11",16.28,53.45,,10.62,11.9061
"2019-10-14",16.27,53.31,22.6,10.58,11.8565
"2019-10-15",16.46,54.07,22.63,10.68,11.9757
"2019-10-16",16.44,54.07,22.6,10.62,11.9061
"2019-10-17",16.49,54.13,22.76,10.66,11.9558
"2019-10-18",16.46,54.03,22.85,10.65,11.9459
"2019-10-21",16.46,54.24,22.85,10.67,11.9658
"2019-10-22",16.5,54.34,23,10.73,12.0254
"2019-10-23",16.48,54.2,22.95,10.72,12.0155
"2019-10-24",16.54,54.36,23.13,10.8,12.1049
"2019-10-25",16.59,54.56,23.08,10.78,12.085
"2019-10-28",16.69,54.85,23.19,10.8,12.1049
"2019-10-29",16.72,54.92,23.22,10.78,12.085
"2019-10-30",16.69,54.8,23.32,10.81,12.1248
"2019-10-31",16.67,54.79,23.35,10.74,12.0453
"2019-11-01",16.77,55.11,23.35,10.78,12.0927
"2019-11-04",16.87,55.44,23.63,10.86,12.1725
"2019-11-05",16.85,55.47,23.9,10.84,12.1526
"2019-11-06",16.81,55.37,23.89,10.89,12.2024
"2019-11-07",16.9,55.66,23.86,10.88,12.2024
"2019-11-08",16.91,55.66,23.96,10.89,12.2124
"2019-11-11",16.94,55.81,23.59,10.88,12.2024
"2019-11-12",16.96,55.95,23.78,10.9,12.2223
"2019-11-13",16.94,55.88,23.66,10.87,12.1924
"2019-11-14",16.92,55.86,23.52,10.85,12.1625
"2019-11-15",17.04,56.23,23.65,10.9,12.2223
"2019-11-18",17.07,56.34,23.82,10.92,12.2423
"2019-11-19",17.07,56.27,23.95,10.91,12.2323
"2019-11-20",17.08,56.3,23.78,10.86,12.1725
"2019-11-21",17.01,56.08,23.68,10.84,12.1526
"2019-11-22",17.04,56.13,23.69,10.86,12.1825
"2019-11-25",17.15,56.61,23.69,10.93,12.2622
"2019-11-26",17.23,56.83,23.79,10.91,12.2423
"2019-11-27",17.24,56.94,23.91,10.94,12.2722
"2019-11-28",17.23,56.95,23.85,10.95,12.2822
"2019-11-29",17.17,56.74,23.58,10.88,12.2024
"2019-12-02",17.06,56.29,23.53,10.71,12.01
"2019-12-03",16.97,56.04,23.58,10.65,11.94
"2019-12-04",17.12,56.71,23.54,10.76,12.08
"2019-12-05",17.17,56.9,23.76,10.72,12.03
"2019-12-06",17.27,57.32,23.8,10.85,12.17
"2019-12-09",17.18,57,23.91,10.83,12.16
"2019-12-10",17.19,57.01,23.85,10.85,12.17
"2019-12-11",17.17,56.97,23.93,10.87,12.19
"2019-12-12",17.24,57.12,24.17,10.92,12.26
"2019-12-13",17.52,58.33,24.33,11.01,12.35
"2019-12-16",17.72,58.97,24.51,11.16,12.52
"2019-12-17",17.68,58.49,24.79,11.18,12.54
"2019-12-18",17.68,58.53,24.78,11.15,12.51
"2019-12-19",17.67,58.39,24.71,11.17,12.53
"2019-12-20",17.73,58.76,24.61,11.24,12.6
"2019-12-23",17.87,59,24.63,11.26,12.63
"2019-12-24",17.9,59.2,24.53,11.27,12.64
"2019-12-26",17.92,59.28,,11.27,12.64
