"","LU0231483743","LU0243957239","HK0000065125","LU0261952682","LU0823388615"
"2014-01-02",6.08,11.79,16.0036,110.63,35.19
"2014-01-03",6.08,11.84,16.0141,111.29,34.81
"2014-01-06",6.07,11.78,16.0462,111,35.28
"2014-01-07",6.07,11.78,16.0712,110.86,35.19
"2014-01-08",6.08,11.84,16.0816,111.33,35.66
"2014-01-09",6.11,11.92,16.0837,110.81,35.7
"2014-01-10",6.11,11.77,16.088,111.15,35.73
"2014-01-13",6.12,11.81,16.1158,112.45,36.3
"2014-01-14",6.09,11.64,16.1218,112.25,35.76
"2014-01-15",6.13,11.86,16.1251,112.63,35.91
"2014-01-16",6.14,11.83,16.1452,111.95,35.81
"2014-01-17",6.14,11.91,16.1612,110.74,36.3
"2014-01-20",NA,11.89,16.176,110.95,36.52
"2014-01-21",6.15,11.95,16.1763,110.82,36.22
"2014-01-22",6.15,11.94,16.1821,111.5,36.4
"2014-01-23",6.14,11.78,16.1742,111.29,35.9
"2014-01-24",6.12,11.61,16.1623,108.58,35.26
"2014-01-27",6.06,11.43,16.1477,105.81,35.07
"2014-01-28",6.04,11.4,16.1512,105.92,35.14
"2014-01-29",6.03,11.43,16.1702,106.63,35.68
"2014-01-30",6.02,11.48,16.1695,104.83,35.17
"2014-01-31",6.03,11.55,16.1864,106.23,35.33
"2014-02-03",6.02,11.52,16.1804,105.47,34.74
"2014-02-04",5.96,11.23,16.1899,105.57,32.89
"2014-02-05",5.95,11.16,16.1963,106.66,33.39
"2014-02-06",5.97,11.22,16.1926,107.31,33.81
"2014-02-07",6.01,11.39,16.2062,108.26,34.26
"2014-02-10",6.05,11.46,16.2169,108.23,34.57
"2014-02-11",6.06,11.62,16.23,108.85,34.5
"2014-02-12",6.1,11.91,16.236,108.88,34.79
"2014-02-13",6.09,11.73,16.2332,107.56,34.44
"2014-02-14",6.13,11.78,16.2276,108.29,34.12
"2014-02-17",NA,11.84,16.2312,108.42,34.35
"2014-02-18",6.14,11.85,16.2445,108.87,34.7
"2014-02-19",6.16,11.87,16.2626,109.69,34.81
"2014-02-20",6.15,11.8,16.2567,109.02,34.23
"2014-02-21",6.18,11.94,16.256,110.24,34.7
"2014-02-24",6.19,11.99,16.2653,110.11,34.75
"2014-02-25",6.19,11.93,16.2797,110.4,35.29
"2014-02-26",6.19,12.05,16.3045,110.44,35
"2014-02-27",6.21,12.09,16.3511,110.62,34.82
"2014-02-28",6.24,12.18,16.3386,111.48,34.79
"2014-03-03",6.21,11.96,16.3588,110.48,34.74
"2014-03-04",6.23,12.14,16.3512,111.39,34.77
"2014-03-05",6.26,12.25,16.3517,112.58,34.91
"2014-03-06",6.28,12.22,16.3537,114.76,35.06
"2014-03-07",6.26,12.19,16.3619,114.66,35.32
"2014-03-10",6.24,12.02,16.3596,114.25,35.11
"2014-03-11",6.25,12.09,16.3695,114.09,35.49
"2014-03-12",6.22,11.93,16.3723,113.96,35.13
"2014-03-13",6.22,11.87,16.3789,112.67,35.19
"2014-03-14",6.18,11.7,16.3953,112.21,34.83
"2014-03-17",6.2,11.79,16.3762,112.22,34.04
"2014-03-18",6.21,11.92,16.3712,112.57,34.87
"2014-03-19",6.23,11.9,16.3763,112.84,35
"2014-03-20",6.22,11.96,16.3503,112.52,34.08
"2014-03-21",6.24,11.92,16.3511,113.46,34.12
"2014-03-24",6.19,11.72,16.366,114.24,34.93
"2014-03-25",6.19,11.76,16.3921,115.01,34.94
"2014-03-26",6.19,11.79,16.3902,115.72,35.14
"2014-03-27",6.16,11.71,16.401,115.88,35.38
"2014-03-28",6.17,11.82,16.4213,118.16,35.63
"2014-03-31",6.19,11.76,16.3975,118.64,35.68
"2014-04-01",6.22,11.95,16.4092,118.52,35.71
"2014-04-02",6.23,12.08,16.4063,120.56,35.72
"2014-04-03",6.25,12.18,16.401,118.93,35.65
"2014-04-04",6.23,12.01,16.4115,118.58,35.62
"2014-04-07",6.17,11.67,16.4488,119.04,35.25
"2014-04-08",6.14,11.48,16.4584,119.12,34.96
"2014-04-09",6.16,11.56,16.4593,120,34.77
"2014-04-10",6.19,11.61,16.4878,119.77,34.73
"2014-04-11",6.11,11.32,16.4938,119.81,34.4
"2014-04-14",6.09,11.21,16.5043,119.92,34.44
"2014-04-15",6.11,11.34,16.4993,120.58,34.47
"2014-04-16",6.13,11.34,16.5166,119.16,34.96
"2014-04-17",6.15,11.43,16.5191,120.49,35.09
"2014-04-22",6.2,11.57,16.4988,120.29,34.54
"2014-04-23",6.2,11.55,16.507,120.36,34.99
"2014-04-24",6.21,11.49,16.5234,120.21,35.05
"2014-04-25",6.19,11.38,16.549,120.7,35.3
"2014-04-28",6.18,11.28,16.5594,121.01,35.09
"2014-04-29",6.18,11.24,16.5476,120.8,34.93
"2014-04-30",6.18,11.2,16.559,120.63,35.01
"2014-05-01",NA,NA,16.559,NA,NA
"2014-05-02",6.22,11.39,16.6099,121.95,35.43
"2014-05-05",6.21,11.33,16.6216,121.66,35.6
"2014-05-06",6.21,11.33,16.6048,121.89,35.66
"2014-05-07",6.19,11.05,16.6274,121.13,34.81
"2014-05-08",6.21,11.18,16.6302,121.33,34.85
"2014-05-09",6.18,11.17,16.6621,122.72,35.07
"2014-05-12",6.22,11.37,16.6606,123.69,34.43
"2014-05-13",6.24,11.44,16.676,125.34,34.56
"2014-05-14",6.24,11.39,16.7074,126.21,34.89
"2014-05-15",6.2,11.29,16.7108,126.94,34.87
"2014-05-16",6.2,11.27,16.7145,128.67,34.43
"2014-05-19",6.21,11.35,16.7034,132,34.16
"2014-05-20",6.22,11.38,16.6895,133.41,34.01
"2014-05-21",6.22,11.47,16.6744,134.46,33.98
"2014-05-22",6.24,11.56,16.6768,137.41,34.3
"2014-05-23",6.25,11.63,16.6666,139.46,34.27
"2014-05-26",NA,11.7,16.6723,137.72,34.75
"2014-05-27",6.28,11.79,16.6924,136.39,34.86
"2014-05-28",6.28,11.84,16.7169,136.89,34.98
"2014-05-29",NA,NA,16.7169,NA,NA
"2014-05-30",6.31,11.84,16.7291,135.74,35.27
"2014-06-02",6.31,11.8,16.7293,138.22,35.63
"2014-06-03",6.31,11.84,16.7041,138.64,35.87
"2014-06-04",6.31,11.85,16.69,140.36,35.74
"2014-06-05",6.32,11.96,16.6825,141.5,35.84
"2014-06-06",6.35,12.09,16.7378,143.52,35.9
"2014-06-09",NA,NA,16.7378,NA,NA
"2014-06-10",6.36,12.2,16.7732,145.06,36.03
"2014-06-11",6.35,12.2,16.755,144.51,36.52
"2014-06-12",6.35,12.18,16.7589,144.28,36.29
"2014-06-13",6.33,12.17,16.7662,140.91,36.57
"2014-06-16",6.34,12.11,16.7695,140.6,36.61
"2014-06-17",6.35,12.23,16.77,142.39,36.61
"2014-06-18",6.36,12.22,16.7577,140.91,36.85
"2014-06-19",6.39,12.2,16.7899,141.24,37.15
"2014-06-20",6.39,12.27,16.786,140.47,36.94
"2014-06-23",NA,NA,16.786,NA,NA
"2014-06-24",6.39,12.25,16.7972,142.4,37.08
"2014-06-25",6.37,12.16,16.809,142.37,37
"2014-06-26",6.38,12.19,16.8241,141.3,37.22
"2014-06-27",6.39,12.21,16.8286,142.09,37.09
"2014-06-30",6.4,12.25,16.8215,144.34,37.57
"2014-07-01",6.41,12.43,16.8129,144.36,37.69
"2014-07-02",6.43,12.48,16.8134,146.9,37.84
"2014-07-03",6.44,12.55,16.7854,146.64,37.57
"2014-07-04",NA,12.6,16.8074,147.32,37.72
"2014-07-07",6.44,12.56,16.8061,147.54,37.73
"2014-07-08",6.4,12.34,16.8224,143.71,37.66
"2014-07-09",6.4,12.28,16.8256,141.74,37.43
"2014-07-10",6.39,12.15,16.8333,141.06,37.24
"2014-07-11",6.39,12.24,16.8226,139.01,37.11
"2014-07-14",6.41,12.29,16.8226,137.86,37.32
"2014-07-15",6.42,12.27,16.8303,139.84,37.4
"2014-07-16",6.41,12.39,16.8318,141.86,37.38
"2014-07-17",6.41,12.37,16.8494,143.75,37.46
"2014-07-18",6.38,12.35,16.8601,143.39,37.25
"2014-07-21",6.39,12.43,16.8619,143.42,37.26
"2014-07-22",6.4,12.57,16.8639,143.87,37.63
"2014-07-23",6.41,12.55,16.8714,144.35,37.74
"2014-07-24",6.41,12.53,16.873,144.53,37.75
"2014-07-25",6.4,12.49,16.8735,143.11,37.86
"2014-07-28",6.38,12.42,16.8941,143.23,37.95
"2014-07-29",6.38,12.53,16.9079,143.19,38.07
"2014-07-30",6.37,12.58,16.9186,143.85,37.76
"2014-07-31",6.35,12.49,16.892,141.79,37.42
"2014-08-01",6.3,12.35,16.8654,140.14,37.06
"2014-08-04",6.28,12.39,16.8768,142.04,37.17
"2014-08-05",6.29,12.39,16.8688,143.95,36.81
"2014-08-06",6.27,12.35,16.8826,141.65,36.34
"2014-08-07",6.27,12.46,16.8749,141.68,36.79
"2014-08-08",6.26,12.37,16.8732,139.54,36.39
"2014-08-11",6.3,12.52,16.8674,140.7,36.92
"2014-08-12",6.3,12.59,16.8786,142.07,36.98
"2014-08-13",6.31,12.53,16.8722,140.71,37.17
"2014-08-14",6.33,12.62,16.9096,143.49,37.34
"2014-08-15",NA,NA,16.9096,NA,NA
"2014-08-18",6.37,12.74,16.96,145.8,37.48
"2014-08-19",6.39,12.88,16.9658,147.48,37.51
"2014-08-20",6.41,12.91,16.9775,148.14,37.29
"2014-08-21",6.42,12.96,16.9801,148.84,37.3
"2014-08-22",6.42,12.95,17.0028,149.66,37.19
"2014-08-25",6.44,13.06,17.0327,149.37,37.41
"2014-08-26",6.44,13.09,17.0418,148.64,37.35
"2014-08-27",6.44,13.06,17.0631,149.35,37.26
"2014-08-28",6.44,13,17.0864,148.4,37.26
"2014-08-29",6.44,13.07,17.0813,148.74,37.14
"2014-09-01",NA,13.2,17.089,150.84,37.68
"2014-09-02",6.44,13.27,17.0772,151.89,37.66
"2014-09-03",6.44,13.33,17.0525,153.24,37.59
"2014-09-04",6.44,13.38,17.0554,153.35,37.56
"2014-09-05",6.42,13.34,17.0538,153.61,37.35
"2014-09-08",6.44,13.46,17.0689,156.53,37.67
"2014-09-09",6.42,13.46,17.0389,155.57,37.32
"2014-09-10",6.39,13.33,17.0163,154.5,37.32
"2014-09-11",6.4,13.34,17.0221,155.23,37.1
"2014-09-12",6.39,13.33,17.0195,155.98,36.94
"2014-09-15",6.36,13.2,17,155.33,36.92
"2014-09-16",6.35,13.1,16.9977,151.18,37.23
"2014-09-17",6.37,13.22,16.985,152.14,37.03
"2014-09-18",6.39,13.36,16.9824,154.39,36.71
"2014-09-19",6.41,13.53,16.9892,154.92,36.82
"2014-09-22",6.39,13.37,17.0232,155.45,36.72
"2014-09-23",6.36,13.22,17.0295,152.4,37
"2014-09-24",6.34,13.29,17.0115,151.61,36.74
"2014-09-25",6.33,13.34,17.0108,147.94,37.02
"2014-09-26",6.3,13.38,17.0141,150.18,37.12
"2014-09-29",6.29,13.33,16.9978,151.05,37.22
"2014-09-30",6.29,13.5,16.9863,150.46,36.64
"2014-10-01",6.26,13.35,17.0128,150.99,36.33
"2014-10-02",6.23,13.2,17.0331,148.88,35.83
"2014-10-03",6.26,13.46,17.0208,148.89,35.96
"2014-10-06",6.29,13.54,17.0464,149.8,36.35
"2014-10-07",6.25,13.28,17.0452,150.51,36.15
"2014-10-08",6.21,13.06,17.0591,149.88,35.93
"2014-10-09",6.25,13.12,17.0681,152.44,35.72
"2014-10-10",6.19,12.92,17.0637,150.22,35.36
"2014-10-13",6.11,12.58,17.0425,151.39,35.47
"2014-10-14",6.06,12.64,17.0728,150.93,34.94
"2014-10-15",6.02,12.51,17.0917,151.88,35.17
"2014-10-16",6,12.52,17.0833,146.91,35.04
"2014-10-17",6.07,12.63,17.0233,147.77,34.33
"2014-10-20",6.11,12.64,17.0321,148.97,35.39
"2014-10-21",6.16,12.85,17.0269,150.08,34.55
"2014-10-22",6.23,13.15,17.0552,151.55,35.43
"2014-10-23",6.22,13.12,17.0616,151.56,35.2
"2014-10-24",6.25,13.18,17.0668,152.55,35.13
"2014-10-27",6.27,13.17,17.0826,151.49,35.47
"2014-10-28",6.28,13.32,17.0739,151.96,35.42
"2014-10-29",6.3,13.32,17.0845,153.06,35.87
"2014-10-30",6.3,13.42,17.0927,153.93,35.88
"2014-10-31",6.35,13.84,17.0949,156.38,36.9
"2014-11-03",6.36,13.9,17.1016,158,37.11
"2014-11-04",6.36,13.85,17.1163,157.95,36.15
"2014-11-05",6.35,13.87,17.1153,158.64,35.78
"2014-11-06",6.35,13.9,17.1139,158.77,35.36
"2014-11-07",6.36,13.8,17.1167,159.13,35.14
"2014-11-10",6.36,13.9,17.1485,159.32,35.61
"2014-11-11",6.36,13.98,17.1392,160.04,35.29
"2014-11-12",6.37,13.91,17.1582,161.12,35.63
"2014-11-13",6.38,14.02,17.163,160.2,35.89
"2014-11-14",6.37,13.98,17.1682,160.81,35.83
"2014-11-17",6.37,13.97,17.1698,162.29,35.18
"2014-11-18",6.38,13.95,17.1535,162.97,35.83
"2014-11-19",6.38,13.82,17.1309,161.1,35.44
"2014-11-20",6.37,13.82,17.1201,161.5,35.41
"2014-11-21",6.41,14.11,17.1331,161.95,35.66
"2014-11-24",6.41,14.13,17.1486,162.39,35.58
"2014-11-25",6.42,14.12,17.1616,160.24,35.65
"2014-11-26",6.42,14.09,17.1823,160.97,35.94
"2014-11-27",NA,14.24,17.1999,162.02,35.63
"2014-11-28",6.44,14.25,17.209,163.27,35.76
"2014-12-01",6.41,14.11,17.2111,163.42,36.01
"2014-12-02",6.39,14.11,17.1956,164.17,36.25
"2014-12-03",6.39,14.31,17.1858,165.97,36.31
"2014-12-04",6.4,14.26,17.1902,165.8,36.57
"2014-12-05",6.41,14.4,17.2007,165.48,36.25
"2014-12-08",6.4,14.38,17.2137,163.79,36.24
"2014-12-09",6.35,14.02,17.2242,161.81,36.54
"2014-12-10",6.35,14.11,17.2275,162.91,36.23
"2014-12-11",6.31,14.06,17.2365,160.92,36.38
"2014-12-12",6.3,13.88,17.2351,159.56,36.42
"2014-12-15",6.25,13.78,17.2347,157.01,35.96
"2014-12-16",6.2,13.47,17.2417,152.37,35.7
"2014-12-17",6.18,13.47,17.232,151.67,35.67
"2014-12-18",6.28,13.95,17.2316,157.02,36.04
"2014-12-19",6.35,14.13,17.2265,157.08,36.33
"2014-12-22",6.37,14.25,17.2429,158.19,36.51
"2014-12-23",6.38,14.42,17.2557,157.48,36.39
"2014-12-24",NA,NA,NA,NA,36.31
"2014-12-29",6.41,14.43,17.2575,157.21,36.6
"2014-12-30",6.4,14.44,17.2755,158.94,36.6
"2014-12-31",6.4,14.47,17.2842,160.63,36.62
"2015-01-02",6.38,14.48,17.2918,161.93,36.27
"2015-01-05",6.33,14.37,17.3237,161.86,36.39
"2015-01-06",6.3,14.19,17.361,157.99,35.83
"2015-01-07",6.29,14.22,17.3845,158.75,35.87
"2015-01-08",6.34,14.45,17.3797,162.99,36.05
"2015-01-09",6.37,14.55,17.362,164.31,36.28
"2015-01-12",6.33,14.5,17.3842,166.03,36.29
"2015-01-13",6.36,14.75,17.4092,166.66,36.19
"2015-01-14",6.3,14.54,17.4144,166.03,36.78
"2015-01-15",6.28,14.63,17.435,168.67,37.37
"2015-01-16",6.25,14.68,17.4433,169.31,36.96
"2015-01-19",NA,14.74,17.4434,170.32,37.1
"2015-01-20",6.29,14.74,17.4521,171.34,37.31
"2015-01-21",6.3,14.87,17.4558,172.04,37.58
"2015-01-22",6.32,15.16,17.4261,172.32,37.65
"2015-01-23",6.37,15.77,17.5187,172.99,37.71
"2015-01-26",6.36,15.68,17.5551,172.66,37.81
"2015-01-27",6.34,15.45,17.5563,173.78,38.28
"2015-01-28",6.35,15.68,17.5678,174.76,38.51
"2015-01-29",6.31,15.38,17.5913,174.06,37.97
"2015-01-30",6.33,15.54,17.5879,172.35,38.18
"2015-02-02",6.29,15.26,17.6226,172.45,37.89
"2015-02-03",6.36,15.35,17.621,172.09,37.35
"2015-02-04",6.38,15.54,17.5989,171.51,37.99
"2015-02-05",6.38,15.54,17.6061,171.16,37.79
"2015-02-06",6.41,15.66,17.6208,168.82,38.28
"2015-02-09",6.41,15.59,17.6159,165.54,38.17
"2015-02-10",6.41,15.67,17.6026,166.15,37.95
"2015-02-11",6.44,15.78,17.5915,168.39,37.79
"2015-02-12",6.46,15.72,17.5924,169.45,37.96
"2015-02-13",6.48,15.92,17.6046,172.09,38.15
"2015-02-16",NA,15.92,17.5972,171.01,38.41
"2015-02-17",6.49,15.84,17.5889,171.09,38.47
"2015-02-18",6.51,15.95,17.5556,171.58,38.84
"2015-02-19",6.51,15.97,17.5719,171.89,39.08
"2015-02-20",6.5,16.09,17.5702,171.44,39.28
"2015-02-23",6.53,16.13,17.5758,169.94,39.27
"2015-02-24",6.54,16.21,17.6053,169.78,39.21
"2015-02-25",6.55,16.28,17.6504,170.08,39.45
"2015-02-26",6.54,16.43,17.6842,169.43,39.8
"2015-02-27",6.55,16.51,17.6754,172.23,39.82
"2015-03-02",6.56,16.5,17.687,175.31,39.89
"2015-03-03",6.56,16.57,17.6658,176.82,39.61
"2015-03-04",6.52,16.58,17.6569,174.72,39.61
"2015-03-05",6.55,16.71,17.6535,175.22,39.34
"2015-03-06",6.53,17.03,17.6939,174.68,39.42
"2015-03-09",6.49,16.84,17.6687,172.08,39.05
"2015-03-10",6.46,16.82,17.7073,171.28,38.78
"2015-03-11",6.42,17.02,17.7332,171.04,38.79
"2015-03-12",6.45,16.99,17.7511,173.38,39.19
"2015-03-13",6.45,17.2,17.7192,170.43,39.31
"2015-03-16",6.48,17.22,17.6921,170.72,39.31
"2015-03-17",6.48,17.2,17.6661,172.32,39.38
"2015-03-18",6.47,17.28,17.667,173.19,39.69
"2015-03-19",6.52,17.39,17.6804,172.27,39.72
"2015-03-20",6.53,17.24,17.6836,170.55,39.72
"2015-03-23",6.55,17.08,17.6893,169.18,40.34
"2015-03-24",6.54,17.11,17.6736,169.17,40.46
"2015-03-25",6.52,16.83,17.6788,168.05,40.48
"2015-03-26",6.45,16.51,17.6699,164.56,40.39
"2015-03-27",6.46,16.61,17.6562,165.64,39.89
"2015-03-30",6.49,16.88,17.7006,167.73,39.59
"2015-03-31",6.5,17.02,17.7044,168.33,39.51
"2015-04-01",6.46,16.8,17.7175,171.51,38.93
"2015-04-02",6.48,16.74,17.7349,171.87,39.49
"2015-04-07",6.52,16.95,17.7231,174.51,40.03
"2015-04-08",6.53,17.03,17.7527,176.58,40.7
"2015-04-09",6.53,17.2,17.7714,177.35,40.65
"2015-04-10",6.56,17.47,17.7665,177.74,40.63
"2015-04-13",6.58,17.6,17.7793,177.55,40.7
"2015-04-14",6.55,17.28,17.7849,177.66,41.64
"2015-04-15",6.58,17.31,17.7907,177.05,41.6
"2015-04-16",6.58,17.18,17.7965,176.18,41.93
"2015-04-17",6.56,16.9,17.7977,173.9,41.71
"2015-04-20",6.56,17.04,17.789,168.92,41.25
"2015-04-21",6.57,17.32,17.7704,167.94,41.16
"2015-04-22",6.57,17.39,17.7545,168.53,41.42
"2015-04-23",6.58,17.52,17.7231,167.36,41.39
"2015-04-24",6.6,17.42,17.7161,163.11,41.56
"2015-04-27",6.6,17.49,17.7264,159.38,41.58
"2015-04-28",6.57,17.14,17.7333,163.09,41.87
"2015-04-29",6.57,16.96,17.6868,162.99,41.82
"2015-04-30",6.55,16.67,17.6202,161.93,41.71
"2015-05-01",NA,NA,17.6202,NA,NA
"2015-05-04",6.58,16.81,17.5758,164.31,40.88
"2015-05-05",6.56,16.67,17.5614,165.35,40.81
"2015-05-06",6.52,16.24,17.5007,160.19,41.03
"2015-05-07",6.51,16.25,17.4407,155.82,40.76
"2015-05-08",6.56,16.52,17.464,159.32,41.01
"2015-05-11",6.59,16.63,17.4809,161.43,41.68
"2015-05-12",6.56,16.32,17.4442,157.75,41.7
"2015-05-13",6.57,16.39,17.4401,159.39,41.91
"2015-05-14",NA,NA,17.4401,NA,NA
"2015-05-15",6.6,16.58,17.4277,163.08,41.64
"2015-05-18",6.61,16.6,17.4637,164.38,41.84
"2015-05-19",6.61,17.01,17.4502,164.77,42.02
"2015-05-20",6.61,17.07,17.4484,165,41.66
"2015-05-21",6.61,17.02,17.433,165.11,41.64
"2015-05-22",6.63,17.31,17.4429,165.33,42
"2015-05-25",NA,NA,17.4429,NA,NA
"2015-05-26",6.61,17.33,17.434,163.29,41.52
"2015-05-27",6.61,17.42,17.4591,162.46,41.26
"2015-05-28",6.62,17.48,17.451,163.01,41.03
"2015-05-29",6.63,17.3,17.44,165.62,41.13
"2015-06-01",6.61,17.26,17.4406,165.89,41.3
"2015-06-02",6.61,16.9,17.3951,162.27,41.33
"2015-06-03",6.61,16.87,17.3503,159.55,41.4
"2015-06-04",6.61,16.77,17.3085,159.05,41.82
"2015-06-05",6.57,16.95,17.3087,159.86,41.65
"2015-06-08",6.56,16.72,17.283,157.06,41.38
"2015-06-09",6.53,16.43,17.2653,157.73,41.17
"2015-06-10",6.55,16.49,17.2218,159.5,41.26
"2015-06-11",6.58,16.73,17.2032,156.95,41.51
"2015-06-12",6.57,16.65,17.2387,156.25,41.6
"2015-06-15",6.54,16.46,17.2227,156.89,41.65
"2015-06-16",6.54,16.55,17.1856,157,41.45
"2015-06-17",6.56,16.65,17.1779,158.39,41.42
"2015-06-18",6.58,16.53,17.142,161.18,41.55
"2015-06-19",6.6,16.72,17.127,162.64,41.58
"2015-06-22",6.61,16.87,17.1741,164.55,41.59
"2015-06-23",NA,NA,17.1741,NA,NA
"2015-06-24",6.62,17.14,17.1696,163.8,42.03
"2015-06-25",6.6,17.03,17.1789,164.07,41.85
"2015-06-26",6.59,16.97,17.1679,164.26,41.88
"2015-06-29",6.54,16.7,17.1077,161.7,41.09
"2015-06-30",6.49,16.52,17.1199,163.45,41.55
"2015-07-01",6.51,16.88,17.1198,165.63,41.51
"2015-07-02",6.51,16.7,17.1179,167.52,41.5
"2015-07-03",NA,16.67,17.1224,167.52,41.72
"2015-07-06",6.5,16.56,17.1097,169.56,41.2
"2015-07-07",6.48,16.6,17.1304,170.2,41.61
"2015-07-08",6.47,16.25,17.1319,167.34,40.73
"2015-07-09",6.46,16.41,17.1325,167.11,40.33
"2015-07-10",6.47,16.24,17.123,167.96,40.04
"2015-07-13",6.51,16.59,17.1255,170.21,40.65
"2015-07-14",6.53,16.66,17.1461,171.62,40.86
"2015-07-15",6.55,16.8,17.1642,172.24,41.02
"2015-07-16",6.55,16.9,17.1967,173.93,40.98
"2015-07-17",6.55,17.16,17.2313,175.96,40.95
"2015-07-20",6.56,17.23,17.2599,175.52,40.88
"2015-07-21",6.55,17.23,17.2665,174.2,41.1
"2015-07-22",6.52,16.97,17.2627,177.07,41.23
"2015-07-23",6.5,16.89,17.2648,177.59,41.3
"2015-07-24",6.48,16.82,17.2772,175.94,41.11
"2015-07-27",6.43,16.29,17.2734,173.57,40.73
"2015-07-28",6.41,16.26,17.2748,174.9,40.81
"2015-07-29",6.46,16.3,17.2646,176.26,40.76
"2015-07-30",6.47,16.47,17.2596,177.52,40.76
"2015-07-31",6.5,16.34,17.2703,177.91,40.92
"2015-08-03",6.5,16.48,17.2826,179.69,41.03
"2015-08-04",6.49,16.26,17.2937,181.82,41.18
"2015-08-05",6.51,16.49,17.2819,182.29,41.09
"2015-08-06",6.49,16.36,17.2648,182.33,41.02
"2015-08-07",6.45,16.3,17.2587,183.05,41.04
"2015-08-10",6.46,16.37,17.2771,182.19,41.33
"2015-08-11",6.45,16.22,17.2569,179.8,41.32
"2015-08-12",6.39,15.76,17.2662,172.68,41.27
"2015-08-13",6.41,16.03,17.247,171.56,41.26
"2015-08-14",6.41,15.98,17.2302,175.47,41.52
"2015-08-17",6.4,15.94,17.232,175.02,41.42
"2015-08-18",6.44,16.15,17.24,175.73,41.56
"2015-08-19",6.4,15.99,17.2149,175.92,41.17
"2015-08-20",6.37,15.59,17.2074,172.09,40.69
"2015-08-21",6.28,15.03,17.2014,169.57,39.89
"2015-08-24",6.08,13.68,17.1694,155.25,37.8
"2015-08-25",6.11,14.35,17.154,158.44,38.58
"2015-08-26",6.08,14.4,17.1194,156.73,38.54
"2015-08-27",6.17,14.96,17.1222,161.27,39.39
"2015-08-28",6.23,15.22,17.1452,161.13,39.75
"2015-08-31",6.23,15.18,17.1531,160.72,39.75
"2015-09-01",6.18,14.85,17.1396,157.34,38.96
"2015-09-02",6.15,14.84,17.1389,156.62,38.59
"2015-09-03",6.21,15.21,17.1371,158.83,38.67
"2015-09-04",6.17,15,17.1417,155.47,38.34
"2015-09-07",NA,14.95,17.156,151.77,38.25
"2015-09-08",6.2,15.18,17.156,153.67,39.19
"2015-09-09",6.27,15.54,17.144,156.8,39.45
"2015-09-10",6.22,15.13,17.1444,156.19,39.24
"2015-09-11",6.22,15.08,17.118,156.31,39.66
"2015-09-14",6.24,15.14,17.1118,158.39,39.66
"2015-09-15",6.25,15.22,17.086,157.33,39.84
"2015-09-16",6.28,15.4,17.061,157.35,39.76
"2015-09-17",6.3,15.45,17.0541,157.97,40.13
"2015-09-18",6.27,15.14,17.073,160.28,40.43
"2015-09-21",6.26,15.23,17.0863,161.83,40.06
"2015-09-22",6.21,15.15,17.029,159.15,39.37
"2015-09-23",6.17,14.94,17.0249,159.53,39.49
"2015-09-24",6.13,14.57,17,159.44,39.53
"2015-09-25",6.15,14.88,16.9887,159.65,39.74
"2015-09-28",6.09,14.64,16.9392,158.8,40.1
"2015-09-29",6.01,14.4,16.8377,158.51,39.27
"2015-09-30",6.03,14.76,16.8273,161,39.46
"2015-10-01",6.05,14.87,16.8399,161.68,40.07
"2015-10-02",6.03,14.67,16.8388,161.8,39.77
"2015-10-05",6.13,15.22,16.8537,166.7,40.27
"2015-10-06",6.17,15.38,16.8667,167.2,40.57
"2015-10-07",6.19,15.54,16.9126,167.66,41.41
"2015-10-08",6.21,15.49,16.9219,167.44,41.49
"2015-10-09",6.25,15.5,16.9372,168.24,41.99
"2015-10-12",6.26,15.49,16.9647,167.84,42.03
"2015-10-13",6.26,15.47,16.967,167.68,42.61
"2015-10-14",6.25,15.31,16.9548,168,42.13
"2015-10-15",6.24,15.54,16.9666,169.57,42.69
"2015-10-16",6.28,15.51,16.9655,172.71,42.39
"2015-10-19",6.29,15.65,16.9781,175.66,42.06
"2015-10-20",6.3,15.64,16.973,173.78,41.8
"2015-10-21",6.29,15.76,16.9693,172.55,42.37
"2015-10-22",6.29,16.06,16.9906,172.28,42.38
"2015-10-23",6.35,16.49,17.0187,172.54,42.46
"2015-10-26",6.36,16.43,17.0379,170.96,42.44
"2015-10-27",6.36,16.35,17.0542,171.48,42.28
"2015-10-28",6.36,16.44,17.0525,170.78,42.19
"2015-10-29",6.38,16.59,17.0574,168.06,42.06
"2015-10-30",6.37,16.69,17.0335,165.97,42
"2015-11-02",6.38,16.83,17.041,164.78,41.58
"2015-11-03",6.4,17.05,17.0447,165.86,41.5
"2015-11-04",6.42,17.33,17.0442,166.05,41.56
"2015-11-05",6.41,17.45,17.0552,163.54,42.06
"2015-11-06",6.39,17.44,17.0496,162.79,41.87
"2015-11-09",6.38,17.48,17.0315,161.66,41.74
"2015-11-10",6.36,17.33,17.0251,158.51,41.62
"2015-11-11",6.34,17.28,17.0311,158.63,41.71
"2015-11-12",6.32,17.25,17.03,160.55,41.89
"2015-11-13",6.26,17.14,17.0347,159.83,42.12
"2015-11-16",6.25,16.98,17.0364,162.09,41.77
"2015-11-17",6.27,17.27,17.0421,163.91,42.13
"2015-11-18",6.27,17.33,17.0497,160.96,42.04
"2015-11-19",6.31,17.58,17.0651,164.74,42.51
"2015-11-20",6.31,17.79,17.0815,166.17,42.86
"2015-11-23",6.31,17.8,17.0893,166.14,42.73
"2015-11-24",6.29,17.71,17.086,166.63,43.37
"2015-11-25",6.31,17.83,17.0781,166.51,43.28
"2015-11-26",NA,17.81,17.084,167.49,43.54
"2015-11-27",6.31,17.83,17.0873,167.67,43.5
"2015-11-30",6.31,17.8,17.0878,169.3,43.36
"2015-12-01",6.31,17.88,17.0902,169.66,43.62
"2015-12-02",6.34,17.97,17.1048,171.03,43.69
"2015-12-03",6.3,17.47,17.1127,171.2,43.68
"2015-12-04",6.27,17.17,17.0743,168.8,43.37
"2015-12-07",6.3,17.45,17.0741,168.41,43.36
"2015-12-08",6.25,17.11,17.0799,166.34,43.15
"2015-12-09",6.25,17.05,17.0626,162.63,42.95
"2015-12-10",6.23,16.85,17.0457,163.68,42.81
"2015-12-11",6.2,16.59,17.0282,162.42,43.2
"2015-12-14",6.14,16.41,17.0204,162.8,42.85
"2015-12-15",6.16,16.66,16.9869,164.01,42.3
"2015-12-16",6.18,16.82,16.9881,165.75,42.41
"2015-12-17",6.22,17.04,16.9941,167.92,42.83
"2015-12-18",6.16,16.74,17.0114,165.55,42.82
"2015-12-21",6.14,16.54,17.0184,166.53,42.26
"2015-12-22",6.16,16.44,17.0151,166.77,42.27
"2015-12-23",6.19,16.74,17.0028,168.33,42.31
"2015-12-24",NA,NA,NA,NA,41.81
"2015-12-28",6.21,16.63,NA,169.88,42.23
"2015-12-29",6.23,16.82,17.0034,169.16,42.5
"2015-12-30",6.24,16.85,16.9858,169.46,42.83
"2015-12-31",6.21,16.77,16.9869,171.58,42.86
"2016-01-04",6.15,16.29,16.9869,169.34,41.96
"2016-01-05",6.14,16.47,16.991,170.47,42.84
"2016-01-06",6.12,16.19,16.9794,169.73,42.75
"2016-01-07",6.07,15.68,16.9564,164.73,42.38
"2016-01-08",6.03,15.59,16.9533,168.2,41.87
"2016-01-11",5.98,15.26,16.9447,165.91,41.41
"2016-01-12",6,15.42,16.9136,163.9,40.42
"2016-01-13",5.99,15.49,16.9099,162.77,41.28
"2016-01-14",5.87,14.87,16.8699,160.4,40.68
"2016-01-15",5.87,14.86,16.8228,156.61,40.67
"2016-01-18",NA,14.92,16.7861,149.49,40.05
"2016-01-19",5.84,15.08,16.7657,151.67,40.42
"2016-01-20",5.76,14.61,16.7103,149.5,38.91
"2016-01-21",5.76,14.78,16.6855,150.2,37.78
"2016-01-22",5.84,15.27,16.7269,153.22,39.04
"2016-01-25",5.86,15.24,16.7412,153.31,39.6
"2016-01-26",5.83,15.05,16.7318,151.76,38.86
"2016-01-27",5.86,15.06,16.7379,153.48,40
"2016-01-28",5.85,14.94,16.7676,153.2,39.56
"2016-01-29",5.86,15.16,16.7741,155.55,40.16
"2016-02-01",5.89,15.3,16.8019,156.43,41.07
"2016-02-02",5.88,15.11,16.7673,153.8,40.84
"2016-02-03",5.83,14.85,16.757,149.62,40.4
"2016-02-04",5.83,14.56,16.735,148.19,40.66
"2016-02-05",5.84,14.36,16.7126,150.2,40.18
"2016-02-08",5.74,13.88,16.6775,148.64,41.15
"2016-02-09",5.71,13.56,16.6502,145.75,39.81
"2016-02-10",5.71,13.68,16.5989,142.82,38.66
"2016-02-11",5.67,13.32,16.5406,135.4,38.32
"2016-02-12",5.65,13.21,16.5275,135.09,37.66
"2016-02-15",NA,13.71,16.5305,140.27,39.72
"2016-02-16",5.72,13.9,16.5608,135.93,39.95
"2016-02-17",5.78,14.18,16.5802,137.37,39.57
"2016-02-18",5.82,14.5,16.6234,137.81,41.02
"2016-02-19",5.8,14.32,16.6367,138.39,40.83
"2016-02-22",5.84,14.69,16.6547,139.72,41.4
"2016-02-23",5.87,14.63,16.6582,137.67,41.61
"2016-02-24",5.8,14.3,16.6539,136.09,41.67
"2016-02-25",5.85,14.6,16.6472,133.8,42
"2016-02-26",5.91,14.88,16.6822,133.83,41.99
"2016-02-29",5.92,14.93,16.6843,134.54,41.67
"2016-03-01",5.94,15.1,16.72,141.35,41.74
"2016-03-02",6.01,15.39,16.7445,144.11,42.3
"2016-03-03",6.02,15.36,16.7685,145.53,42.71
"2016-03-04",6.04,15.22,16.7748,147.54,43.24
"2016-03-07",6.06,15.34,16.7733,147.62,43.05
"2016-03-08",6.07,15.18,16.7847,147.25,42.94
"2016-03-09",6.05,15.17,16.7992,147.11,42.65
"2016-03-10",6.06,15.27,16.7905,147.58,42.64
"2016-03-11",6.08,15.2,16.9339,147.77,42.66
"2016-03-14",6.11,15.38,17.1034,147.95,43.38
"2016-03-15",6.1,15.28,17.0588,146.73,43.71
"2016-03-16",6.11,15.29,17.0297,147.04,43.27
"2016-03-17",6.13,15.13,17.0077,149.08,43.25
"2016-03-18",6.16,15.3,17.0346,151.73,43.99
"2016-03-21",6.16,15.31,17.0599,153.5,43.95
"2016-03-22",6.18,15.42,17.0469,152.81,44.39
"2016-03-23",6.17,15.37,17.0549,153.25,44.11
"2016-03-24",6.13,15.26,17.0724,152.48,44.03
"2016-03-29",6.13,15.24,17.0744,151.47,44.39
"2016-03-30",6.18,15.45,17.086,154.35,44.58
"2016-03-31",6.18,15.29,17.0789,155.53,44.25
"2016-04-01",6.17,15.22,17.096,156.28,42.98
"2016-04-04",6.21,15.33,17.116,157.34,43.43
"2016-04-05",6.18,15.17,17.1404,154.86,42.79
"2016-04-06",6.16,15.04,17.1528,155.56,42.73
"2016-04-07",6.2,15.16,17.1453,154.91,43.7
"2016-04-08",6.18,15.15,17.1498,154.91,44.08
"2016-04-11",6.2,15.14,17.1215,157.37,44.32
"2016-04-12",6.18,15.04,17.1104,158.73,44.78
"2016-04-13",6.22,15.42,17.1054,160.22,45.1
"2016-04-14",6.25,15.42,17.1454,160.23,46.06
"2016-04-15",6.26,15.42,17.1723,161.67,45.32
"2016-04-18",6.26,15.24,17.1884,161.78,45.72
"2016-04-19",6.29,15.33,17.1925,163.59,46.32
"2016-04-20",6.31,15.34,17.2117,162.2,45.92
"2016-04-21",6.32,15.49,17.2112,161.89,46.27
"2016-04-22",6.32,15.54,17.259,161.94,46.37
"2016-04-25",6.31,15.45,17.278,161.1,45.91
"2016-04-26",6.31,15.42,17.2606,160.8,45.45
"2016-04-27",6.31,15.24,17.2404,161.42,45.29
"2016-04-28",6.32,15.2,17.2497,158.76,44.97
"2016-04-29",6.28,14.72,17.2489,159.04,44.72
"2016-05-02",6.27,14.54,17.2562,158.65,45.53
"2016-05-03",6.26,14.47,17.2414,157.65,45.87
"2016-05-04",6.24,14.4,17.2879,155.47,45.48
"2016-05-05",NA,NA,17.2879,NA,NA
"2016-05-06",6.21,14.39,17.2868,155.07,45.49
"2016-05-09",6.23,14.57,17.2675,157.47,45.25
"2016-05-10",6.23,14.56,17.2603,157.42,45.66
"2016-05-11",6.24,14.66,17.248,157.55,45.93
"2016-05-12",6.24,14.62,17.237,158.19,45.98
"2016-05-13",6.22,14.7,17.222,158.33,45.17
"2016-05-16",NA,NA,17.222,NA,NA
"2016-05-17",6.23,14.81,17.2176,159.08,45.35
"2016-05-18",6.21,14.89,17.2229,158.75,45.39
"2016-05-19",6.2,14.88,17.185,155.99,45.15
"2016-05-20",6.2,15.05,17.1914,153.85,45.19
"2016-05-23",6.22,15.23,17.1935,153.18,45.6
"2016-05-24",6.24,15.35,17.1948,151.63,45.24
"2016-05-25",6.29,15.6,17.2168,155.26,45.2
"2016-05-26",6.31,15.54,17.2352,156.89,45.24
"2016-05-27",6.31,15.7,17.265,159.72,45.54
"2016-05-30",NA,15.75,17.2583,159.92,45.46
"2016-05-31",6.33,15.73,17.2577,159.5,46.07
"2016-06-01",6.33,15.82,17.2718,159.47,46.1
"2016-06-02",6.33,15.77,17.2644,160.8,45.6
"2016-06-03",6.34,15.58,17.2996,159.07,45.89
"2016-06-06",6.36,15.65,17.3346,160,46.44
"2016-06-07",6.37,15.74,17.3378,161.26,46.36
"2016-06-08",6.39,15.71,17.3625,161.74,46.76
"2016-06-09",6.39,15.76,17.3897,161.43,46.74
"2016-06-10",6.37,15.66,17.3996,160.58,46.62
"2016-06-13",6.35,15.59,17.382,158.83,45.33
"2016-06-14",6.33,15.61,17.3397,158.97,44.89
"2016-06-15",6.31,15.62,17.3328,160.95,44.77
"2016-06-16",6.29,15.52,17.323,160.22,44.3
"2016-06-17",6.3,15.41,17.3261,161.36,44.87
"2016-06-20",6.33,15.54,17.3278,161.62,45.76
"2016-06-21",6.34,15.73,17.3431,161.66,45.96
"2016-06-22",6.35,15.59,17.3549,161.18,45.49
"2016-06-23",NA,NA,17.3549,NA,NA
"2016-06-24",6.33,15.6,17.2712,159.35,43.86
"2016-06-27",6.22,15.25,17.2623,160.9,44.82
"2016-06-28",6.22,15.27,17.2647,162.56,44.46
"2016-06-29",6.25,15.49,17.3238,164.63,45.03
"2016-06-30",6.3,15.66,17.3423,166.31,44.89
"2016-07-01",6.35,15.76,17.3877,168.09,45.16
"2016-07-04",NA,15.73,17.4322,170.52,45.5
"2016-07-05",6.34,15.59,17.4337,170.02,45.09
"2016-07-06",6.33,15.56,17.4558,169.69,44.82
"2016-07-07",6.37,15.75,17.4488,169.82,44.89
"2016-07-08",6.4,15.9,17.4638,169.42,44.65
"2016-07-11",6.45,16.19,17.515,172.75,45.52
"2016-07-12",6.5,16.26,17.5354,174.22,46.69
"2016-07-13",6.52,16.34,17.5578,174.87,46.55
"2016-07-14",6.54,16.35,17.6009,175.86,46.1
"2016-07-15",6.55,16.35,17.5973,175.33,45.73
"2016-07-18",6.55,16.46,17.5983,173.87,45.79
"2016-07-19",6.55,16.57,17.6064,175.49,46.21
"2016-07-20",6.56,16.72,17.6177,177.03,46.05
"2016-07-21",6.58,16.74,17.6092,177.1,46.44
"2016-07-22",6.57,16.64,17.634,179.13,46.13
"2016-07-25",6.58,16.79,17.6552,181.22,46.1
"2016-07-26",6.59,16.85,17.6734,179.97,46.12
"2016-07-27",6.6,17.05,17.6685,181.31,46.5
"2016-07-28",6.58,16.89,17.7006,182.78,46.73
"2016-07-29",6.59,16.8,17.6927,183.5,47.8
"2016-08-01",6.59,16.82,17.7309,183.28,47.77
"2016-08-02",6.58,16.72,17.6841,181.96,47.15
"2016-08-03",6.55,16.57,17.6491,179.45,47.1
"2016-08-04",6.57,16.71,17.6567,180.08,47.82
"2016-08-05",6.59,17.01,17.7042,183.7,47.67
"2016-08-08",6.61,17.05,17.7024,185.66,47.85
"2016-08-09",6.61,17.05,17.716,185.26,48.5
"2016-08-10",6.62,16.95,17.7494,182.23,48.81
"2016-08-11",6.62,16.98,17.7703,181.64,48.76
"2016-08-12",6.62,16.95,17.7534,181.15,48.63
"2016-08-15",NA,NA,17.7534,NA,NA
"2016-08-16",6.65,16.95,17.7676,181.44,48.72
"2016-08-17",6.63,16.81,17.7486,180.96,48.77
"2016-08-18",6.64,16.81,17.7651,183.31,48.5
"2016-08-19",6.64,16.81,17.7786,183.31,49.11
"2016-08-22",6.65,16.84,17.7708,181.82,49.18
"2016-08-23",6.66,16.95,17.7949,181.62,48.93
"2016-08-24",6.66,17.03,17.8116,182.61,49.19
"2016-08-25",6.64,16.92,17.8112,182.69,49.08
"2016-08-26",6.64,17.05,17.8095,182.36,48.77
"2016-08-29",6.64,17.2,17.7966,182.07,48.71
"2016-08-30",6.65,17.25,17.8356,184.36,48.69
"2016-08-31",6.64,17.13,17.8419,185.61,48.73
"2016-09-01",6.63,17.17,17.8295,184.61,48.72
"2016-09-02",6.65,17.27,17.8293,186.82,48.49
"2016-09-05",NA,17.42,17.8208,189.64,49
"2016-09-06",6.66,17.42,17.8282,190.67,49.33
"2016-09-07",6.67,17.36,17.8677,191.59,49.97
"2016-09-08",6.66,17.2,17.87,192.99,49.9
"2016-09-09",6.64,17.16,17.8102,190.63,49.54
"2016-09-12",6.58,16.79,17.717,185.28,49.19
"2016-09-13",6.59,16.91,17.7303,185.47,49.01
"2016-09-14",6.57,16.9,17.6763,185.48,48.54
"2016-09-15",6.56,16.95,17.672,185.56,48.25
"2016-09-16",6.59,17.14,17.6695,185.95,48.96
"2016-09-19",6.6,17.34,17.661,185.76,48.94
"2016-09-20",6.6,17.33,17.6676,185.42,48.66
"2016-09-21",6.6,17.45,17.674,185.56,49.52
"2016-09-22",6.65,17.48,17.7017,188.39,49.88
"2016-09-23",6.67,17.51,17.7403,188.97,50
"2016-09-26",6.64,17.31,17.7365,189.04,49.72
"2016-09-27",6.63,17.42,17.7349,188.67,50.32
"2016-09-28",6.65,17.52,17.743,190.18,50.21
"2016-09-29",6.66,17.57,17.7416,182.91,50.24
"2016-09-30",6.66,17.38,17.7336,187.22,49.71
"2016-10-03",6.67,17.61,17.7143,191.46,50.14
"2016-10-04",6.69,17.82,17.718,192.77,49.77
"2016-10-05",6.68,17.7,17.6839,193.31,49.86
"2016-10-06",6.69,17.7,17.6859,192.77,49.88
"2016-10-07",6.69,17.69,17.6635,192.54,49.87
"2016-10-10",6.7,17.88,17.6562,192.38,50
"2016-10-11",6.69,17.84,17.6504,191.8,49.99
"2016-10-12",6.65,17.68,17.6481,191.66,49.75
"2016-10-13",6.62,17.52,17.6407,189.72,49.72
"2016-10-14",6.64,17.74,17.6489,192.52,49.6
"2016-10-17",6.62,17.64,17.6243,192.62,50.1
"2016-10-18",6.62,17.79,17.6554,196.03,50.14
"2016-10-19",6.64,17.85,17.6825,196.18,50.56
"2016-10-20",6.66,17.83,17.6873,196.27,50.75
"2016-10-21",6.65,17.95,17.7181,197.41,50.73
"2016-10-24",6.67,18.1,17.7248,198.16,50.76
"2016-10-25",6.67,18.19,17.7009,197.67,50.65
"2016-10-26",6.65,17.86,17.6838,196.56,50.93
"2016-10-27",6.65,17.95,17.6294,194.27,50.73
"2016-10-28",6.61,17.81,17.6005,196.38,50.96
"2016-10-31",6.6,17.73,17.5986,197.27,51.09
"2016-11-01",NA,NA,17.5986,NA,NA
"2016-11-02",6.55,17.26,17.6003,193.61,51.04
"2016-11-03",6.51,17.23,17.5793,190.96,51.08
"2016-11-04",6.49,17.02,17.5712,188.15,50.64
"2016-11-07",6.52,17.31,17.5818,189.95,50.58
"2016-11-08",6.55,17.38,17.5849,190.23,50.24
"2016-11-09",6.58,17.26,17.5311,187.49,49.81
"2016-11-10",6.62,17.73,17.4518,190.59,50.09
"2016-11-11",6.58,17.33,17.4079,183.29,49.52
"2016-11-14",6.6,17.74,17.3168,179.9,49.58
"2016-11-15",6.58,17.75,17.3346,175.44,49.33
"2016-11-16",6.62,17.84,17.3241,172.5,49.31
"2016-11-17",6.63,18.01,17.3293,173.24,49.7
"2016-11-18",6.66,18.29,17.2756,172.74,49.97
"2016-11-21",6.66,18.3,17.2495,168.43,50.32
"2016-11-22",6.69,18.37,17.2772,169.67,50.61
"2016-11-23",6.69,18.37,17.2661,170.48,50.58
"2016-11-24",NA,18.4,17.2679,169.87,50.01
"2016-11-25",6.7,18.35,17.2716,173.18,50.09
"2016-11-28",6.71,18.37,17.2873,174.07,50.42
"2016-11-29",6.69,18.21,17.2963,174.18,50.2
"2016-11-30",6.7,18.28,17.2978,175.41,49.94
"2016-12-01",6.69,18.05,17.2479,173.3,49.93
"2016-12-02",6.66,17.57,17.217,170.89,50.26
"2016-12-05",6.69,17.6,17.2261,171.61,49.77
"2016-12-06",6.7,17.78,17.2381,173.2,50.69
"2016-12-07",6.72,17.77,17.2539,173.69,51.19
"2016-12-08",6.77,18.26,17.2687,176.56,51.97
"2016-12-09",6.8,18.49,17.2517,177.03,51.75
"2016-12-12",6.81,18.27,17.2171,175.26,51.38
"2016-12-13",6.81,18.31,17.2587,175.2,51.83
"2016-12-14",6.82,18.35,17.301,174.06,52.03
"2016-12-15",6.8,18.68,17.2729,172.99,50.56
"2016-12-16",6.8,18.61,17.3046,172.75,50.83
"2016-12-19",6.8,18.64,17.3097,171.89,51.08
"2016-12-20",6.81,18.74,17.3534,170.01,50.78
"2016-12-21",6.82,18.6,17.3517,170.13,50.61
"2016-12-22",6.8,18.52,17.3586,167.58,50.55
"2016-12-23",6.8,18.55,17.3781,167.95,50.7
"2016-12-27",6.82,18.65,NA,168.59,50.46
"2016-12-28",6.81,18.75,17.4061,168.64,50.64
"2016-12-29",6.8,18.53,17.4219,170.65,50.56
"2016-12-30",6.79,18.33,17.4193,172.38,50.51
"2017-01-02",NA,18.31,NA,172.57,50.45
"2017-01-03",6.8,18.65,17.417,173.71,49.93
"2017-01-04",6.83,18.64,17.4264,174.72,51.38
"2017-01-05",6.85,18.66,17.423,176.59,51.99
"2017-01-06",6.87,18.63,17.4594,176.05,52.28
"2017-01-09",6.88,18.8,17.4328,175.64,51.94
"2017-01-10",6.88,18.72,17.4387,177.34,52.04
"2017-01-11",6.9,18.98,17.4344,178.6,52
"2017-01-12",6.88,18.68,17.445,179.06,52.4
"2017-01-13",6.89,18.83,17.4389,178.81,52.63
"2017-01-16",NA,18.85,17.4342,179.48,52.33
"2017-01-17",6.88,18.62,17.4568,179.59,52.12
"2017-01-18",6.88,18.72,17.4328,180.04,52.62
"2017-01-19",6.89,18.85,17.3967,180.73,52.57
"2017-01-20",6.88,18.75,17.3718,178.89,52.44
"2017-01-23",6.88,18.64,17.3699,180.16,52.78
"2017-01-24",6.88,18.65,17.4031,181.65,52.8
"2017-01-25",6.92,18.97,17.3725,184.09,53.23
"2017-01-26",6.94,19.15,17.3492,185.97,53.19
"2017-01-27",6.93,19.08,17.351,184.71,52.86
"2017-01-30",6.91,19.1,17.3539,184.66,52.97
"2017-01-31",6.9,18.86,17.3462,182.35,53.01
"2017-02-01",6.92,19,17.3429,185.46,53.15
"2017-02-02",6.92,18.93,17.336,188.04,53.08
"2017-02-03",6.93,19.12,17.3464,189.41,52.74
"2017-02-06",6.95,19.24,17.3797,191.09,53.27
"2017-02-07",6.95,19.37,17.3859,189.99,52.81
"2017-02-08",6.94,19.32,17.4014,191.28,53.32
"2017-02-09",6.95,19.5,17.4313,192.44,53.31
"2017-02-10",6.97,19.68,17.4144,191.97,53.59
"2017-02-13",6.99,19.84,17.4116,191.3,53.95
"2017-02-14",6.99,19.8,17.4116,190.41,53.96
"2017-02-15",7.01,19.99,17.4097,187.46,54.13
"2017-02-16",7.03,19.99,17.4264,188.81,54.64
"2017-02-17",7.01,20.06,17.4678,189.44,54.8
"2017-02-20",NA,20.16,17.4675,192,54.71
"2017-02-21",7.03,20.38,17.4618,192.76,54.76
"2017-02-22",7.04,20.48,17.4907,190.98,55.21
"2017-02-23",7.05,20.34,17.4944,192.4,55.07
"2017-02-24",7.04,20.25,17.5378,192.87,55.31
"2017-02-27",7.04,20.26,17.5806,192.25,54.76
"2017-02-28",7.04,20.2,17.5593,191.59,55.14
"2017-03-01",7.06,20.36,17.5501,191.99,54.7
"2017-03-02",7.07,20.46,17.523,189.64,54.88
"2017-03-03",7.05,20.22,17.5073,189.82,54.57
"2017-03-06",7.04,20.16,17.4778,190.58,54.77
"2017-03-07",7.03,20.26,17.4659,190.65,54.69
"2017-03-08",7.02,20.42,17.4332,189.88,54.35
"2017-03-09",7,20.37,17.3901,189.15,54.24
"2017-03-10",7,20.4,17.3534,189.12,54.22
"2017-03-13",7,20.45,17.366,196.56,54.73
"2017-03-14",6.98,20.42,17.3432,194.49,54.57
"2017-03-15",6.98,20.49,17.3647,197.43,54.49
"2017-03-16",7.02,20.5,17.3914,200.95,55.25
"2017-03-17",7.02,20.57,17.3998,200.96,55.27
"2017-03-20",7.02,20.66,17.4089,200.88,55.35
"2017-03-21",6.99,20.49,17.4074,200.83,55.45
"2017-03-22",6.95,20.3,17.4507,198.47,54.75
"2017-03-23",6.96,20.45,17.4613,200.34,54.66
"2017-03-24",6.97,20.55,17.4593,201.35,55
"2017-03-27",6.95,20.18,17.4777,202.13,54.54
"2017-03-28",6.96,20.43,17.4861,203.48,55.11
"2017-03-29",6.99,20.73,17.4917,204.84,55.2
"2017-03-30",7.02,20.82,17.5183,206.05,54.55
"2017-03-31",7.03,20.83,17.5165,207.31,53.81
"2017-04-03",7.03,20.94,17.5232,207.7,53.99
"2017-04-04",7.02,20.97,17.5606,207.29,53.72
"2017-04-05",7.05,20.98,17.5502,209.23,53.6
"2017-04-06",7.02,20.86,17.5477,209.82,52.63
"2017-04-07",7.02,20.93,17.5677,210.74,53.22
"2017-04-10",7.05,21.07,17.5778,210.9,53.38
"2017-04-11",7.03,20.88,17.5848,212.61,53.4
"2017-04-12",7.03,20.9,17.6037,211.57,53.2
"2017-04-13",7.01,20.83,17.6194,212.76,53.12
"2017-04-18",7.02,20.76,17.6235,210.87,53.15
"2017-04-19",7.02,20.85,17.6329,211.74,53.14
"2017-04-20",7.02,20.75,17.6124,213.48,52.95
"2017-04-21",7.04,20.99,17.6209,212.91,53.51
"2017-04-24",7.06,20.84,17.6188,214.97,53.28
"2017-04-25",7.1,20.91,17.6095,217.96,53.72
"2017-04-26",7.11,20.92,17.6256,216.73,54.26
"2017-04-27",7.12,21.04,17.6451,217.72,53.91
"2017-04-28",7.12,20.94,17.659,217.4,53.75
"2017-05-02",7.13,21.19,17.6676,218.92,54.19
"2017-05-03",7.13,21.17,17.6947,218.12,54.2
"2017-05-04",7.11,21.08,17.6927,218.72,53.84
"2017-05-05",7.11,21.13,17.6865,216.53,54.1
"2017-05-08",7.12,21.43,17.6953,218.61,54.97
"2017-05-09",7.13,21.64,17.6759,218.09,54.38
"2017-05-10",7.13,21.89,17.699,218.79,54.47
"2017-05-11",7.12,21.87,17.6884,219.9,53.94
"2017-05-12",7.12,21.82,17.6923,218.62,53.71
"2017-05-15",7.13,21.88,17.6947,220.71,53.78
"2017-05-16",7.14,21.8,17.6744,221.87,53.56
"2017-05-17",7.13,21.6,17.6782,221.68,53.54
"2017-05-18",7.06,21.35,17.698,215.5,53.99
"2017-05-19",7.1,21.44,17.6845,214.48,53.63
"2017-05-22",7.13,21.49,17.6801,212.38,53.99
"2017-05-23",7.14,21.55,17.6856,208.52,53.87
"2017-05-24",7.14,21.76,17.6904,205.83,54.17
"2017-05-25",NA,NA,17.6904,NA,NA
"2017-05-26",7.17,22.12,17.7321,214.36,54.44
"2017-05-29",NA,22.09,17.7364,210.34,54.16
"2017-05-30",7.17,22.07,17.7449,210.8,54.4
"2017-05-31",7.16,21.94,17.7532,212.25,54.25
"2017-06-01",7.17,22.08,17.7471,213.15,54.86
"2017-06-02",7.2,22.11,17.7566,214.08,55.79
"2017-06-06",7.21,22.25,17.7796,214.6,55.95
"2017-06-07",7.21,22.3,17.7874,215.58,56.24
"2017-06-08",7.21,22.36,17.761,215.63,55.68
"2017-06-09",7.22,22.52,17.7703,216.36,55.5
"2017-06-12",7.18,21.42,17.7652,214.78,55.88
"2017-06-13",7.19,21.84,17.7618,214.97,55.85
"2017-06-14",7.22,21.89,17.7976,215.95,55.78
"2017-06-15",7.18,21.71,17.821,214.35,55.76
"2017-06-16",7.17,21.86,17.7974,215,55.39
"2017-06-19",7.18,22.06,17.8194,215.1,55.89
"2017-06-20",7.2,22.2,17.8446,215.67,56.12
"2017-06-21",7.18,22.12,17.8618,215.36,55.85
"2017-06-22",7.18,22.22,17.8574,214.83,55.88
"2017-06-23",NA,NA,17.8574,NA,NA
"2017-06-26",7.21,22.39,17.8763,212.97,55.95
"2017-06-27",7.19,21.9,17.8554,210.35,56.21
"2017-06-28",7.17,21.37,17.7884,211.53,56.02
"2017-06-29",7.19,21.39,17.7641,211.7,56.48
"2017-06-30",7.17,21.22,17.7324,211.46,56.73
"2017-07-03",7.17,21.29,17.7283,213.29,56.69
"2017-07-04",NA,21.01,17.7294,213.77,56.23
"2017-07-05",7.16,21.15,17.7294,214.7,56.38
"2017-07-06",7.16,20.99,17.7203,214.94,56.41
"2017-07-07",7.14,21.26,17.6733,214.82,55.85
"2017-07-10",7.16,21.34,17.684,216.94,55.79
"2017-07-11",7.17,21.59,17.6784,216.55,56.08
"2017-07-12",7.2,21.81,17.6951,220.02,56.23
"2017-07-13",7.22,22.1,17.7531,221.86,56.15
"2017-07-14",7.23,21.91,17.7386,222.24,56.32
"2017-07-17",7.26,22.02,17.7558,221.83,56.68
"2017-07-18",7.25,21.81,17.7758,220.57,56.64
"2017-07-19",7.26,22.23,17.7987,222.72,56.35
"2017-07-20",7.28,22.24,17.808,220.96,56.45
"2017-07-21",7.27,21.99,17.8414,220.99,56.97
"2017-07-24",7.28,22.13,17.8561,221.31,57.34
"2017-07-25",7.29,22.04,17.8434,221.53,56.9
"2017-07-26",7.3,22.27,17.8151,221.82,56.93
"2017-07-27",7.3,22.32,17.8445,221.65,57.27
"2017-07-28",7.27,21.83,17.8224,222.36,57.12
"2017-07-31",7.28,21.83,17.8426,222.6,57.84
"2017-08-01",7.27,21.7,17.8641,222.58,57.54
"2017-08-02",7.27,21.71,17.9068,223.6,57.56
"2017-08-03",7.26,21.5,17.9137,222.28,57.73
"2017-08-04",7.26,21.63,17.9384,224.74,58.19
"2017-08-07",7.26,21.73,17.923,226.54,58.09
"2017-08-08",7.26,21.79,17.927,223.59,58.05
"2017-08-09",7.25,21.85,17.904,219.95,57.75
"2017-08-10",7.22,21.61,17.9113,212.48,57.59
"2017-08-11",7.16,21.18,17.8944,211.86,57.98
"2017-08-14",7.19,21.58,17.8933,215.11,56.7
"2017-08-15",NA,NA,17.8933,NA,NA
"2017-08-16",7.21,21.94,17.8954,217.82,56.75
"2017-08-17",7.21,21.94,17.9113,218.48,57.58
"2017-08-18",7.15,21.51,17.915,217.9,57.4
"2017-08-21",7.15,21.5,17.9126,214.93,57.29
"2017-08-22",7.17,21.75,17.9065,214.14,57.53
"2017-08-23",7.19,21.85,17.8922,215.9,57.45
"2017-08-24",7.19,21.8,17.9086,217.13,57.3
"2017-08-25",7.2,21.89,17.8934,217.28,57.25
"2017-08-28",7.19,21.48,17.9081,219.35,57.72
"2017-08-29",7.18,21.27,17.9235,217.59,58.2
"2017-08-30",7.21,21.76,17.918,220.88,57.86
"2017-08-31",7.24,22.14,17.9168,221.59,57.64
"2017-09-01",7.26,22.15,17.9108,222.91,57.9
"2017-09-04",NA,22.06,17.9007,221.58,57.43
"2017-09-05",7.27,22.1,17.908,223.77,57.03
"2017-09-06",7.26,21.96,17.9236,223.23,57.51
"2017-09-07",7.26,21.88,17.9091,223.75,57.73
"2017-09-08",7.26,21.95,17.9352,223.99,58.22
"2017-09-11",7.27,22.25,17.9251,224.73,58.09
"2017-09-12",7.3,22.35,17.9132,226.69,57.91
"2017-09-13",7.31,22.39,17.8959,224.4,58.26
"2017-09-14",7.31,22.51,17.8964,224.84,58
"2017-09-15",7.31,22.33,17.8861,224.6,57.99
"2017-09-18",7.33,22.6,17.8925,225.79,57.98
"2017-09-19",7.33,22.56,17.8894,226.49,58.63
"2017-09-20",7.33,22.53,17.9005,225.2,58.9
"2017-09-21",7.32,22.46,17.8833,222.58,58.35
"2017-09-22",7.31,22.35,17.8875,217,58.48
"2017-09-25",7.31,22.24,17.9191,211.87,58.58
"2017-09-26",7.3,22.26,17.9265,211.46,58.87
"2017-09-27",7.3,22.47,17.9002,207.05,58.49
"2017-09-28",7.31,22.51,17.8699,208.23,58.91
"2017-09-29",7.32,22.74,17.8905,210.55,58.71
"2017-10-02",7.35,23.09,17.8972,210.1,58.83
"2017-10-03",7.36,23.12,17.8917,211.87,59.08
"2017-10-04",7.37,23.09,17.9181,214.99,59.43
"2017-10-05",7.39,23.22,17.9121,214.66,59.14
"2017-10-06",7.4,23.43,17.9012,216.41,59.06
"2017-10-09",NA,23.49,17.9149,215.35,59.19
"2017-10-10",7.4,23.44,17.9209,216.92,59.29
"2017-10-11",7.4,23.45,17.9294,216.83,59.08
"2017-10-12",7.41,23.66,17.9402,218.78,59.07
"2017-10-13",7.4,23.69,17.9697,219.28,59.62
"2017-10-16",7.41,23.79,18.0037,220.19,60.32
"2017-10-17",7.41,23.84,18.0238,221.35,59.82
"2017-10-18",7.41,23.76,18.0263,219.77,59.44
"2017-10-19",7.41,23.48,18.0134,220.18,59.5
"2017-10-20",7.42,23.97,17.9977,219.38,58.94
"2017-10-23",7.43,24.06,17.9977,219.37,59.11
"2017-10-24",7.41,23.93,17.9898,220.05,59.71
"2017-10-25",7.42,23.94,17.9807,223.2,59.27
"2017-10-26",7.41,24.03,17.974,225.21,59.87
"2017-10-27",7.41,24.56,18.0201,223.22,60.03
"2017-10-30",7.45,24.72,18.057,225.96,60.26
"2017-10-31",7.44,24.81,18.0982,225.67,60.5
"2017-11-01",NA,NA,18.0982,NA,NA
"2017-11-02",7.46,24.88,18.1278,227.49,60.4
"2017-11-03",7.46,25.08,18.1379,228.36,60.42
"2017-11-06",7.48,25.35,18.1601,226.89,60.09
"2017-11-07",7.5,25.42,18.1679,222.82,60.83
"2017-11-08",7.48,25.35,18.1628,220.86,61.67
"2017-11-09",7.46,25.2,18.1212,221.52,61.69
"2017-11-10",7.46,25.23,18.0706,220.32,61.53
"2017-11-13",7.45,25.28,18.0533,218.26,60.69
"2017-11-14",7.45,25.15,18.0299,216.51,60.21
"2017-11-15",7.42,24.76,18.0154,215.97,59.44
"2017-11-16",7.43,25.19,18.0167,216.82,59.7
"2017-11-17",7.47,25.28,18.0314,219.79,59.93
"2017-11-20",7.48,25.44,18.039,220.51,60.33
"2017-11-21",7.5,25.78,18.0512,221.97,60.7
"2017-11-22",7.52,25.7,18.0538,221.86,61.09
"2017-11-23",NA,25.53,18.0705,223.24,61.6
"2017-11-24",7.52,25.43,18.0656,224.35,61.37
"2017-11-27",7.53,25.33,18.0685,225.04,61.65
"2017-11-28",7.52,25.37,18.0809,225.12,61.23
"2017-11-29",7.54,25.07,18.0745,225.01,61.78
"2017-11-30",7.53,24.43,18.0595,224.18,62.06
"2017-12-01",7.54,24.42,18.0784,222.42,62.04
"2017-12-04",7.54,24.37,18.0955,223.86,61.64
"2017-12-05",7.5,24.05,18.0936,223.72,62.03
"2017-12-06",7.48,23.93,18.1142,221.19,61.44
"2017-12-07",7.49,24.22,18.1162,222.98,61.53
"2017-12-08",7.52,24.71,18.1097,226.04,61.63
"2017-12-11",7.53,24.63,18.1153,226.94,62.14
"2017-12-12",7.54,24.74,18.1064,223.93,62.36
"2017-12-13",7.55,24.76,18.0935,222.39,62.4
"2017-12-14",7.55,24.7,18.1034,223.21,62.68
"2017-12-15",7.54,24.72,18.1144,226.21,62.64
"2017-12-18",7.59,25.07,18.1146,226.43,62.75
"2017-12-19",7.59,25.07,18.0968,229.5,62.45
"2017-12-20",7.58,24.85,18.05,229.59,62.33
"2017-12-21",7.59,24.81,18.0291,230.73,62.22
"2017-12-22",7.59,24.84,18.0341,231.65,62.85
"2017-12-27",7.59,24.65,18.0411,231.69,62.99
"2017-12-28",7.59,24.64,18.0481,231.84,63.05
"2017-12-29",7.59,24.5,18.0358,232.53,63.46
"2018-01-02",7.6,24.66,18.0295,232.59,63.61
"2018-01-03",7.65,25.13,18.0353,233.84,63.6
"2018-01-04",7.68,25.25,18.0481,235.75,64.29
"2018-01-05",7.7,25.42,18.072,237.16,64.27
"2018-01-08",7.73,25.75,18.0883,239.7,64.35
"2018-01-09",7.74,25.9,18.0873,238.96,65.25
"2018-01-10",7.73,25.61,18.045,238.85,66.51
"2018-01-11",7.74,25.62,18.0554,238.88,66.57
"2018-01-12",7.78,25.57,18.0282,238.8,66.58
"2018-01-15",NA,25.46,18.0324,239.24,67.16
"2018-01-16",7.82,25.8,18.0454,233.81,66.84
"2018-01-17",7.78,25.49,18.0598,235.65,66.08
"2018-01-18",7.82,25.72,18.0502,231.83,64.83
"2018-01-19",7.82,25.84,18.0474,234.38,65.66
"2018-01-22",7.83,25.91,18.061,235.4,65.77
"2018-01-23",7.88,26.22,18.0875,237.33,66.5
"2018-01-24",7.9,26.02,18.084,236.08,67.15
"2018-01-25",7.87,25.68,18.0764,234.19,66.74
"2018-01-26",7.88,25.94,18.0695,234.1,66.73
"2018-01-29",7.93,26.34,18.0439,232.21,67.24
"2018-01-30",7.86,25.65,18.0225,232.16,66.63
"2018-01-31",7.86,25.89,18.0207,230.54,66.41
"2018-02-01",7.84,25.88,18.0086,228.34,67.1
"2018-02-02",7.8,25.4,17.9866,220.33,67.42
"2018-02-05",7.71,24.97,17.9554,220.24,66.44
"2018-02-06",7.59,24.45,17.9748,215.03,63.23
"2018-02-07",7.65,24.76,17.9739,217.9,63.01
"2018-02-08",7.61,24.63,17.9441,221.96,63.29
"2018-02-09",7.48,24.07,17.902,221.59,62.8
"2018-02-12",7.51,24.25,17.8907,223.3,63.02
"2018-02-13",7.54,24.3,17.8708,223.55,62.38
"2018-02-14",7.54,24.69,17.8499,222.62,61.58
"2018-02-15",7.63,25.16,17.8306,222.64,61.93
"2018-02-16",7.67,25.48,17.868,219.06,63.26
"2018-02-19",NA,25.55,17.8894,216.03,64.8
"2018-02-20",7.67,25.75,17.8763,214.64,64.31
"2018-02-21",7.68,26.06,17.885,216.39,64.08
"2018-02-22",7.66,25.85,17.8674,215.21,63.61
"2018-02-23",7.67,26.06,17.8777,219.17,64.36
"2018-02-26",7.74,26.49,17.8974,220.78,64.71
"2018-02-27",7.77,26.57,17.9055,218.57,64.57
"2018-02-28",7.73,26.7,17.9094,218.94,64.07
"2018-03-01",7.67,26.33,17.9255,217.81,63.28
"2018-03-02",7.6,25.69,17.9206,214.79,63.09
"2018-03-05",7.63,25.97,17.8911,215.37,62.2
"2018-03-06",7.72,26.51,17.8695,213.78,62.44
"2018-03-07",7.71,26.47,17.8847,208.98,62.51
"2018-03-08",7.73,26.99,17.881,209.53,62.63
"2018-03-09",7.77,27.31,17.9048,208.28,62.23
"2018-03-12",7.81,27.62,17.9099,210.77,63.56
"2018-03-13",7.83,27.47,17.9165,214.45,63.49
"2018-03-14",7.79,27.33,17.9065,214.26,63.69
"2018-03-15",7.79,27.5,17.8963,214,63.58
"2018-03-16",7.79,27.57,17.889,210.76,63.41
"2018-03-19",7.74,27.05,17.8642,205.3,62.16
"2018-03-20",7.73,27.27,17.8405,206.58,62.04
"2018-03-21",7.73,27.36,17.8253,206.97,62.33
"2018-03-22",7.67,26.82,17.8334,204.91,62.71
"2018-03-23",7.62,26.39,17.8309,202.32,61.12
"2018-03-26",7.58,26.26,17.8178,204.18,60.61
"2018-03-27",7.64,26.7,17.824,206.88,61.71
"2018-03-28",7.55,25.65,17.8478,204.24,61.69
"2018-03-29",7.51,25.39,17.8467,204.36,61.81
"2018-04-03",7.48,25.49,17.8593,209.26,62.07
"2018-04-04",7.48,25.02,17.858,206.55,62.02
"2018-04-05",7.58,25.95,17.8441,211.5,62.52
"2018-04-06",7.58,25.77,17.8497,213.1,62.23
"2018-04-09",7.54,25.58,17.8757,214.96,62.55
"2018-04-10",7.55,25.6,17.8799,214.87,62.57
"2018-04-11",7.6,25.81,17.8846,212.53,62.41
"2018-04-12",7.62,26.12,17.8884,211.92,61.97
"2018-04-13",7.65,26.07,17.8932,211.75,62.37
"2018-04-16",7.64,25.8,17.8962,211.38,62.83
"2018-04-17",7.69,26.24,17.9133,212.15,62.77
"2018-04-18",7.73,26.41,17.9217,211.58,63.43
"2018-04-19",7.71,26.45,17.8838,210.77,63.65
"2018-04-20",7.68,26.29,17.8545,209.54,63.96
"2018-04-23",7.63,26.22,17.8295,209.4,63.62
"2018-04-24",7.64,26.2,17.8276,210.17,63.92
"2018-04-25",7.53,25.35,17.8119,206.93,64
"2018-04-26",7.58,25.85,17.8082,207.38,63.9
"2018-04-27",7.62,26.27,17.832,208.37,63.48
"2018-04-30",7.62,26.38,17.8391,210.34,63.5
"2018-05-01",NA,NA,17.8391,NA,NA
"2018-05-02",7.59,26.85,17.8271,207.5,62.79
"2018-05-03",7.57,26.69,17.8339,205.1,63.03
"2018-05-04",7.57,26.79,17.8306,203.68,63.29
"2018-05-07",7.65,27.46,17.8233,204.23,63
"2018-05-08",7.65,27.64,17.8213,205.32,63.84
"2018-05-09",7.67,27.88,17.7978,203.93,62.84
"2018-05-10",NA,NA,17.7978,NA,NA
"2018-05-11",7.75,28.16,17.8153,202.88,63.49
"2018-05-14",7.77,28.28,17.8052,201.56,63.53
"2018-05-15",7.73,27.96,17.7908,199.92,63.36
"2018-05-16",7.74,28.29,17.7613,199.43,63.04
"2018-05-17",7.76,28.34,17.7467,199.93,63.12
"2018-05-18",7.76,28.36,17.7259,196.5,63.11
"2018-05-21",NA,NA,17.7259,NA,NA
"2018-05-22",7.78,28.4,17.7279,195.16,62.92
"2018-05-23",7.75,28.33,17.7183,192.49,63.08
"2018-05-24",7.75,28.53,17.7257,193.18,62.51
"2018-05-25",7.76,28.88,17.7441,197.82,61.96
"2018-05-28",NA,28.99,17.756,202.94,61.89
"2018-05-29",7.76,28.99,17.7473,200.74,61.62
"2018-05-30",7.75,28.82,17.7275,201.7,60.9
"2018-05-31",7.77,29.01,17.7316,201.91,60.88
"2018-06-01",7.77,29.07,17.7502,200.81,60.96
"2018-06-04",7.81,29.45,17.7556,198.54,61.59
"2018-06-05",7.83,29.96,17.759,195.47,61.34
"2018-06-06",7.83,29.65,17.7388,198.3,61.41
"2018-06-07",7.88,29.69,17.6967,200.36,61.96
"2018-06-08",7.85,29.37,17.714,199.37,62.36
"2018-06-11",7.88,29.62,17.6962,200.42,62.04
"2018-06-12",7.89,29.75,17.6815,201.23,62.08
"2018-06-13",7.9,30.07,17.6904,201.02,62.08
"2018-06-14",7.91,30.58,17.6909,200.16,62.1
"2018-06-15",7.91,30.65,17.7646,198.36,61.59
"2018-06-18",7.9,30.7,17.7662,199.05,60.76
"2018-06-19",7.87,30.5,17.7684,195.99,60.56
"2018-06-20",7.9,30.84,17.7675,196.55,60.49
"2018-06-21",7.9,30.63,17.7518,196.35,59.87
"2018-06-22",7.86,30,17.749,198.16,60.1
"2018-06-25",7.79,29.34,17.7343,194.92,59.83
"2018-06-26",7.77,29.32,17.7215,194.04,60.24
"2018-06-27",7.8,29.57,17.6905,188.79,60.18
"2018-06-28",7.7,28.96,17.6948,185.11,59.83
"2018-06-29",7.76,29.35,17.6774,187.96,59.97
"2018-07-02",7.71,29.15,17.6752,185.36,58.84
"2018-07-03",7.76,29.21,17.6698,186.51,58.26
"2018-07-04",NA,28.98,17.6914,185.92,58.47
"2018-07-05",7.75,28.98,17.6923,185.09,57.38
"2018-07-06",7.78,29.09,17.7154,186.29,58.05
"2018-07-09",7.84,29.49,17.7376,188.74,59.17
"2018-07-10",7.87,29.72,17.7933,189.49,59.02
"2018-07-11",7.84,29.45,17.7686,188.06,58.39
"2018-07-12",7.85,29.97,17.7727,188.91,57.59
"2018-07-13",7.87,30.25,17.8012,187.89,57.57
"2018-07-16",7.88,30.19,17.8089,183.69,57.69
"2018-07-17",7.86,30.13,17.7977,187.61,57.88
"2018-07-18",7.88,30.64,17.8057,185.96,57.72
"2018-07-19",7.88,30.61,17.7896,183.62,57.5
"2018-07-20",7.89,30.4,17.7833,184.14,57.73
"2018-07-23",7.86,30.11,17.7556,186.67,58.27
"2018-07-24",7.91,30.61,17.7343,189.43,58.88
"2018-07-25",7.88,30.39,17.7586,189.18,58.8
"2018-07-26",7.9,30.28,17.7708,190.88,59.58
"2018-07-27",7.91,30.54,17.7845,193.64,59.49
"2018-07-30",7.84,29.42,17.7799,194.7,59.82
"2018-07-31",7.83,29.08,17.7755,194.96,59.51
"2018-08-01",7.86,29.4,17.7842,195.72,59.54
"2018-08-02",7.83,29.49,17.7715,195.38,59.5
"2018-08-03",7.87,30.08,17.7773,196.26,58.96
"2018-08-06",7.88,30.2,17.7973,197.26,58.21
"2018-08-07",7.93,30.46,17.8078,196.88,58.24
"2018-08-08",7.93,30.56,17.8038,196.38,58.44
"2018-08-09",7.93,30.81,17.8035,197.74,58.4
"2018-08-10",7.89,31.01,17.8223,195.98,57.98
"2018-08-13",7.9,31.18,17.8162,191.16,56.89
"2018-08-14",7.87,30.82,17.8028,192.15,57.18
"2018-08-15",NA,NA,17.8028,NA,NA
"2018-08-16",7.85,30.38,17.8062,189.69,56.27
"2018-08-17",7.84,30.17,17.8085,191.26,57.03
"2018-08-20",7.86,30.21,17.8112,193.69,56.7
"2018-08-21",7.9,30.42,17.813,194.04,56.62
"2018-08-22",7.9,30.22,17.8092,193.95,57.2
"2018-08-23",7.94,30.8,17.8019,192.18,57.33
"2018-08-24",7.95,30.86,17.7993,191.9,57.17
"2018-08-27",7.99,31.2,17.7977,192.98,57.8
"2018-08-28",8.01,31.07,17.7782,192.56,57.87
"2018-08-29",8.02,31.25,17.7602,191.4,57.94
"2018-08-30",8.03,31.37,17.7501,191.07,58.07
"2018-08-31",8.02,31.32,17.7584,191.84,58.26
"2018-09-03",NA,31.45,17.7476,190.74,57.11
"2018-09-04",8,31.51,17.7399,185.17,56.98
"2018-09-05",7.99,31,17.712,184.15,56.87
"2018-09-06",7.97,30.66,17.7072,185.83,56.67
"2018-09-07",7.95,30.81,17.7234,187.34,56.48
"2018-09-10",7.95,30.65,17.7052,183.07,56.61
"2018-09-11",7.95,30.95,17.7103,180.11,56.63
"2018-09-12",7.95,30.84,17.7089,181.63,55.82
"2018-09-13",8,31.08,17.718,182.41,56.03
"2018-09-14",8.01,31.15,17.7242,186.03,56.74
"2018-09-17",7.98,30.76,17.719,183.66,56.62
"2018-09-18",7.98,30.61,17.7234,179.93,57.4
"2018-09-19",7.99,30.61,17.7149,178.32,58.16
"2018-09-20",8.01,30.57,17.7104,179.69,58.47
"2018-09-21",8.04,30.83,17.7232,175.78,59.05
"2018-09-24",8.01,30.46,17.7219,169.73,59.08
"2018-09-25",8.02,30.8,17.6932,169.63,59.31
"2018-09-26",8.02,30.98,17.6844,170.17,59.39
"2018-09-27",8.02,31.23,17.6969,167.02,58.63
"2018-09-28",8.02,31.33,17.6997,165.2,58.4
"2018-10-01",8.06,31.56,17.694,163.99,58.16
"2018-10-02",8.04,31.34,17.7,162.72,58.28
"2018-10-03",8.04,31.12,17.7065,162.97,57.82
"2018-10-04",7.99,30.84,17.6578,157.13,57.79
"2018-10-05",7.95,30.14,17.6404,150.29,57.34
"2018-10-08",NA,29.83,17.6171,148.5,57.6
"2018-10-09",7.87,29.52,17.6038,146.96,56.8
"2018-10-10",7.79,28.36,17.6076,152.55,56.88
"2018-10-11",7.71,27.86,17.5952,151.48,55.42
"2018-10-12",7.73,28.39,17.6073,155.66,55.28
"2018-10-15",7.71,27.89,17.6183,156.48,54.69
"2018-10-16",7.73,28.37,17.6166,159,54.97
"2018-10-17",7.79,29.05,17.6313,155.4,55.73
"2018-10-18",7.76,28.88,17.6165,155.64,55.44
"2018-10-19",7.74,28.61,17.6202,154.87,55.22
"2018-10-22",7.66,27.98,17.6007,153.13,55.15
"2018-10-23",7.59,27.54,17.6033,151.24,53.92
"2018-10-24",7.62,27.87,17.5989,153.86,54.05
"2018-10-25",7.52,27.29,17.5866,152.46,52.01
"2018-10-26",7.48,26.93,17.5832,151.4,51.53
"2018-10-29",7.52,27.05,17.5723,155.35,51.11
"2018-10-30",7.43,26.3,17.5664,155.48,51.81
"2018-10-31",7.57,27.8,17.5625,157.55,53.37
"2018-11-02",7.63,28.28,17.5773,164.41,54.05
"2018-11-05",7.6,27.69,17.5725,162.86,53.51
"2018-11-06",7.63,27.9,17.58,162.07,53.31
"2018-11-07",7.69,28.09,17.5807,163.34,52.51
"2018-11-08",7.73,28.53,17.5939,165.09,52.96
"2018-11-09",7.66,27.82,17.5952,167.66,52.94
"2018-11-12",NA,27.35,17.6002,163.71,53.11
"2018-11-13",7.55,27.01,17.5756,165.09,51.93
"2018-11-14",7.56,27.04,17.5504,166.47,52.02
"2018-11-15",7.48,26.95,17.5235,167.78,52.53
"2018-11-16",7.52,27.26,17.474,167.71,52.23
"2018-11-19",7.47,26.53,17.4335,168.76,52.7
"2018-11-20",7.32,24.99,17.379,166.72,52.71
"2018-11-21",7.36,25.76,17.3563,167.88,51.96
"2018-11-22",NA,25.82,17.376,168.11,52.21
"2018-11-23",7.36,25.92,17.3977,168.11,52.27
"2018-11-26",7.4,26.32,17.4145,168.24,52.32
"2018-11-27",7.4,26.62,17.4194,168.35,52.6
"2018-11-28",7.43,27.11,17.4089,168.51,53.14
"2018-11-29",7.52,27.49,17.3898,170.62,53.38
"2018-11-30",7.53,27.62,17.3765,171.28,53.6
"2018-12-03",7.61,28.36,17.3764,168.95,54.26
"2018-12-04",7.6,28.17,17.3934,168.58,53.35
"2018-12-05",NA,27.38,17.3794,166.81,52.81
"2018-12-06",7.4,26.61,17.3707,163.81,52.01
"2018-12-07",7.48,27.35,17.3598,163.81,51.95
"2018-12-10",7.36,26.52,17.3645,158.78,50.73
"2018-12-11",7.43,27.21,17.3482,161.03,49.81
"2018-12-12",7.44,27.34,17.375,164.21,50.54
"2018-12-13",7.43,27.28,17.3953,166.46,51.18
"2018-12-14",7.39,26.98,17.4295,165.88,50.05
"2018-12-17",7.3,26.13,17.4389,168.12,49.44
"2018-12-18",7.3,25.99,17.446,171.44,49.38
"2018-12-19",7.29,26.07,17.4592,173.68,49.16
"2018-12-20",7.16,25.26,17.4743,175.24,47.68
"2018-12-21",7.08,24.78,17.4551,172.41,46.62
"2018-12-24",NA,NA,NA,NA,46.64
"2018-12-27",7.04,24.82,17.4384,171.67,47.49
"2018-12-28",7.13,25.39,17.4424,174.79,47.85
"2018-12-31",7.16,25.61,17.4321,175.62,47.99
"2019-01-02",7.12,25.39,17.4544,173.45,47.19
"2019-01-03",7.11,25.04,17.4488,171.87,47.64
"2019-01-04",7.17,25.38,17.4278,173.82,48.47
"2019-01-07",7.26,26.07,17.3956,173.73,49.65
"2019-01-08",7.35,26.63,17.3843,173.5,49.94
"2019-01-09",7.42,26.9,17.3991,172.44,50.08
"2019-01-10",7.39,26.65,17.4375,172.44,50.14
"2019-01-11",7.43,27.06,17.453,172.26,50.19
"2019-01-14",7.41,26.68,17.4712,170.94,50.27
"2019-01-15",7.45,27.26,17.4751,172.38,50.68
"2019-01-16",7.48,27.71,17.4997,172.07,50.22
"2019-01-17",7.48,27.64,17.5307,172.37,50.48
"2019-01-18",7.53,27.96,17.5409,170.57,50.54
"2019-01-21",NA,28.24,17.5703,169.35,50.88
"2019-01-22",7.53,27.96,17.5801,169.11,50.74
"2019-01-23",7.53,27.98,17.5761,168.51,50.26
"2019-01-24",7.51,27.88,17.5942,169.42,50.88
"2019-01-25",7.55,28.4,17.6287,167.49,51.08
"2019-01-28",7.51,28.01,17.626,164.61,50.8
"2019-01-29",7.52,28.03,17.6268,164.59,50.73
"2019-01-30",7.53,28.01,17.6403,164.75,50.2
"2019-01-31",7.61,28.77,17.6778,164.94,51.07
"2019-02-01",7.63,28.62,17.7154,164.86,50.88
"2019-02-04",7.65,29.1,17.7119,161.44,51.55
"2019-02-05",7.7,29.47,17.7187,161.11,51.83
"2019-02-06",7.71,29.55,17.7598,162.35,51.89
"2019-02-07",7.67,29.27,17.7751,163.45,51.47
"2019-02-08",7.63,29,17.775,162.27,50.67
"2019-02-11",7.66,29.51,17.7717,160.7,50.53
"2019-02-12",7.71,29.84,17.7667,161.03,51.05
"2019-02-13",7.74,30.05,17.7856,159.29,51.52
"2019-02-14",7.72,29.9,17.7937,158.73,51.34
"2019-02-15",7.76,29.97,17.7933,156.75,51.36
"2019-02-18",NA,30.03,17.8034,155.09,52.48
"2019-02-19",7.77,30.11,17.8189,155.54,52.37
"2019-02-20",7.79,30.32,17.8249,158.28,52.13
"2019-02-21",7.77,29.96,17.8149,159.83,52.33
"2019-02-22",7.78,30.21,17.7987,161.53,52.07
"2019-02-25",7.83,30.66,17.8119,161.74,52.62
"2019-02-26",7.81,30.45,17.8297,161.21,52.29
"2019-02-27",7.81,30.42,17.8475,160.64,52.61
"2019-02-28",7.81,30.55,17.8363,163.02,52.16
"2019-03-01",7.85,30.82,17.8357,165.66,51.82
"2019-03-04",7.86,31.16,17.84,164.36,52.19
"2019-03-05",7.8,30.73,17.8495,171.03,51.79
"2019-03-06",7.79,30.9,17.8907,172.3,51.88
"2019-03-07",7.73,30.56,17.8907,172.78,51.29
"2019-03-08",7.69,30.16,17.8596,172.47,50.21
"2019-03-11",7.77,31.09,17.8503,176.65,50.18
"2019-03-12",7.8,31.26,17.8667,178.57,50.87
"2019-03-13",7.84,31.37,17.8966,179.41,50.33
"2019-03-14",7.83,31.26,17.923,179.61,49.94
"2019-03-15",7.86,31.43,17.9334,181.27,50.47
"2019-03-18",7.89,31.62,17.9561,184.27,51.1
"2019-03-19",7.89,31.61,17.9777,184.37,51.36
"2019-03-20",7.87,31.68,17.9696,184.16,51.43
"2019-03-21",7.91,32.05,17.9762,184.58,51.91
"2019-03-22",7.88,32.11,17.9973,181.84,52.37
"2019-03-25",7.83,31.46,17.9979,181.1,51.15
"2019-03-26",7.88,31.92,17.9931,182.78,52.43
"2019-03-27",7.84,31.62,18.0205,183.18,52.84
"2019-03-28",7.84,31.61,18.055,184.21,51.81
"2019-03-29",7.87,31.91,18.047,186.05,51.84
"2019-04-01",7.92,32.28,18.065,186.81,52.71
"2019-04-02",7.94,32.37,18.1176,185.99,52.42
"2019-04-03",7.97,32.78,18.1264,184.2,52.98
"2019-04-04",7.97,32.78,18.1248,182.89,53.21
"2019-04-05",7.98,32.56,18.1247,182.94,53.34
"2019-04-08",7.98,32.33,18.1395,180.47,53.16
"2019-04-09",7.98,32.58,18.1382,181.94,52.96
"2019-04-10",7.99,32.74,18.1536,182.76,52.86
"2019-04-11",8.01,32.69,18.1765,183.82,52.83
"2019-04-12",8.03,32.83,18.1758,183.89,52.52
"2019-04-15",8.03,33,18.179,185.16,53.43
"2019-04-16",8.04,33.09,18.192,185.68,53.3
"2019-04-17",8.03,32.89,18.1875,186.17,53.53
"2019-04-18",8.01,32.67,18.1957,183.94,52.9
"2019-04-23",8.04,33.56,18.2031,179.8,53.49
"2019-04-24",8.06,33.88,18.2216,181.35,53.69
"2019-04-25",8.06,34.11,18.2475,180.21,54.22
"2019-04-26",8.04,33.81,18.24,181.09,NA
"2019-04-29",8.09,34.32,18.2575,181.64,NA
"2019-04-30",8.09,34.1,18.2528,180.72,NA
"2019-05-02",8.06,33.89,18.282,179.67,NA
"2019-05-03",8.07,34.23,18.2704,180.19,NA
"2019-05-06",8.04,33.78,18.2755,179.29,NA
"2019-05-07",8.03,33.72,18.2758,176.84,53.61
"2019-05-08",7.99,33.57,18.2525,174.18,52.86
"2019-05-10",7.95,33.39,18.1812,172.41,52.12
"2019-05-13",7.86,32.52,18.1794,166.94,51.5
"2019-05-14",7.86,32.47,18.1693,168.1,51.1
"2019-05-15",7.87,33.04,18.1696,167.68,51.68
"2019-05-16",7.95,33.54,18.177,168.44,51.55
"2019-05-17",7.93,33.34,18.2016,168.56,52.01
"2019-05-20",7.86,32.53,18.2036,175.53,51.49
"2019-05-21",7.9,32.88,18.191,173.21,50.92
"2019-05-22",7.91,32.99,18.1782,173.82,51.09
"2019-05-23",7.82,32.24,18.1583,172.59,50.83
"2019-05-24",7.84,32.33,18.1485,178.9,50.96
"2019-05-27",NA,32.21,18.1516,182.45,51.08
"2019-05-28",7.85,32.59,18.1528,182.52,51.41
"2019-05-29",7.77,32.13,18.161,180.05,50.75
"2019-05-31",7.72,31.85,18.1701,180.72,50.45
"2019-06-03",7.71,31.4,18.1737,183.2,49.87
"2019-06-04",7.73,31.02,18.1877,181.93,50.69
"2019-06-05",7.81,31.83,18.2235,181.9,51.83
"2019-06-06",7.83,31.79,18.2525,178.43,51.7
"2019-06-07",7.89,32.58,18.2575,176.58,51.85
"2019-06-11",7.98,33.38,18.2965,177.15,52.55
"2019-06-12",7.93,33.02,18.3122,175.85,52.51
"2019-06-13",7.95,33.36,18.3084,175.11,51.84
"2019-06-14",7.93,33.17,18.3303,172.98,52.07
"2019-06-17",7.94,33.48,18.3285,169.84,51.46
"2019-06-18",8.01,34.04,18.3697,170.51,50.9
"2019-06-19",8.01,34.03,18.4297,168.77,51.97
"2019-06-20",8.1,34.57,18.4986,171.8,52.58
"2019-06-21",8.07,34.15,18.5207,171.17,52.48
"2019-06-24",8.06,33.58,18.5139,170.67,52.79
"2019-06-25",8.05,33.39,18.5264,172.15,52.71
"2019-06-26",8.03,33.22,18.5224,173.46,52.05
"2019-06-27",8.04,33.41,18.5085,173.43,52.95
"2019-06-28",8.05,33.39,18.532,173.23,53.11
"2019-07-01",8.13,34.28,18.5583,173.28,54.04
"2019-07-02",8.11,34.26,18.5873,173.85,54.35
"2019-07-03",8.13,34.52,18.6371,174.44,54.43
"2019-07-04",NA,34.69,18.6662,175.69,54.98
"2019-07-05",8.13,34.44,18.6777,173.7,54.88
"2019-07-08",8.12,34.56,18.6523,169.55,54.05
"2019-07-09",8.11,34.66,18.6248,170.66,53.63
"2019-07-10",8.18,35.28,18.5965,168.5,53.91
"2019-07-11",8.17,35.16,18.6073,169.33,55.04
"2019-07-12",8.18,35.16,18.5926,168.41,54.67
"2019-07-15",8.19,35.3,18.6091,168.72,54.87
"2019-07-16",8.19,35.54,18.6404,170.03,55.5
"2019-07-17",8.18,35.48,18.6405,170.82,54.73
"2019-07-18",8.14,35.36,18.6462,168.8,53.51
"2019-07-19",8.17,35.72,18.6558,166.28,54.77
"2019-07-22",8.15,35.57,18.6609,165.96,54.64
"2019-07-23",8.16,35.77,18.6809,165.25,55.1
"2019-07-24",8.18,36.08,18.7095,163.25,55.33
"2019-07-25",8.18,36.08,18.7583,162.84,55.8
"2019-07-26",8.2,36.51,18.7641,164.01,55.22
"2019-07-29",8.17,36.05,18.7865,163.45,55.24
"2019-07-30",8.16,36.02,18.771,160.4,55.64
"2019-07-31",8.18,36.01,18.7567,161.17,55.61
"2019-08-01",8.16,36.16,18.7667,158.24,55.18
"2019-08-02",8.04,35.2,18.7799,156.41,54.67
"2019-08-05",7.91,33.81,18.7482,152.44,53.77
"2019-08-06",7.9,33.91,18.7397,153.37,53.73
"2019-08-07",7.85,33.53,18.7832,151.74,54.09
"2019-08-08",7.95,34.56,18.7862,154.13,54.25
"2019-08-09",7.98,34.76,18.78,154.6,54.37
"2019-08-12",7.93,34.23,18.7909,153.4,54.7
"2019-08-13",7.99,34.82,18.8074,151.92,53.87
"2019-08-14",7.91,34.27,18.8126,154.83,53.66
"2019-08-16",7.89,34.4,18.8439,156.55,52.79
"2019-08-19",7.96,35,18.8242,156.59,53.05
"2019-08-20",7.96,34.89,18.8456,155.09,53.72
"2019-08-21",8.01,35.3,18.8624,154.18,53.33
"2019-08-22",8.02,35.28,18.8832,150.16,53.15
"2019-08-23",7.99,35.11,18.8876,152.59,53.37
"2019-08-26",7.92,34.5,18.9191,154.31,52.49
"2019-08-27",7.96,34.82,18.9204,157.04,53.25
"2019-08-28",7.92,34.25,18.9715,156.32,53.16
"2019-08-29",8,34.98,18.978,156.36,53.14
"2019-08-30",8.02,35.25,18.9761,158.15,54.45
"2019-09-02",NA,35.34,18.9814,155.53,54.02
"2019-09-03",7.98,35.29,18.9887,153.6,54.41
"2019-09-04",8,35.35,18.9641,154.62,53.92
"2019-09-05",8.06,35.48,18.9441,155.42,54.88
"2019-09-06",8.07,35.67,18.9138,156.72,54.58
"2019-09-09",8.07,35.12,18.9171,157.78,55.05
"2019-09-10",8.04,34.26,18.8794,157.33,55.41
"2019-09-11",8.08,34.59,18.8252,158.43,56.13
"2019-09-12",8.12,34.98,18.8217,159.55,56.61
"2019-09-13",8.12,34.79,18.8367,160.83,56.86
"2019-09-16",8.11,34.84,18.8262,158.11,56.97
"2019-09-17",8.11,34.84,18.8423,154.18,56.88
"2019-09-18",8.11,34.87,18.825,157.26,56.41
"2019-09-19",8.13,35.07,18.8127,155.34,57.03
"2019-09-20",8.13,35.12,18.8254,162.22,57.13
"2019-09-23",8.09,34.77,18.8597,167.96,57.4
"2019-09-24",8.11,34.88,18.8695,167.12,57.48
"2019-09-25",8.02,33.79,18.8835,164.78,57.4
"2019-09-26",8.04,34.34,18.8542,168.03,57.73
"2019-09-27",8.03,34.28,18.8665,167.72,57.31
"2019-09-30",8,33.93,18.8699,165.84,56.88
"2019-10-01",8.05,34.3,18.8751,163.86,57.53
"2019-10-02",7.9,33.3,18.895,163.38,57.76
"2019-10-03",7.88,33.2,18.8807,165.08,56.8
"2019-10-04",7.95,34.15,18.8786,163.38,57.03
"2019-10-07",7.98,34.21,18.8801,161.31,56.94
"2019-10-08",7.91,33.83,18.8724,161.01,57.99
"2019-10-09",7.92,33.79,18.8613,163.4,57.82
"2019-10-10",7.96,34,18.8323,162.48,57.74
"2019-10-11",8.03,34.41,18.8119,162.99,57.88
"2019-10-14",NA,34.48,18.8253,163.3,57.92
"2019-10-15",8.04,34.66,18.8382,163.36,59.03
"2019-10-16",8.04,34.25,18.8412,164.48,59.3
"2019-10-17",8.08,34.27,18.8261,166.74,59.19
"2019-10-18",8.06,33.85,18.8371,168.24,59.48
"2019-10-21",8.04,33.53,18.8263,169.06,59.79
"2019-10-22",8.07,33.77,18.8353,168.72,59.79
"2019-10-23",8.04,33.33,18.8613,168.56,60.31
"2019-10-24",8.06,33.65,18.8631,166.37,60.27
"2019-10-25",8.08,34.01,18.8702,165.96,60.58
"2019-10-28",8.14,34.57,18.866,167.71,60.85
"2019-10-29",8.15,34.51,18.8633,168.5,61.01
"2019-10-30",8.14,34.55,18.8543,170.38,61.24
"2019-10-31",8.13,34.34,18.8714,171.39,61.52
"2019-11-04",8.21,34.92,18.8863,173.62,61.52
"2019-11-05",8.21,35.02,18.8841,172.22,62.19
"2019-11-06",8.18,34.9,18.865,172.03,62.46
"2019-11-07",8.21,35.1,18.8607,172.65,62.47
"2019-11-08",8.19,34.85,18.8214,170.18,62.56
"2019-11-11",NA,34.89,18.8111,170.11,62.98
"2019-11-12",8.23,35.32,18.7962,169.63,63.24
"2019-11-13",8.21,35.17,18.8107,167.62,62.66
"2019-11-14",8.21,35.27,18.8174,168,62.02
"2019-11-15",8.24,35.43,18.8139,167.35,62.67
"2019-11-18",8.25,35.69,18.8048,167.1,62.37
"2019-11-19",8.25,35.77,18.806,168.39,62.53
"2019-11-20",8.26,35.93,18.8124,167.71,62.48
"2019-11-21",8.25,35.67,18.7996,166.83,62.18
"2019-11-22",8.25,35.83,18.7917,167.04,62.28
"2019-11-25",8.28,36.3,18.8067,168.59,62.41
"2019-11-26",8.31,36.51,18.8342,168.7,62.57
"2019-11-27",8.32,36.74,18.856,170.77,62.87
"2019-11-28",NA,36.9,18.8564,172.28,62.47
"2019-11-29",8.33,36.75,18.8634,170.45,62.57
"2019-12-02",8.29,35.9,18.8376,170.78,62.95
"2019-12-03",8.22,35.43,18.8229,169.11,62.69
"2019-12-04",8.27,35.83,18.8618,169.89,63.22
"2019-12-05",8.27,35.85,18.8418,168.87,63.49
"2019-12-06",8.31,36.21,18.8513,167.08,63.74
"2019-12-09",8.32,36.29,18.8637,167.8,64.24
"2019-12-10",8.3,36.04,18.8793,165.97,64.19
"2019-12-11",8.3,36.01,18.8928,165.46,63.71
"2019-12-12",8.35,36.3,18.9034,166.7,63.44
"2019-12-13",8.37,36.57,18.8822,168.32,63.56
"2019-12-16",8.41,36.88,18.9297,167.06,63.58
"2019-12-17",8.41,36.88,18.923,167.7,63.72
"2019-12-18",8.43,37.17,18.935,167.71,63.51
"2019-12-19",8.45,37.17,18.9036,168.31,63.52
"2019-12-20",8.47,37.6,18.911,168.17,63.47
"2019-12-23",8.5,37.78,18.9191,167.12,63.1
"2019-12-24",NA,NA,NA,NA,63.23
