"","LU0231455378","LU0348766576","LU0476943617","LU0171273575","LU0275062080"
"2014-01-02",73.04,26.9934,9.53,,8.57
"2014-01-03",73.07,27.207,9.48,,8.56
"2014-01-06",73.12,27.1197,9.49,,8.57
"2014-01-07",73.22,26.9953,9.51,,8.57
"2014-01-08",73.32,27.2064,9.54,,8.54
"2014-01-09",73.34,27.1834,9.5,,8.56
"2014-01-10",73.39,27.2473,9.54,,8.58
"2014-01-13",73.47,27.5496,9.78,,8.62
"2014-01-14",73.45,27.5389,9.81,,8.59
"2014-01-15",73.51,27.7616,9.77,,8.61
"2014-01-16",73.61,27.696,9.79,,8.62
"2014-01-17",73.7,27.4626,9.73,,8.64
"2014-01-20",73.75,27.5219,9.7,,8.64
"2014-01-21",73.71,27.4632,9.72,,8.64
"2014-01-22",73.73,27.4523,9.74,,8.63
"2014-01-23",73.75,27.5057,9.78,,8.64
"2014-01-24",73.8,26.9707,9.67,,8.64
"2014-01-27",73.47,26.1799,9.43,,8.62
"2014-01-28",73.26,26.2513,9.42,,8.59
"2014-01-29",73.39,26.4251,9.43,,8.61
"2014-01-30",73.36,26.1196,9.36,,8.64
"2014-01-31",73.33,26.2455,9.38,,8.65
"2014-02-03",73.13,26.0271,9.31,,8.65
"2014-02-04",73.12,26.0492,9.26,,8.65
"2014-02-05",73.09,26.1804,9.27,,8.66
"2014-02-06",73.08,26.1609,9.37,,8.66
"2014-02-07",73.22,26.3096,9.43,,8.66
"2014-02-10",73.36,26.2235,9.37,,8.68
"2014-02-11",73.5,26.2651,9.46,,8.69
"2014-02-12",73.54,26.4124,9.57,,8.69
"2014-02-13",73.7,26.1863,9.51,,8.69
"2014-02-14",73.65,26.3212,9.61,,8.71
"2014-02-17",73.75,26.4325,9.73,,8.72
"2014-02-18",73.78,26.5799,9.66,,8.73
"2014-02-19",73.88,26.8832,9.63,,8.75
"2014-02-20",73.87,26.6859,9.57,,8.73
"2014-02-21",73.97,27.0433,9.58,,8.73
"2014-02-24",74.17,27.3313,9.55,,8.74
"2014-02-25",74.32,27.4287,9.49,,8.75
"2014-02-26",74.43,27.5553,9.47,,8.76
"2014-02-27",74.53,27.5537,9.52,,8.77
"2014-02-28",74.69,27.6512,9.62,,8.78
"2014-03-03",74.91,27.4558,9.58,7.44,8.79
"2014-03-04",74.74,27.7793,9.65,7.44,8.78
"2014-03-05",74.9,28.1571,9.68,7.42,8.79
"2014-03-06",74.93,28.6715,9.79,7.44,8.79
"2014-03-07",74.95,28.8779,9.8,7.45,8.79
"2014-03-10",74.85,29.1856,9.76,7.39,8.78
"2014-03-11",74.78,29.0682,9.81,7.39,8.78
"2014-03-12",74.79,29.0872,9.73,7.38,8.79
"2014-03-13",74.77,28.81,9.74,7.4,8.79
"2014-03-14",74.69,28.7743,9.82,7.38,8.77
"2014-03-17",74.69,,9.87,7.38,8.76
"2014-03-18",74.73,28.919,9.86,7.36,8.8
"2014-03-19",74.81,29.0571,9.84,7.36,8.8
"2014-03-20",74.81,28.7129,9.65,7.3,8.78
"2014-03-21",74.69,28.8828,9.62,7.32,8.79
"2014-03-24",74.77,29.2832,9.66,7.31,8.79
"2014-03-25",74.85,29.5933,9.67,7.3,8.81
"2014-03-26",74.94,29.7147,9.73,7.3,8.78
"2014-03-27",75.05,29.8999,9.75,7.21,8.85
"2014-03-28",75.15,30.4378,9.91,7.14,8.85
"2014-03-31",75.21,30.7263,9.95,7.13,8.84
"2014-04-01",75.3,30.5749,10.1,7.24,8.84
"2014-04-02",75.39,30.6066,10.17,7.22,8.84
"2014-04-03",75.39,30.4258,10.17,7.23,8.83
"2014-04-04",75.42,30.1445,10.16,7.28,8.84
"2014-04-07",75.52,30.2685,10.23,,8.87
"2014-04-08",75.51,,10.29,7.33,8.88
"2014-04-09",75.62,30.5063,10.33,7.41,8.88
"2014-04-10",75.74,30.4788,10.35,7.4,8.9
"2014-04-11",75.79,30.4745,10.34,7.38,8.9
"2014-04-14",75.72,,10.34,7.4,8.89
"2014-04-15",75.7,30.3358,10.29,7.35,8.89
"2014-04-16",75.69,30.0867,10.31,7.34,8.89
"2014-04-17",75.75,30.2213,10.38,7.38,8.89
"2014-04-18",,,,,8.88
"2014-04-21",,,10.4,,8.88
"2014-04-22",75.84,30.1885,10.35,7.26,8.88
"2014-04-23",75.83,30.2609,10.36,7.25,8.89
"2014-04-24",75.84,30.4972,10.32,7.22,8.88
"2014-04-25",75.89,30.2685,10.25,7.12,8.9
"2014-04-28",75.81,30.2334,10.22,6.92,8.88
"2014-04-29",75.84,30.2551,10.23,6.98,8.88
"2014-04-30",75.89,30.2355,10.17,7.02,8.89
"2014-05-01",76,,10.17,,8.91
"2014-05-02",76.02,30.2405,10.21,,8.92
"2014-05-05",76.02,,10.19,7.08,8.94
"2014-05-06",76.18,30.3127,10.18,,8.93
"2014-05-07",76.24,30.196,10.16,7.05,8.95
"2014-05-08",76.38,30.1367,10.11,7.03,8.96
"2014-05-09",76.54,30.7623,10.1,6.98,8.97
"2014-05-12",76.57,31.2821,10.16,7.05,8.95
"2014-05-13",76.6,31.6963,10.24,7.04,8.96
"2014-05-14",76.67,,10.35,7.08,8.99
"2014-05-15",76.75,31.9423,10.33,7.01,9.02
"2014-05-16",76.75,32.2081,10.43,6.97,9.02
"2014-05-19",76.76,32.8669,10.47,6.94,9.01
"2014-05-20",76.83,33.0255,10.32,6.96,9.01
"2014-05-21",76.84,33.2895,10.37,6.98,9.01
"2014-05-22",76.86,33.9205,10.45,6.99,9.02
"2014-05-23",76.89,34.3869,10.44,7.05,9.04
"2014-05-26",76.94,34.1343,10.41,7.1,9.04
"2014-05-27",76.99,33.966,10.39,7.07,9.05
"2014-05-28",77.05,34.1129,10.43,7.12,9.07
"2014-05-29",77.19,33.7234,10.4,7.07,9.09
"2014-05-30",77.26,33.8294,10.28,7.07,9.08
"2014-06-02",77.26,,10.42,,9.07
"2014-06-03",77.33,34.5684,10.53,7.06,9.05
"2014-06-04",77.27,34.7083,10.47,7.02,9.04
"2014-06-05",77.28,35.0909,10.53,7.06,9.04
"2014-06-06",77.38,35.6198,10.61,7.06,9.06
"2014-06-09",77.65,36.0339,10.65,7.05,9.06
"2014-06-10",77.73,35.8236,10.74,7.12,9.06
"2014-06-11",77.71,35.9128,10.73,7.14,9.05
"2014-06-12",77.7,36.1306,10.73,7.12,9.04
"2014-06-13",77.68,35.4904,10.7,7.18,9.06
"2014-06-16",77.7,35.3779,10.71,7.2,9.06
"2014-06-17",77.67,35.7306,10.67,7.14,9.04
"2014-06-18",77.6,35.6403,10.58,7.07,9.04
"2014-06-19",77.7,35.682,10.62,6.95,9.07
"2014-06-20",77.84,35.4827,10.62,7,9.05
"2014-06-23",77.94,35.3918,10.6,7.04,9.06
"2014-06-24",77.98,35.6979,10.65,7.07,9.07
"2014-06-25",78.01,35.5724,10.66,7.04,9.07
"2014-06-26",78.01,35.645,10.69,7.12,9.07
"2014-06-27",78.04,35.7195,10.75,7.15,9.08
"2014-06-30",78.02,36.1695,10.86,7.21,9.08
"2014-07-01",78,,10.87,,9.08
"2014-07-02",78.04,37.0459,11.01,7.26,9.08
"2014-07-03",78.05,37.1069,11.05,7.28,9.06
"2014-07-04",78.04,37.1543,11.08,7.28,9.06
"2014-07-07",78.09,37.2091,11.19,7.28,9.07
"2014-07-08",78.12,36.6752,11.17,7.31,9.09
"2014-07-09",78.2,36.3999,11.12,7.24,9.1
"2014-07-10",78.23,36.158,11.18,7.24,9.11
"2014-07-11",78.08,35.8059,11.15,7.28,9.1
"2014-07-14",78.12,35.6656,11.15,7.35,9.1
"2014-07-15",78.11,36.083,11.16,7.32,9.1
"2014-07-16",78.37,36.284,11.16,7.28,9.12
"2014-07-17",78.34,36.5372,11.13,7.27,9.11
"2014-07-18",78.19,36.4053,11.16,7.27,9.11
"2014-07-21",78.16,36.414,11.17,7.27,9.12
"2014-07-22",78.05,36.4856,11.26,7.33,9.12
"2014-07-23",77.86,36.7169,11.33,7.3,9.14
"2014-07-24",78.27,36.723,11.33,7.31,9.13
"2014-07-25",78.29,36.9454,11.33,7.35,9.14
"2014-07-28",78.23,36.8861,11.29,7.44,9.15
"2014-07-29",78.18,,11.29,7.5,9.15
"2014-07-30",77.76,37.0313,11.27,7.51,9.15
"2014-07-31",77.97,36.7229,11.15,7.54,9.13
"2014-08-01",77.24,36.1185,11,7.46,9.11
"2014-08-04",77.24,,11.13,7.55,9.14
"2014-08-05",76.92,36.9475,11.14,7.57,9.13
"2014-08-06",76.91,36.4051,11.08,7.58,9.13
"2014-08-07",76.76,36.2926,11.03,7.52,9.12
"2014-08-08",76.78,35.901,10.98,7.56,9.13
"2014-08-11",77.14,36.2211,11.03,7.65,9.13
"2014-08-12",77.36,36.6103,11.08,7.66,9.14
"2014-08-13",77.5,36.7354,11.24,7.67,9.14
"2014-08-14",77.37,37.1827,11.25,7.64,9.15
"2014-08-15",77.91,,11.23,7.69,9.19
"2014-08-18",77.74,,11.26,7.75,9.19
"2014-08-19",77.83,37.7416,11.28,7.74,9.19
"2014-08-20",77.95,38.0462,11.28,7.74,9.18
"2014-08-21",77.96,38.4873,11.25,7.69,9.21
"2014-08-22",77.99,38.9401,11.25,7.73,9.2
"2014-08-25",77.99,38.6964,11.23,7.7,9.2
"2014-08-26",78.03,38.8085,11.22,7.65,9.21
"2014-08-27",78.09,38.9507,11.19,7.67,9.21
"2014-08-28",78.13,38.7624,11.13,7.6,9.23
"2014-08-29",78.09,,11.18,7.66,9.23
"2014-09-01",78.12,39.1559,11.22,7.75,9.24
"2014-09-02",78.09,39.4887,11.24,7.8,9.22
"2014-09-03",78.03,40.0874,11.38,7.85,9.2
"2014-09-04",78,40.1897,11.37,7.91,9.21
"2014-09-05",77.95,40.1925,11.42,7.94,9.21
"2014-09-08",77.81,40.7226,11.49,,9.22
"2014-09-09",77.69,40.5552,11.44,,9.2
"2014-09-10",77.55,40.1292,11.29,7.96,9.18
"2014-09-11",77.43,40.2715,11.19,7.94,9.18
"2014-09-12",77.37,40.7065,11.19,7.99,9.16
"2014-09-15",77.25,40.2112,11.07,7.97,9.14
"2014-09-16",77.13,39.7623,11.01,7.84,9.15
"2014-09-17",77.05,39.9174,11.07,7.9,9.15
"2014-09-18",77.03,40.4413,11.15,7.92,9.14
"2014-09-19",77.1,40.6358,11.17,7.98,9.15
"2014-09-22",77.25,40.6215,11.14,7.92,9.17
"2014-09-23",77.22,39.9637,11.06,8,9.17
"2014-09-24",77.1,39.9489,11.07,8.1,9.17
"2014-09-25",76.97,39.4199,11.02,8.07,9.17
"2014-09-26",76.72,39.7234,11.01,8.1,9.18
"2014-09-29",76.53,39.8057,10.92,8.12,9.16
"2014-09-30",76.24,39.8795,10.87,8.15,9.16
"2014-10-01",75.99,40.0375,10.92,,9.17
"2014-10-02",76.09,,10.84,,9.19
"2014-10-03",76.03,,10.82,,9.18
"2014-10-06",76.22,,10.84,,9.21
"2014-10-07",76.38,39.7491,10.84,,9.18
"2014-10-08",76.25,39.444,10.83,8.26,9.22
"2014-10-09",76.17,40.0514,10.8,8.27,9.24
"2014-10-10",76.1,39.6914,10.71,8.25,9.23
"2014-10-13",75.74,39.794,10.64,8.26,9.23
"2014-10-14",75.67,39.6782,10.61,8.25,9.25
"2014-10-15",75.55,39.6759,10.58,8.28,9.26
"2014-10-16",75.17,38.7939,10.48,8.17,9.27
"2014-10-17",75.27,39.1475,10.49,8.2,9.24
"2014-10-20",75.94,39.4636,10.62,8.26,9.23
"2014-10-21",76.03,39.6071,10.58,8.22,9.27
"2014-10-22",76.36,40.1645,10.61,8.17,9.28
"2014-10-23",76.5,,10.64,8.09,9.27
"2014-10-24",76.58,,10.63,8.09,9.27
"2014-10-27",76.58,,10.57,8.08,9.3
"2014-10-28",76.62,40.3563,10.6,8.23,9.28
"2014-10-29",76.69,40.6042,10.7,8.31,9.28
"2014-10-30",76.73,40.6522,10.71,8.32,9.27
"2014-10-31",76.78,41.3,10.8,8.37,9.27
"2014-11-03",76.83,41.382,10.77,8.39,9.27
"2014-11-04",76.79,,10.81,8.39,9.28
"2014-11-05",76.58,41.4445,10.76,8.37,9.27
"2014-11-06",76.61,41.4445,10.69,8.39,9.27
"2014-11-07",76.51,41.4072,10.69,8.34,9.26
"2014-11-10",76.52,41.8352,10.71,8.44,9.29
"2014-11-11",76.47,41.938,10.71,8.34,9.27
"2014-11-12",76.48,42.5752,10.76,8.4,9.28
"2014-11-13",76.43,42.6965,10.79,8.37,9.28
"2014-11-14",76.36,42.6901,10.8,8.35,9.29
"2014-11-17",76.24,43.2204,10.71,8.4,9.3
"2014-11-18",76.1,43.312,10.74,8.39,9.3
"2014-11-19",76,43.2056,10.71,8.38,9.26
"2014-11-20",75.93,43.4749,10.67,8.38,9.29
"2014-11-21",75.9,43.4783,10.75,8.43,9.29
"2014-11-24",76.19,43.5004,10.86,8.49,9.31
"2014-11-25",76.22,43.408,10.81,8.54,9.32
"2014-11-26",76.26,43.314,10.88,8.56,9.32
"2014-11-27",76.29,43.5034,10.88,8.6,9.33
"2014-11-28",76.28,43.6056,10.8,8.7,9.35
"2014-12-01",76.22,43.4904,10.7,8.67,9.35
"2014-12-02",75.8,43.4256,10.73,8.88,9.34
"2014-12-03",75.52,43.7961,10.67,8.94,9.32
"2014-12-04",75.52,43.9894,10.71,9.21,9.33
"2014-12-05",75.45,43.9405,10.72,9.24,9.33
"2014-12-08",75.36,43.4402,10.66,9.46,9.32
"2014-12-09",75.07,43.0077,10.55,9.03,9.34
"2014-12-10",74.53,42.7109,10.56,9.3,9.34
"2014-12-11",74.21,42.2596,10.41,9.29,9.34
"2014-12-12",73.97,42.1415,10.38,9.28,9.34
"2014-12-15",73.45,41.7597,10.19,9.29,9.32
"2014-12-16",72.84,40.8431,10.07,9.41,9.3
"2014-12-17",72.39,40.5931,10.13,9.44,9.28
"2014-12-18",73.07,41.3558,10.28,9.36,9.28
"2014-12-19",73.92,41.4732,10.33,9.43,9.28
"2014-12-22",74.25,41.848,10.47,9.49,9.29
"2014-12-23",74.48,41.8945,10.45,9.42,9.3
"2014-12-24",,41.6114,10.45,9.35,9.28
"2014-12-26",,,10.43,,9.28
"2014-12-29",74.59,42.0414,10.46,9.66,9.29
"2014-12-30",74.65,42.3397,10.39,9.66,9.31
"2014-12-31",74.65,42.6539,10.43,9.79,9.31
"2015-01-02",74.59,42.979,10.45,,9.31
"2015-01-05",74.58,42.808,10.38,9.96,9.34
"2015-01-06",74.11,41.7665,10.26,9.95,9.34
"2015-01-07",73.88,42.0262,10.34,9.97,9.32
"2015-01-08",74.18,42.8427,10.5,9.82,9.31
"2015-01-09",74.44,43.3371,10.59,9.81,9.32
"2015-01-12",74.43,43.606,10.51,9.78,9.33
"2015-01-13",74.39,43.7058,10.48,9.81,9.35
"2015-01-14",74.45,44.0412,10.43,9.78,9.36
"2015-01-15",74.31,45.0006,10.49,9.92,9.36
"2015-01-16",74.4,45.0106,10.45,9.89,9.37
"2015-01-19",74.34,45.5662,10.41,9.49,9.35
"2015-01-20",74.37,45.9324,10.46,9.62,9.37
"2015-01-21",74.4,46.0621,10.57,9.8,9.38
"2015-01-22",74.45,46.4964,10.66,9.83,9.38
"2015-01-23",74.61,46.8426,10.82,9.78,9.42
"2015-01-26",74.87,,10.75,9.8,9.43
"2015-01-27",74.87,47.1466,10.75,9.8,9.43
"2015-01-28",74.9,47.4785,10.71,9.71,9.45
"2015-01-29",74.97,46.9509,10.65,9.63,9.47
"2015-01-30",74.9,46.6885,10.56,9.54,9.48
"2015-02-02",74.9,46.7993,10.56,9.46,9.48
"2015-02-03",75,46.7201,10.71,9.58,9.47
"2015-02-04",75.24,46.5908,10.74,9.56,9.46
"2015-02-05",75.3,46.8722,10.73,9.53,9.46
"2015-02-06",75.46,46.5599,10.69,9.44,9.46
"2015-02-09",75.5,46.0015,10.58,9.43,9.44
"2015-02-10",75.4,46.0286,10.54,9.53,9.46
"2015-02-11",75.36,46.22,10.57,9.58,9.46
"2015-02-12",75.37,46.625,10.64,9.6,9.43
"2015-02-13",75.56,47.0283,10.72,9.68,9.44
"2015-02-16",75.74,46.9008,10.72,9.7,9.4
"2015-02-17",75.77,46.9903,10.67,9.74,9.44
"2015-02-18",75.82,46.9903,10.72,,9.42
"2015-02-19",75.88,,10.73,,9.44
"2015-02-20",75.88,46.9846,10.72,,9.4
"2015-02-23",75.84,46.79,10.69,,9.45
"2015-02-24",75.88,46.7179,10.73,,9.46
"2015-02-25",76.01,46.9285,10.75,9.72,9.53
"2015-02-26",76.18,46.6479,10.74,9.8,9.52
"2015-02-27",76.33,47.0453,10.71,9.78,9.5
"2015-03-02",76.43,47.6473,10.73,9.86,9.5
"2015-03-03",76.47,47.9405,10.78,9.76,9.52
"2015-03-04",76.46,47.6898,10.66,9.81,9.49
"2015-03-05",76.39,47.8179,10.59,9.77,9.49
"2015-03-06",76.44,,10.69,9.71,9.47
"2015-03-09",76.29,47.2918,10.59,9.83,9.46
"2015-03-10",76.12,47.0537,10.45,9.85,9.48
"2015-03-11",75.85,46.6512,10.45,9.85,9.47
"2015-03-12",75.93,47.1143,10.51,9.94,9.5
"2015-03-13",75.95,46.3171,10.42,9.97,9.49
"2015-03-16",75.65,46.3933,10.34,10.09,9.48
"2015-03-17",75.65,,10.39,10.19,9.52
"2015-03-18",75.21,46.6458,10.5,10.33,9.5
"2015-03-19",75.33,46.7314,10.5,10.36,9.53
"2015-03-20",75.56,46.9035,10.48,10.39,9.53
"2015-03-23",75.78,46.6815,10.52,10.66,9.55
"2015-03-24",75.91,46.3108,10.48,10.64,9.56
"2015-03-25",76.07,46.3417,10.47,10.67,9.56
"2015-03-26",76.1,45.4482,10.42,10.62,9.51
"2015-03-27",76,45.6006,10.47,10.69,9.55
"2015-03-30",76.06,46.0333,10.56,10.92,9.56
"2015-03-31",76.11,46.2097,10.63,10.91,9.59
"2015-04-01",76.2,,10.64,11.03,9.58
"2015-04-02",76.37,,10.74,11.11,9.6
"2015-04-03",,,,,9.58
"2015-04-06",,44.0334,10.77,,9.6
"2015-04-07",76.63,46.9667,10.8,,9.59
"2015-04-08",76.84,47.2394,11,11.41,9.61
"2015-04-09",77.01,47.4196,11.15,11.29,9.62
"2015-04-10",77.08,47.2669,11.27,11.44,9.61
"2015-04-13",77.19,47.5037,11.37,11.54,9.61
"2015-04-14",77.26,,11.26,11.57,9.63
"2015-04-15",77.31,47.2508,11.3,11.43,9.63
"2015-04-16",77.38,47.1582,11.38,11.64,9.63
"2015-04-17",77.38,46.2902,11.35,11.74,9.63
"2015-04-20",77.3,45.3191,11.07,11.6,9.63
"2015-04-21",77.26,45.0274,11.2,11.77,9.63
"2015-04-22",77.4,44.9978,11.21,11.97,9.62
"2015-04-23",77.45,44.692,11.1,11.98,9.61
"2015-04-24",77.59,43.4423,11.13,11.93,9.61
"2015-04-27",77.78,42.9921,11.12,12.06,9.62
"2015-04-28",77.85,43.5288,11.02,11.97,9.64
"2015-04-29",77.75,43.6004,10.85,12.03,9.59
"2015-04-30",77.62,43.2086,10.71,12.02,9.56
"2015-05-01",77.58,,10.69,,9.57
"2015-05-04",77.58,,10.77,12.07,9.56
"2015-05-05",77.58,44.186,10.74,11.76,9.56
"2015-05-06",77.53,43.3503,10.67,11.65,9.56
"2015-05-07",77.44,42.6293,10.52,11.47,9.53
"2015-05-08",77.36,43.2741,10.66,11.69,9.56
"2015-05-11",77.66,43.8535,10.67,11.95,9.56
"2015-05-12",77.57,43.3067,10.6,12.05,9.5
"2015-05-13",77.4,44.0277,10.63,12.05,9.55
"2015-05-14",77.54,44.4325,10.65,12.02,9.55
"2015-05-15",77.58,44.8673,10.65,11.85,9.61
"2015-05-18",77.71,45.0784,10.61,11.86,9.6
"2015-05-19",77.71,45.0486,10.66,12.12,9.57
"2015-05-20",77.61,45.081,10.65,12.19,9.56
"2015-05-21",77.65,45.3175,10.65,12.4,9.57
"2015-05-22",77.82,45.4218,10.67,12.63,9.58
"2015-05-25",77.85,45.3256,,,9.57
"2015-05-26",77.88,44.9051,10.61,13.1,9.59
"2015-05-27",77.8,44.5378,10.54,13.1,9.59
"2015-05-28",77.81,44.5572,10.4,12.4,9.59
"2015-05-29",77.79,45.0273,10.38,12.4,9.6
"2015-06-01",77.79,,10.47,12.85,9.59
"2015-06-02",77.68,44.3684,10.37,13.05,9.56
"2015-06-03",77.6,43.9914,10.32,13.07,9.54
"2015-06-04",77.44,44.0334,10.32,13.14,9.53
"2015-06-05",77.22,44.1482,10.27,13.28,9.53
"2015-06-08",76.97,43.5286,10.23,13.37,9.51
"2015-06-09",76.84,43.5204,10.13,13.3,9.5
"2015-06-10",76.67,43.9526,10.2,13.34,9.46
"2015-06-11",76.56,43.466,10.18,13.36,9.47
"2015-06-12",76.67,43.2863,10.21,13.43,9.5
"2015-06-15",76.7,43.4234,10.09,13.23,9.5
"2015-06-16",76.5,43.2412,10.03,12.98,9.5
"2015-06-17",76.38,43.7325,10.1,13.12,9.47
"2015-06-18",76.5,44.4245,10.13,12.74,9.53
"2015-06-19",76.75,44.9542,10.09,12.15,9.54
"2015-06-22",76.78,45.5726,10.16,,9.52
"2015-06-23",76.89,45.2997,10.2,12.41,9.51
"2015-06-24",76.94,45.2307,10.25,12.6,9.5
"2015-06-25",76.88,45.4214,10.17,12.24,9.5
"2015-06-26",76.82,45.5885,10.09,11.48,9.49
"2015-06-29",76.59,45.313,9.99,11.11,9.5
"2015-06-30",76.29,45.69,10.03,11.67,9.5
"2015-07-01",76.34,46.1932,10.05,,9.48
"2015-07-02",76.5,46.2279,9.96,10.76,9.49
"2015-07-03",76.56,46.3021,9.91,10.26,9.51
"2015-07-06",76.59,46.4139,9.67,10.43,9.52
"2015-07-07",76.46,46.5166,9.54,10.26,9.55
"2015-07-08",76.36,45.9122,9.24,9.84,9.51
"2015-07-09",76.24,45.7111,9.38,10.25,9.51
"2015-07-10",76.31,45.6719,9.53,10.6,9.49
"2015-07-13",76.44,46.1445,9.62,10.82,9.47
"2015-07-14",76.52,46.3005,9.44,10.8,9.49
"2015-07-15",76.56,46.6944,9.41,10.51,9.48
"2015-07-16",76.63,47.016,9.43,10.58,9.51
"2015-07-17",76.71,47.0878,9.48,10.89,9.52
"2015-07-20",76.63,47.0037,9.42,10.94,9.54
"2015-07-21",76.56,46.9923,9.35,10.97,9.52
"2015-07-22",76.43,46.974,9.3,10.95,9.54
"2015-07-23",76.24,46.7485,9.29,11.13,9.54
"2015-07-24",76.2,46.4435,9.17,11,9.55
"2015-07-27",76.06,45.8146,8.91,10.37,9.54
"2015-07-28",75.78,45.8684,8.91,10.33,9.53
"2015-07-29",75.85,46.5233,8.96,10.57,9.53
"2015-07-30",76.1,46.4948,8.94,10.38,9.53
"2015-07-31",76.24,46.8397,9.06,10.36,9.54
"2015-08-03",76.24,,9.04,10.35,9.56
"2015-08-04",75.84,47.1166,9,10.59,9.56
"2015-08-05",75.78,47.592,9.06,10.46,9.53
"2015-08-06",75.73,47.9407,9.01,10.4,9.54
"2015-08-07",75.56,47.8444,9.02,10.56,9.55
"2015-08-10",75.43,47.763,9.02,10.86,9.56
"2015-08-11",75.43,47.3037,8.86,10.57,9.56
"2015-08-12",75.2,46.5597,8.71,10.26,9.56
"2015-08-13",75.04,46.4811,8.76,10.46,9.54
"2015-08-14",75.16,47.0454,8.77,10.53,9.54
"2015-08-17",75.13,46.7119,8.69,10.56,9.54
"2015-08-18",75.11,,8.47,10.14,9.56
"2015-08-19",75.05,47.3565,8.43,10.23,9.5
"2015-08-20",74.85,46.4123,8.22,10.01,9.54
"2015-08-21",74.63,46.0402,8.06,9.7,9.52
"2015-08-24",74.43,43.2612,7.5,9.13,9.49
"2015-08-25",73.71,43.7531,7.58,8.72,9.48
"2015-08-26",74.01,43.3202,7.67,8.67,9.46
"2015-08-27",73.98,43.974,7.93,8.98,9.48
"2015-08-28",74.44,44.3021,8.06,9.28,9.53
"2015-08-31",74.64,43.8214,8.07,9.28,9.49
"2015-09-01",74.71,43.675,7.88,9.24,9.48
"2015-09-02",74.55,43.5024,7.84,9.18,9.48
"2015-09-03",74.55,43.7245,7.88,,9.47
"2015-09-04",74.67,43.0476,7.77,,9.48
"2015-09-07",74.68,42.3828,7.65,8.98,9.48
"2015-09-08",74.7,42.5392,7.85,9.16,9.47
"2015-09-09",74.79,43.2472,7.98,9.27,9.47
"2015-09-10",74.96,43.4535,8.02,9.29,9.47
"2015-09-11",74.91,43.7268,7.97,9.26,9.47
"2015-09-14",74.95,44.1684,7.97,9.1,9.48
"2015-09-15",74.94,43.9338,7.93,8.87,9.48
"2015-09-16",74.9,44.1001,8,9.16,9.45
"2015-09-17",74.77,,8.04,9.04,9.46
"2015-09-18",74.76,45.0333,8.04,9.12,9.51
"2015-09-21",74.77,45.1087,7.99,9.22,9.51
"2015-09-22",74.68,44.6716,7.91,9.26,9.51
"2015-09-23",74.29,44.3755,7.74,9.11,9.5
"2015-09-24",74.19,44.4979,7.71,9.15,9.51
"2015-09-25",73.77,,7.69,9.08,9.48
"2015-09-28",73.67,44.333,7.52,,9.48
"2015-09-29",73.05,44.1871,7.44,9.06,9.44
"2015-09-30",72.81,45.2567,7.52,9.09,9.45
"2015-10-01",72.9,45.4538,7.53,,9.47
"2015-10-02",72.88,,7.61,,9.46
"2015-10-05",72.84,46.3371,7.79,,9.5
"2015-10-06",73.66,46.1348,7.91,,9.51
"2015-10-07",73.61,46.1881,8.26,,9.54
"2015-10-08",74,46.0295,8.28,9.29,9.54
"2015-10-09",74.06,46.5485,8.55,9.4,9.53
"2015-10-12",74.75,46.1754,8.65,9.63,9.56
"2015-10-13",74.4,45.6159,8.45,9.59,9.57
"2015-10-14",74.32,45.6443,8.37,9.5,9.57
"2015-10-15",74.31,45.733,8.52,9.65,9.57
"2015-10-16",74.38,45.8891,8.51,9.72,9.61
"2015-10-19",74.63,46.2591,8.48,9.7,9.61
"2015-10-20",74.69,46.504,8.39,9.78,9.59
"2015-10-21",74.84,46.4752,8.34,,9.58
"2015-10-22",74.86,,8.37,9.64,9.62
"2015-10-23",74.84,46.3668,8.43,9.74,9.64
"2015-10-26",74.84,,8.47,9.77,9.62
"2015-10-27",75.89,46.2117,8.36,9.76,9.65
"2015-10-28",75.05,46.0956,8.24,9.63,9.65
"2015-10-29",75.07,45.7733,8.14,9.71,9.61
"2015-10-30",75.07,45.5185,8.13,9.76,9.61
"2015-11-02",75.11,45.151,8.17,9.64,9.61
"2015-11-03",75.58,45.2798,8.24,9.62,9.62
"2015-11-04",75.79,45.3024,8.45,9.89,9.63
"2015-11-05",75.79,44.5781,8.34,9.96,9.62
"2015-11-06",75.71,44.4574,8.32,10.07,9.62
"2015-11-09",75.45,43.7459,8.21,10.12,9.58
"2015-11-10",75.13,43.4594,8.09,10.12,9.58
"2015-11-11",75.03,,8.12,10.13,9.58
"2015-11-12",75.02,,8.17,10.09,9.6
"2015-11-13",74.71,43.2241,8.05,10.01,9.61
"2015-11-16",74.57,43.0103,8,10.09,9.61
"2015-11-17",74.46,42.9076,7.99,10.07,9.61
"2015-11-18",74.73,42.5311,7.92,10.01,9.61
"2015-11-19",74.83,43.0329,8,10.1,9.62
"2015-11-20",74.71,43.2813,8.05,10.12,9.62
"2015-11-23",74.65,43.1392,8.04,10.07,9.61
"2015-11-24",74.62,43.1014,8.02,10.08,9.62
"2015-11-25",74.57,,8.01,10.14,9.63
"2015-11-26",74.65,43.0814,8,10.09,9.63
"2015-11-27",74.67,43.0834,7.89,9.74,9.64
"2015-11-30",74.66,43.2078,7.79,9.81,9.63
"2015-12-01",74.73,43.4985,7.9,9.86,9.66
"2015-12-02",74.94,43.3253,7.85,10.02,9.66
"2015-12-03",74.94,43.0677,7.84,10.06,9.64
"2015-12-04",74.56,42.9736,7.84,9.98,9.61
"2015-12-07",74.5,43.0984,7.8,9.96,9.63
"2015-12-08",74.29,42.7163,7.61,9.81,9.63
"2015-12-09",73.85,42.1375,7.57,9.81,9.62
"2015-12-10",73.82,42.4024,7.53,9.77,9.63
"2015-12-11",73.65,42.3613,7.42,9.74,9.62
"2015-12-14",72.93,42.3486,7.37,9.84,9.62
"2015-12-15",72.04,42.4902,7.47,9.88,9.58
"2015-12-16",72.49,42.8583,7.6,9.85,9.59
"2015-12-17",72.66,43.5511,7.64,9.94,9.57
"2015-12-18",72.79,43.236,7.48,9.96,9.62
"2015-12-21",72.36,43.596,7.56,10.1,9.64
"2015-12-22",72.31,43.3819,7.56,10.15,9.62
"2015-12-23",72.4,43.7212,7.65,10.11,9.61
"2015-12-24",,,7.68,10.04,9.61
"2015-12-28",,,7.62,9.87,9.61
"2015-12-29",72.69,43.9504,7.62,9.9,9.61
"2015-12-30",72.81,43.8795,7.63,9.91,9.56
"2015-12-31",72.85,44.362,7.63,9.86,9.6
"2016-01-04",72.9,43.4782,7.4,9.41,9.63
"2016-01-05",72.69,43.4395,7.44,9.42,9.64
"2016-01-06",72.88,43.3499,7.41,9.4,9.65
"2016-01-07",72.82,42.6734,7.11,9.12,9.64
"2016-01-08",72.7,43.0888,7.2,9.25,9.64
"2016-01-11",72.69,42.6274,7.05,9.13,9.64
"2016-01-12",72.5,42.2628,7.06,9.22,9.66
"2016-01-13",72.37,42.3008,7.11,9.16,9.65
"2016-01-14",72.41,41.9946,7.11,9.2,9.66
"2016-01-15",72.17,41.2789,6.92,9.05,9.65
"2016-01-18",71.64,40.7593,6.88,9.09,9.64
"2016-01-19",71.75,41.0922,7.07,9.23,9.64
"2016-01-20",71.84,40.5576,6.88,9.13,9.64
"2016-01-21",70.94,40.4954,6.85,9.02,9.64
"2016-01-22",70.94,41.194,7.05,9.04,9.62
"2016-01-25",71.57,41.2352,7.12,9.04,9.63
"2016-01-26",71.65,,7.09,8.78,9.62
"2016-01-27",71.67,41.14,7.07,8.73,9.65
"2016-01-28",71.81,40.8429,7.15,8.66,9.64
"2016-01-29",71.89,41.901,7.32,8.81,9.68
"2016-02-01",71.99,42.1161,7.29,8.72,9.68
"2016-02-02",71.92,41.7109,7.2,8.78,9.64
"2016-02-03",71.77,41.1858,7.17,8.74,9.67
"2016-02-04",71.67,41.7618,7.29,8.83,9.67
"2016-02-05",71.7,42.0954,7.39,8.85,9.69
"2016-02-08",71.58,41.5123,7.33,,9.69
"2016-02-09",71.03,41.0638,7.31,,9.7
"2016-02-10",70.72,40.89,7.28,,9.69
"2016-02-11",70.8,39.8316,7.17,,9.7
"2016-02-12",70.29,39.588,7.13,,9.66
"2016-02-15",70.51,40.1911,7.26,8.9,9.67
"2016-02-16",70.57,39.6041,7.35,9.01,9.68
"2016-02-17",70.8,39.6979,7.35,9.03,9.69
"2016-02-18",71.16,40.4542,7.47,9.02,9.71
"2016-02-19",71.32,,7.44,8.99,9.73
"2016-02-22",71.18,40.4934,7.43,9.1,9.73
"2016-02-23",71.48,40.1766,7.44,9.03,9.73
"2016-02-24",71.48,39.7671,7.4,9.06,9.74
"2016-02-25",71.35,39.4907,7.3,8.78,9.73
"2016-02-26",71.62,39.4058,7.44,8.83,9.74
"2016-02-29",72.02,39.1527,7.39,8.7,9.74
"2016-03-01",72.17,40.3501,7.48,8.79,9.76
"2016-03-02",72.6,41.1471,7.64,8.99,9.76
"2016-03-03",72.99,41.8363,7.69,9,9.76
"2016-03-04",73.13,41.9713,7.82,9.15,9.79
"2016-03-07",73.44,,7.94,9.13,9.79
"2016-03-08",73.55,41.9504,7.88,9.15,9.8
"2016-03-09",73.38,42.0261,7.8,9.12,9.79
"2016-03-10",73.33,41.9398,7.76,9.02,9.82
"2016-03-11",73.51,41.9744,7.84,9.05,9.82
"2016-03-14",73.95,42.1585,7.88,9.12,9.83
"2016-03-15",74.05,41.7375,7.79,9.12,9.83
"2016-03-16",73.83,41.9988,7.76,9.14,9.83
"2016-03-17",73.83,,7.93,9.24,9.91
"2016-03-18",74.12,43.2571,8.01,9.3,9.94
"2016-03-21",74.4,43.7494,8.05,9.4,9.91
"2016-03-22",74.43,43.9298,8.03,9.32,9.91
"2016-03-23",74.38,44.0996,8.02,9.32,9.9
"2016-03-24",74.3,,7.92,9.24,9.9
"2016-03-25",,,,,9.9
"2016-03-28",,,7.84,,9.9
"2016-03-29",73.93,43.6957,7.84,9.17,9.91
"2016-03-30",73.73,44.1797,7.98,9.36,9.96
"2016-03-31",74.03,44.5664,7.96,9.39,9.97
"2016-04-01",74.19,,7.89,9.39,9.98
"2016-04-04",74.21,44.7599,7.89,,9.95
"2016-04-05",74.33,44.148,7.73,9.44,9.99
"2016-04-06",74.13,44.2881,7.76,9.41,9.99
"2016-04-07",74.32,44.1564,7.75,9.34,10
"2016-04-08",74.26,,7.79,9.29,10
"2016-04-11",74.47,44.6757,7.9,9.36,10
"2016-04-12",74.62,45.0487,7.95,9.37,10
"2016-04-13",74.89,45.5617,8.06,9.41,10
"2016-04-14",75.31,45.5617,8.06,9.42,10.01
"2016-04-15",75.43,,8.05,9.43,10.02
"2016-04-18",75.37,45.7918,8.03,9.34,10.02
"2016-04-19",75.44,,8.15,9.37,10.01
"2016-04-20",75.78,46.0827,8.13,9.28,10.02
"2016-04-21",76.04,45.3206,8.23,9.23,9.99
"2016-04-22",75.98,45.0674,8.12,9.24,9.99
"2016-04-25",75.93,44.7008,8.03,9.2,9.99
"2016-04-26",75.86,45.0733,8.04,9.24,9.94
"2016-04-27",75.93,45.4685,8.04,9.23,9.95
"2016-04-28",76.08,45.1566,8.06,9.25,9.97
"2016-04-29",76.37,45.2226,8.07,9.25,9.97
"2016-05-02",76.37,,8.05,,9.98
"2016-05-03",76.3,44.7351,7.99,9.36,9.99
"2016-05-04",76.01,44.4699,7.9,9.32,9.98
"2016-05-05",75.86,44.4972,7.89,9.32,9.99
"2016-05-06",75.85,44.3965,7.81,9.17,10
"2016-05-09",75.73,44.8638,7.76,9.06,10
"2016-05-10",75.73,44.9544,7.74,9.06,10.01
"2016-05-11",75.85,45.0427,7.73,9.15,10.02
"2016-05-12",76.06,45.3607,7.75,9.14,10.03
"2016-05-13",76.19,45.1921,7.61,9.12,10.03
"2016-05-16",76.24,45.0925,7.65,9.15,10.03
"2016-05-17",76.33,44.9898,7.74,9.12,10.02
"2016-05-18",76.44,44.9175,7.64,9.08,10.01
"2016-05-19",76.39,44.7062,7.58,9.07,9.97
"2016-05-20",76.08,44.2984,7.59,9.09,9.98
"2016-05-23",76.32,44.066,7.56,9.11,9.99
"2016-05-24",76.32,43.8427,7.48,9.07,9.99
"2016-05-25",76.46,44.4021,7.6,9.04,9.98
"2016-05-26",76.64,44.69,7.68,9.05,9.98
"2016-05-27",76.65,45.0634,7.75,9.04,9.99
"2016-05-30",76.69,45.3148,7.76,9.02,10.01
"2016-05-31",76.66,44.9376,7.78,9.19,9.99
"2016-06-01",76.68,45.0194,7.81,9.16,9.99
"2016-06-02",76.54,45.4532,7.84,9.17,9.99
"2016-06-03",76.63,45.4435,7.95,9.22,10.01
"2016-06-06",76.63,,8.01,9.24,10.06
"2016-06-07",76.91,45.9811,8.12,9.25,10.04
"2016-06-08",77.15,46.0357,8.12,9.22,10.05
"2016-06-09",77.34,45.5333,8.09,,10.06
"2016-06-10",77.29,45.5094,8,,10.06
"2016-06-13",77.07,45.1678,7.88,9.04,10.05
"2016-06-14",76.77,45.1672,7.88,9.06,10.05
"2016-06-15",76.43,45.553,7.95,9.13,10.03
"2016-06-16",76.5,45.3323,7.87,9.1,10.04
"2016-06-17",76.22,45.5026,7.93,9.13,10.04
"2016-06-20",76.49,45.4615,8.02,9.15,10.04
"2016-06-21",76.91,45.5032,8.02,9.15,10.05
"2016-06-22",76.88,45.6529,8.04,9.19,10.04
"2016-06-23",77.02,46.066,8.06,9.17,10.04
"2016-06-24",77.1,45.3027,7.77,9.03,10.11
"2016-06-27",76.42,45.302,7.78,9.03,10.15
"2016-06-28",76.1,45.181,7.9,9.06,10.13
"2016-06-29",76.32,45.9648,8.03,9.11,10.18
"2016-06-30",76.85,46.5406,8.07,9.11,10.16
"2016-07-01",77,46.9033,8.1,,10.19
"2016-07-04",77.36,47.0903,8.23,9.17,10.2
"2016-07-05",77.36,46.8176,8.19,9.16,10.22
"2016-07-06",77.41,,8.15,9.17,10.23
"2016-07-07",77.38,46.9113,8.22,9.18,10.23
"2016-07-08",77.64,46.9612,8.22,9.15,10.23
"2016-07-11",78,47.5576,8.33,9.19,10.29
"2016-07-12",78.45,47.4853,8.49,9.31,10.23
"2016-07-13",78.78,47.5827,8.54,9.34,10.24
"2016-07-14",78.6,47.6998,8.54,9.32,10.27
"2016-07-15",78.79,47.0576,8.56,9.36,10.23
"2016-07-18",78.79,47.1432,8.55,9.33,10.23
"2016-07-19",78.8,47.2764,8.52,9.28,10.24
"2016-07-20",78.81,47.4037,8.59,9.32,10.23
"2016-07-21",78.91,47.4788,8.57,9.36,10.24
"2016-07-22",78.96,47.5211,8.58,9.29,10.26
"2016-07-25",78.99,47.688,8.55,9.29,10.26
"2016-07-26",78.94,47.6132,8.55,9.38,10.27
"2016-07-27",78.76,47.7247,8.54,9.37,10.27
"2016-07-28",78.67,47.9752,8.59,9.42,10.29
"2016-07-29",78.64,47.9052,8.5,9.42,10.29
"2016-08-01",78.64,,8.59,9.37,10.31
"2016-08-02",78.59,48.1184,8.52,,10.29
"2016-08-03",78.42,47.6874,8.46,9.41,10.29
"2016-08-04",78.44,47.8573,8.49,9.39,10.3
"2016-08-05",78.72,48.3139,8.6,9.37,10.3
"2016-08-08",79.04,48.685,8.72,9.4,10.3
"2016-08-09",79.21,48.7233,8.72,9.44,10.31
"2016-08-10",79.42,48.4013,8.7,9.46,10.33
"2016-08-11",79.49,48.3981,8.68,9.43,10.34
"2016-08-12",79.51,48.4224,8.71,9.55,10.35
"2016-08-15",79.6,,8.74,9.72,10.37
"2016-08-16",79.74,48.3988,8.75,9.69,10.36
"2016-08-17",79.85,,8.76,9.66,10.35
"2016-08-18",79.83,48.527,8.79,9.67,10.37
"2016-08-19",79.92,48.1984,8.75,9.63,10.37
"2016-08-22",79.93,47.9146,8.75,9.59,10.37
"2016-08-23",79.91,47.9228,8.66,9.61,10.37
"2016-08-24",80,48.1312,8.68,9.58,10.37
"2016-08-25",80.01,47.9741,8.68,9.54,10.37
"2016-08-26",79.95,47.7999,8.75,9.53,10.37
"2016-08-29",80.03,47.848,8.74,9.5,10.35
"2016-08-30",80.05,48.5602,8.81,9.5,10.37
"2016-08-31",80.13,48.7967,8.79,9.53,10.36
"2016-09-01",80.07,48.5592,8.78,9.5,10.35
"2016-09-02",79.95,48.7895,8.77,9.54,10.34
"2016-09-05",80.09,,8.8,9.55,10.35
"2016-09-06",80.1,49.5538,8.89,9.6,10.36
"2016-09-07",80.31,49.7919,8.9,9.64,10.37
"2016-09-08",80.42,49.7248,8.88,9.64,10.37
"2016-09-09",80.5,49.2296,8.82,9.57,10.34
"2016-09-12",80.16,48.5073,8.67,9.48,10.3
"2016-09-13",79.93,,8.62,9.49,10.31
"2016-09-14",79.67,48.5733,8.62,9.47,10.29
"2016-09-15",79.67,48.4688,8.63,,10.28
"2016-09-16",79.65,48.6871,8.65,,10.29
"2016-09-19",79.6,48.7543,8.72,9.52,10.29
"2016-09-20",79.64,48.4891,8.7,9.5,10.3
"2016-09-21",79.68,48.5396,8.75,9.5,10.29
"2016-09-22",79.86,49.2293,8.85,9.55,10.33
"2016-09-23",80.35,49.242,8.85,9.55,10.34
"2016-09-26",80.32,48.9701,8.73,9.45,10.33
"2016-09-27",80.19,49.3142,8.81,9.47,10.33
"2016-09-28",80.18,49.4549,8.81,9.45,10.34
"2016-09-29",80.33,48.4268,8.9,9.5,10.33
"2016-09-30",80.47,48.9292,8.84,9.51,10.33
"2016-10-03",80.6,49.8442,8.93,,10.32
"2016-10-04",80.66,50.2094,9.03,,10.32
"2016-10-05",80.8,50.1197,9.04,,10.3
"2016-10-06",80.86,49.7144,9.07,,10.3
"2016-10-07",80.87,49.5111,9.04,,10.29
"2016-10-10",80.87,49.669,8.97,,10.29
"2016-10-11",80.88,,8.94,9.55,10.29
"2016-10-12",80.86,,8.87,9.55,10.27
"2016-10-13",80.81,49.1243,8.85,9.51,10.29
"2016-10-14",80.72,49.1626,9.01,9.54,10.28
"2016-10-17",80.85,48.7148,8.94,9.47,10.28
"2016-10-18",80.84,49.2765,9.07,9.55,10.29
"2016-10-19",80.97,49.3985,9.08,9.55,10.29
"2016-10-20",81.08,49.283,9.12,9.55,10.3
"2016-10-21",81.22,49.383,9.1,,10.3
"2016-10-24",81.2,49.3133,9.16,9.57,10.3
"2016-10-25",81.29,49.1632,9.16,9.56,10.3
"2016-10-26",81.27,48.9352,9.04,9.55,10.29
"2016-10-27",81.05,48.4541,9.01,9.5,10.26
"2016-10-28",80.84,48.7513,8.95,9.5,10.25
"2016-10-31",80.84,,8.9,9.51,10.26
"2016-11-01",80.55,48.7154,8.97,9.55,10.25
"2016-11-02",80.27,48.2273,8.91,9.51,10.26
"2016-11-03",80.05,47.9467,8.89,9.56,10.25
"2016-11-04",80.08,47.5413,8.88,9.55,10.26
"2016-11-07",80.05,47.5365,9.01,9.52,10.25
"2016-11-08",80.39,47.9394,9.09,9.54,10.26
"2016-11-09",80.37,47.2223,8.97,9.48,10.2
"2016-11-10",80.05,47.0667,9.08,9.5,10.15
"2016-11-11",79.64,45.7782,8.92,9.53,10.09
"2016-11-14",79.54,,8.8,9.48,10.01
"2016-11-15",78.71,44.4131,8.76,9.45,10.03
"2016-11-16",79.12,44.2956,8.77,9.43,10.01
"2016-11-17",79.14,43.9545,8.82,9.45,10.01
"2016-11-18",79.29,44.021,8.77,9.4,9.97
"2016-11-21",79.15,43.4854,8.78,9.43,9.96
"2016-11-22",79.29,43.9035,8.87,9.45,9.98
"2016-11-23",79.51,43.8837,8.87,9.45,9.96
"2016-11-24",79.52,43.7905,8.82,9.46,9.95
"2016-11-25",79.52,44.7931,8.87,9.51,9.94
"2016-11-28",79.52,44.7588,8.91,9.57,9.97
"2016-11-29",79.63,45.0194,8.89,9.66,9.98
"2016-11-30",79.56,45.4615,8.87,9.6,9.96
"2016-12-01",79.67,45.2925,9.01,9.66,9.93
"2016-12-02",79.65,44.9773,8.99,9.66,9.94
"2016-12-05",79.67,45.0348,9.04,9.55,9.94
"2016-12-06",79.83,45.3264,9.12,9.53,9.94
"2016-12-07",80.07,45.1291,9.15,9.51,9.96
"2016-12-08",80.36,46.0211,9.23,9.51,9.95
"2016-12-09",80.53,45.9056,9.25,9.52,9.94
"2016-12-12",80.68,,9.23,9.37,9.93
"2016-12-13",80.74,45.5748,9.28,9.36,9.94
"2016-12-14",80.81,45.4707,9.18,9.36,9.95
"2016-12-15",80.92,45.2514,9.09,9.21,9.88
"2016-12-16",80.61,45.1734,9.07,9.2,9.89
"2016-12-19",80.6,44.8294,9.05,9.17,9.91
"2016-12-20",80.65,44.5481,8.99,9.13,9.9
"2016-12-21",80.63,44.4812,8.99,9.2,9.91
"2016-12-22",80.74,43.793,8.89,9.2,9.91
"2016-12-23",80.73,43.9692,8.9,9.13,9.92
"2016-12-26",,,,,9.92
"2016-12-27",,,8.93,,9.91
"2016-12-28",80.86,44.1117,9,9.11,9.89
"2016-12-29",80.88,44.3595,9.07,9.11,9.94
"2016-12-30",80.93,45.0984,9.12,9.15,9.95
"2017-01-02",,,9.15,,9.98
"2017-01-03",80.98,44.83,9.16,9.21,9.97
"2017-01-04",81.14,45.0645,9.23,9.32,9.98
"2017-01-05",81.37,45.3549,9.4,9.44,10.03
"2017-01-06",81.54,44.9584,9.35,9.41,10.03
"2017-01-09",81.66,44.7956,9.31,9.37,10.04
"2017-01-10",81.65,45.1314,9.37,9.34,10.04
"2017-01-11",81.74,45.3983,9.46,9.27,10.05
"2017-01-12",81.67,45.8316,9.43,9.32,10.07
"2017-01-13",81.7,45.4942,9.46,9.33,10.04
"2017-01-16",81.74,45.4215,9.38,9.34,10.05
"2017-01-17",81.74,45.5782,9.42,9.43,10.07
"2017-01-18",81.82,45.6851,9.43,9.45,10.05
"2017-01-19",81.77,45.703,9.42,9.4,10.01
"2017-01-20",81.74,45.4162,9.4,9.43,9.99
"2017-01-23",81.69,45.3495,9.47,9.49,10.04
"2017-01-24",81.66,45.7974,9.62,9.53,10.03
"2017-01-25",81.76,46.1171,9.7,9.54,10.01
"2017-01-26",81.9,,9.74,9.54,9.99
"2017-01-27",81.96,46.3412,9.69,,10
"2017-01-30",82.05,46.2094,9.71,,10.02
"2017-01-31",81.99,45.8546,9.68,,10.03
"2017-02-01",81.97,46.4773,9.73,,10.02
"2017-02-02",82.08,46.8971,9.72,,10.03
"2017-02-03",82.19,47.4286,9.73,9.53,10.04
"2017-02-06",82.34,47.8684,9.81,9.55,10.06
"2017-02-07",82.39,47.7394,9.79,9.52,10.08
"2017-02-08",82.39,47.8403,9.81,9.52,10.11
"2017-02-09",82.32,48.2325,9.79,9.54,10.09
"2017-02-10",82.65,48.5061,9.86,9.56,10.09
"2017-02-13",82.78,48.317,9.97,9.6,10.08
"2017-02-14",82.88,48.1894,9.98,9.63,10.07
"2017-02-15",82.93,47.9097,9.96,9.62,10.06
"2017-02-16",82.89,48.4231,10.02,9.67,10.08
"2017-02-17",82.89,48.4809,9.93,9.62,10.1
"2017-02-20",82.85,48.8124,9.98,9.72,10.1
"2017-02-21",82.86,48.9626,10.01,9.72,10.11
"2017-02-22",83,48.7093,10.08,9.76,10.11
"2017-02-23",83.14,49.0414,10.08,9.73,10.13
"2017-02-24",83.28,,10,9.73,10.15
"2017-02-27",83.29,49.1002,9.98,9.66,10.15
"2017-02-28",83.38,49.1369,9.97,9.68,10.14
"2017-03-01",83.48,49.3264,10.05,9.67,10.09
"2017-03-02",83.57,49.1604,10.04,9.62,10.08
"2017-03-03",83.59,49.2754,10.03,9.59,10.07
"2017-03-06",83.5,49.4672,10.08,9.62,10.08
"2017-03-07",83.39,49.3709,10.09,9.64,10.06
"2017-03-08",83.25,49.331,10.08,9.59,10.05
"2017-03-09",82.97,49.2059,9.96,9.58,10.03
"2017-03-10",82.59,49.3595,9.95,9.57,10.02
"2017-03-13",82.69,,9.98,9.67,10.03
"2017-03-14",82.56,50.3914,9.99,9.66,10.02
"2017-03-15",82.29,50.6505,9.99,9.7,10.04
"2017-03-16",82.49,51.191,10.19,9.75,10.06
"2017-03-17",82.49,,10.18,9.67,10.07
"2017-03-20",82.9,51.3238,10.19,9.69,10.09
"2017-03-21",82.83,51.2107,10.17,9.76,10.11
"2017-03-22",82.8,50.8763,10.17,9.76,10.13
"2017-03-23",82.58,50.9722,10.18,9.77,10.12
"2017-03-24",82.71,51.1091,10.18,9.83,10.13
"2017-03-27",82.85,51.2232,10.13,9.85,10.15
"2017-03-28",82.81,51.5406,10.18,9.82,10.15
"2017-03-29",83.01,51.7112,10.21,9.81,10.14
"2017-03-30",83.24,51.9917,10.19,9.76,10.14
"2017-03-31",83.39,52.0369,10.16,9.82,10.13
"2017-04-03",83.41,51.9277,10.29,,10.16
"2017-04-04",83.37,51.9277,10.3,,10.17
"2017-04-05",83.36,52.1522,10.35,9.89,10.16
"2017-04-06",83.52,52.4935,10.3,9.89,10.16
"2017-04-07",83.52,52.5857,10.32,9.89,10.18
"2017-04-10",83.6,52.1463,10.28,9.87,10.17
"2017-04-11",83.62,52.4454,10.23,9.88,10.18
"2017-04-12",83.64,52.2754,10.32,9.88,10.19
"2017-04-13",83.64,52.2193,10.26,9.93,10.21
"2017-04-14",,,,,10.21
"2017-04-17",,,10.17,,10.22
"2017-04-18",83.67,51.6331,10.15,9.88,10.23
"2017-04-19",83.68,51.7593,10.15,9.88,10.22
"2017-04-20",83.78,51.9707,10.21,9.93,10.21
"2017-04-21",83.8,52.0273,10.22,9.93,10.24
"2017-04-24",83.94,52.7217,10.22,9.87,10.21
"2017-04-25",84.14,53.3227,10.29,9.92,10.2
"2017-04-26",84.21,53.4347,10.36,9.93,10.19
"2017-04-27",84.27,53.4984,10.34,9.93,10.21
"2017-04-28",84.28,53.1774,10.28,9.91,10.21
"2017-05-01",,,10.28,,10.21
"2017-05-02",84.46,53.3826,10.31,9.88,10.21
"2017-05-03",84.52,53.7463,10.29,,10.22
"2017-05-04",84.58,53.7904,10.3,9.84,10.19
"2017-05-05",84.42,53.2141,10.19,9.79,10.2
"2017-05-08",84.41,53.4879,10.24,9.76,10.2
"2017-05-09",84.41,53.2094,10.26,9.74,10.19
"2017-05-10",84.45,53.5131,10.21,9.76,10.2
"2017-05-11",84.55,53.8331,10.26,9.82,10.19
"2017-05-12",84.64,53.8253,10.28,9.89,10.21
"2017-05-15",84.62,54.1793,10.38,9.94,10.22
"2017-05-16",84.73,54.2326,10.38,10,10.22
"2017-05-17",84.76,53.8125,10.39,9.95,10.25
"2017-05-18",84.59,53.0944,10.31,9.93,10.27
"2017-05-19",84.35,52.7926,10.46,9.96,10.26
"2017-05-22",84.6,52.5369,10.59,10.02,10.26
"2017-05-23",84.64,51.6074,10.57,10.06,10.26
"2017-05-24",84.68,51.0647,10.55,10.05,10.24
"2017-05-25",84.8,51.6224,10.68,10.17,10.26
"2017-05-26",84.87,52.1092,10.7,10.23,10.27
"2017-05-29",84.94,51.7309,10.65,,10.27
"2017-05-30",84.93,51.7969,10.63,,10.27
"2017-05-31",84.97,51.9461,10.62,10.33,10.28
"2017-06-01",85.02,51.9386,10.56,10.36,10.28
"2017-06-02",85.08,52.6844,10.59,10.28,10.29
"2017-06-05",,,10.63,10.24,10.29
"2017-06-06",85.26,52.7287,10.63,10.34,10.31
"2017-06-07",85.28,52.6632,10.64,10.39,10.3
"2017-06-08",85.23,52.7165,10.64,10.46,10.29
"2017-06-09",85.12,52.6711,10.58,10.48,10.29
"2017-06-12",85.15,52.4215,10.5,10.51,10.29
"2017-06-13",85.16,52.5119,10.65,10.53,10.28
"2017-06-14",85.23,52.5623,10.76,10.46,10.3
"2017-06-15",85.31,52.5693,10.63,10.4,10.31
"2017-06-16",85.19,52.3285,10.55,10.37,10.31
"2017-06-19",85.2,52.2598,10.64,10.43,10.31
"2017-06-20",85.22,52.3054,10.63,10.4,10.31
"2017-06-21",85.07,52.258,10.64,10.48,10.32
"2017-06-22",84.92,52.1358,10.6,10.46,10.32
"2017-06-23",84.88,51.8099,10.61,10.51,10.32
"2017-06-26",84.97,,10.64,10.56,10.33
"2017-06-27",85.1,51.4135,10.63,10.64,10.31
"2017-06-28",85.15,51.3918,10.63,10.61,10.3
"2017-06-29",85.15,51.557,10.7,10.69,10.29
"2017-06-30",85.1,51.8294,10.64,10.71,10.28
"2017-07-03",85.14,52.2025,10.67,10.66,10.26
"2017-07-04",85.13,52.3035,10.57,10.58,10.26
"2017-07-05",85.14,52.2967,10.64,10.65,10.26
"2017-07-06",85.14,52.3315,10.66,10.65,10.25
"2017-07-07",84.96,52.4661,10.63,10.65,10.24
"2017-07-10",84.91,53.2509,10.61,10.65,10.25
"2017-07-11",84.93,53.3214,10.6,10.69,10.25
"2017-07-12",84.96,53.3445,10.67,10.68,10.28
"2017-07-13",85.16,53.6832,10.76,10.73,10.27
"2017-07-14",85.22,53.4563,10.84,10.76,10.28
"2017-07-17",85.3,53.5259,10.93,10.74,10.29
"2017-07-18",85.44,53.6761,10.95,10.75,10.31
"2017-07-19",85.56,54.0092,11.02,10.84,10.32
"2017-07-20",85.68,53.6782,11.02,10.85,10.33
"2017-07-21",85.73,53.9195,11,10.84,10.34
"2017-07-24",85.75,54.1618,11.1,10.91,10.34
"2017-07-25",85.75,54.0106,11.14,10.88,10.3
"2017-07-26",85.82,54.0479,11.18,10.86,10.29
"2017-07-27",85.92,54.0016,11.2,10.87,10.3
"2017-07-28",85.96,54.1464,11.1,10.88,10.31
"2017-07-31",85.97,54.4513,11.24,10.92,10.32
"2017-08-01",85.99,54.6415,11.18,10.98,10.32
"2017-08-02",86.11,54.7742,11.22,10.97,10.34
"2017-08-03",86.15,54.2191,11.16,10.92,10.35
"2017-08-04",86.18,54.2912,11.21,10.9,10.34
"2017-08-07",86.18,,11.31,10.91,10.35
"2017-08-08",86.22,53.9512,11.38,10.96,10.34
"2017-08-09",86.07,53.1706,11.43,11,10.36
"2017-08-10",85.85,52.265,11.3,11.03,10.36
"2017-08-11",85.69,52.1406,10.99,10.93,10.37
"2017-08-14",85.67,52.7112,11.09,10.98,10.37
"2017-08-15",85.9,,11.02,11.02,10.35
"2017-08-16",85.87,53.086,11.08,10.98,10.35
"2017-08-17",85.98,53.0711,11.06,11.03,10.37
"2017-08-18",85.93,52.4924,11.08,11.03,10.39
"2017-08-21",85.89,51.7105,11.06,11.07,10.4
"2017-08-22",85.96,51.676,11.14,11.11,10.39
"2017-08-23",86,51.8598,11.19,,10.39
"2017-08-24",86.02,52.115,11.14,11.09,10.39
"2017-08-25",86.1,,11.21,11.21,10.39
"2017-08-28",86.22,52.7639,11.25,11.33,10.39
"2017-08-29",86.26,52.2165,11.23,11.37,10.42
"2017-08-30",86.29,52.6551,11.35,11.37,10.41
"2017-08-31",86.39,52.8142,11.33,11.33,10.41
"2017-09-01",86.54,53.0704,11.36,11.38,10.41
"2017-09-04",86.57,52.8747,11.24,11.47,10.41
"2017-09-05",86.58,53.0506,11.28,11.47,10.42
"2017-09-06",86.65,52.8429,11.19,11.47,10.44
"2017-09-07",86.61,53.1165,11.25,11.49,10.45
"2017-09-08",86.61,53.3119,11.32,11.53,10.45
"2017-09-11",86.67,53.4502,11.41,11.41,10.43
"2017-09-12",86.68,53.9412,11.55,11.42,10.41
"2017-09-13",86.67,53.973,11.65,11.45,10.41
"2017-09-14",86.68,54.1424,11.65,11.39,10.4
"2017-09-15",86.74,54.2302,11.63,11.41,10.4
"2017-09-18",86.79,54.3599,11.7,11.39,10.39
"2017-09-19",86.72,54.2725,11.7,11.33,10.39
"2017-09-20",86.67,54.4172,11.84,11.36,10.38
"2017-09-21",86.68,54.1794,11.83,11.37,10.37
"2017-09-22",86.69,53.2205,11.65,11.41,10.38
"2017-09-25",86.8,52.5454,11.43,11.37,10.39
"2017-09-26",86.71,52.6642,11.45,11.33,10.39
"2017-09-27",86.74,51.8164,11.5,11.3,10.36
"2017-09-28",86.66,52.0694,11.37,11.29,10.35
"2017-09-29",86.76,52.6405,11.54,11.35,10.36
"2017-10-02",86.89,,11.55,,10.36
"2017-10-03",86.92,52.6176,11.72,,10.36
"2017-10-04",86.95,53.006,11.75,,10.36
"2017-10-05",86.98,52.8859,11.73,,10.36
"2017-10-06",87,52.963,11.74,,10.35
"2017-10-09",86.97,52.9437,11.69,11.45,10.35
"2017-10-10",86.96,53.2944,11.74,11.55,10.37
"2017-10-11",87.01,53.2488,11.75,11.58,10.37
"2017-10-12",87.06,53.5735,11.87,11.62,10.38
"2017-10-13",87.03,53.7435,11.89,11.61,10.38
"2017-10-16",87.09,54.1852,11.94,11.62,10.39
"2017-10-17",87.1,53.9829,11.87,11.55,10.39
"2017-10-18",87.16,53.781,11.82,11.63,10.38
"2017-10-19",87.16,,11.67,11.67,10.38
"2017-10-20",87.17,,11.78,11.63,10.36
"2017-10-23",87.18,54.3658,11.72,11.61,10.37
"2017-10-24",87.22,53.9852,11.67,11.67,10.36
"2017-10-25",87.25,54.272,11.8,11.66,10.34
"2017-10-26",87.04,54.5618,11.72,11.68,10.35
"2017-10-27",86.96,54.4641,11.62,11.71,10.33
"2017-10-30",86.96,,11.58,11.66,10.37
"2017-10-31",86.97,54.8955,11.7,11.67,10.38
"2017-11-01",87.01,55.3702,11.74,11.66,10.37
"2017-11-02",87.06,55.8002,11.75,11.67,10.38
"2017-11-03",87.09,55.7542,11.75,11.66,10.38
"2017-11-06",87,55.625,11.83,11.72,10.39
"2017-11-07",86.94,55.0667,11.94,11.76,10.38
"2017-11-08",86.66,54.8789,11.93,11.73,10.39
"2017-11-09",86.53,54.8017,11.99,11.78,10.38
"2017-11-10",86.33,54.8099,11.89,11.88,10.35
"2017-11-13",86.29,54.1352,11.86,11.94,10.35
"2017-11-14",86.32,54.2198,11.89,11.86,10.35
"2017-11-15",86.19,53.9514,11.71,11.86,10.36
"2017-11-16",86.04,54.2576,11.77,11.93,10.35
"2017-11-17",86.48,54.5605,11.78,11.95,10.36
"2017-11-20",86.55,54.4324,11.72,11.99,10.36
"2017-11-21",86.62,54.7315,11.75,12.16,10.36
"2017-11-22",86.7,54.7859,11.86,12.16,10.36
"2017-11-23",86.77,55.3675,11.9,11.96,10.38
"2017-11-24",86.8,55.5293,11.8,11.93,10.37
"2017-11-27",86.78,55.5901,11.66,11.84,10.37
"2017-11-28",86.83,55.7128,11.75,11.86,10.37
"2017-11-29",86.84,55.9055,11.74,11.85,10.36
"2017-11-30",86.87,55.6589,11.56,11.72,10.35
"2017-12-01",86.93,55.0896,11.58,11.74,10.37
"2017-12-04",86.97,55.2536,11.67,11.76,10.36
"2017-12-05",87.01,54.9818,11.63,11.82,10.37
"2017-12-06",87.05,54.7309,11.39,11.78,10.37
"2017-12-07",86.96,55.1397,11.31,11.67,10.38
"2017-12-08",86.83,55.5602,11.28,11.71,10.36
"2017-12-11",86.91,55.9059,11.4,11.87,10.37
"2017-12-12",86.92,55.703,11.33,11.77,10.35
"2017-12-13",86.95,55.5419,11.38,11.84,10.36
"2017-12-14",86.98,55.7935,11.42,11.84,10.38
"2017-12-15",86.99,56.2494,11.32,11.75,10.38
"2017-12-18",87.09,56.3743,11.41,11.76,10.37
"2017-12-19",87.17,56.7274,11.46,11.9,10.36
"2017-12-20",87.18,56.998,11.49,11.95,10.34
"2017-12-21",87.15,57.3185,11.56,12.06,10.34
"2017-12-22",87.11,57.8906,11.59,12.03,10.34
"2017-12-26",,,11.58,,10.35
"2017-12-27",87.12,58.4575,11.77,11.95,10.36
"2017-12-28",87.25,58.3194,11.87,12.08,10.37
"2017-12-29",87.31,58.7999,11.91,12.14,10.38
"2018-01-02",87.33,59.0154,12.11,12.32,10.37
"2018-01-03",87.47,58.9769,12.18,12.33,10.38
"2018-01-04",87.7,59.5231,12.35,12.37,10.37
"2018-01-05",87.92,60.0382,12.41,12.42,10.37
"2018-01-08",88.04,60.458,12.44,12.47,10.37
"2018-01-09",88.03,60.1025,12.37,12.45,10.36
"2018-01-10",87.98,60.3421,12.43,12.55,10.33
"2018-01-11",87.79,60.47,12.43,12.51,10.34
"2018-01-12",87.88,60.2359,12.58,12.68,10.35
"2018-01-15",87.86,60.1662,12.48,12.78,10.35
"2018-01-16",87.88,59.8207,12.54,12.86,10.36
"2018-01-17",87.84,60.1744,12.54,12.8,10.36
"2018-01-18",87.85,59.6751,12.52,12.89,10.34
"2018-01-19",87.78,59.8817,12.7,12.94,10.32
"2018-01-22",87.69,60.25,12.7,13.05,10.31
"2018-01-23",87.69,60.4635,12.94,13.16,10.32
"2018-01-24",87.78,60.6757,12.98,13.25,10.31
"2018-01-25",87.84,60.654,13.02,13.29,10.32
"2018-01-26",87.91,,13.1,13.33,10.31
"2018-01-29",87.98,60.7228,13.16,13.12,10.29
"2018-01-30",87.83,59.963,12.94,13.03,10.26
"2018-01-31",87.63,59.4911,12.91,13.2,10.28
"2018-02-01",87.73,59.4256,12.86,13.19,10.27
"2018-02-02",87.64,57.4923,12.85,13.3,10.23
"2018-02-05",87.39,57.1927,12.57,13.32,10.21
"2018-02-06",87.09,56.082,12.5,13.07,10.25
"2018-02-07",86.87,56.231,12.26,12.78,10.23
"2018-02-08",87.08,56.9034,12.06,12.53,10.2
"2018-02-09",86.63,56.3308,12.03,12.23,10.18
"2018-02-12",86.02,57.0417,12.04,12.32,10.17
"2018-02-13",86.24,,12.11,12.44,10.18
"2018-02-14",86.01,57.2654,12.24,12.55,10.17
"2018-02-15",85.95,57.4925,12.39,,10.15
"2018-02-16",86.29,57.0157,12.4,,10.16
"2018-02-19",86.64,,12.45,,10.17
"2018-02-20",86.69,56.1947,12.32,,10.15
"2018-02-21",86.65,56.0544,12.34,,10.15
"2018-02-22",86.63,55.8511,12.25,12.72,10.14
"2018-02-23",86.49,56.7415,12.35,12.78,10.16
"2018-02-26",86.54,56.7753,12.36,12.95,10.18
"2018-02-27",86.8,56.5058,12.29,12.79,10.16
"2018-02-28",86.77,56.1798,12.17,12.66,10.17
"2018-03-01",86.72,56.1546,12.14,12.66,10.18
"2018-03-02",86.56,,12.03,12.58,10.18
"2018-03-05",86.41,56.0004,11.96,12.6,10.17
"2018-03-06",86.52,55.6074,12.08,12.71,10.15
"2018-03-07",86.67,55.2516,11.92,12.69,10.17
"2018-03-08",86.67,55.2583,12.04,12.78,10.15
"2018-03-09",86.66,55.1209,12.13,12.85,10.15
"2018-03-12",86.77,55.7069,12.31,12.9,10.15
"2018-03-13",86.78,56.1554,12.27,12.79,10.14
"2018-03-14",86.71,56.1221,12.25,12.8,10.17
"2018-03-15",86.66,56.3114,12.24,12.86,10.17
"2018-03-16",86.58,55.6288,12.19,12.75,10.16
"2018-03-19",86.58,,12.13,12.8,10.14
"2018-03-20",86.47,54.9523,12.14,12.86,10.12
"2018-03-21",86.43,54.8248,12.14,12.81,10.1
"2018-03-22",86.45,54.6819,11.91,12.67,10.13
"2018-03-23",86.33,54.2629,11.75,12.47,10.13
"2018-03-26",86.22,54.5478,11.96,12.5,10.12
"2018-03-27",86.24,54.6505,11.72,12.55,10.12
"2018-03-28",86.37,54.3173,11.71,12.35,10.18
"2018-03-29",86.35,,11.82,12.47,10.15
"2018-03-30",,,,,10.16
"2018-04-02",,,11.71,,10.17
"2018-04-03",86.43,55.7578,11.79,12.44,10.16
"2018-04-04",86.48,55.183,11.61,12.34,10.16
"2018-04-05",86.54,56.1682,11.66,,10.12
"2018-04-06",86.79,56.3142,11.63,,10.14
"2018-04-09",86.85,56.264,11.82,12.35,10.15
"2018-04-10",86.8,56.2285,11.94,12.57,10.14
"2018-04-11",86.93,56.249,11.96,12.59,10.17
"2018-04-12",86.95,56.2403,11.95,12.52,10.15
"2018-04-13",87.09,56.5025,11.87,12.46,10.15
"2018-04-16",87.21,56.443,11.84,12.32,10.13
"2018-04-17",87.25,56.2214,11.75,12.17,10.14
"2018-04-18",87.32,56.1681,11.8,12.2,10.14
"2018-04-19",87.29,56.2975,11.96,12.34,10.1
"2018-04-20",86.99,56.5199,11.85,12.17,10.09
"2018-04-23",86.87,56.2812,11.72,12.12,10.05
"2018-04-24",86.73,56.3729,11.69,12.32,10.05
"2018-04-25",86.64,55.718,11.51,12.27,10.03
"2018-04-26",86.39,55.8578,11.47,12.11,10.03
"2018-04-27",86.44,56.0321,11.57,12.08,10.04
"2018-04-30",86.43,,11.65,,10.05
"2018-05-01",86.38,,11.64,,10.06
"2018-05-02",86.2,56.2917,11.61,12.08,10.04
"2018-05-03",86.07,56.1815,11.51,12.17,10.04
"2018-05-04",85.92,55.4921,11.54,12.13,10.04
"2018-05-07",85.92,,11.62,12.27,10.02
"2018-05-08",85.94,55.5884,11.6,12.37,10
"2018-05-09",85.76,55.3304,11.57,12.37,9.98
"2018-05-10",85.64,54.8199,11.67,12.47,9.98
"2018-05-11",85.88,55.1091,11.68,12.46,9.99
"2018-05-14",85.96,54.6683,11.7,12.54,9.98
"2018-05-15",85.96,54.2765,11.58,12.54,9.96
"2018-05-16",85.74,54.5889,11.61,12.46,9.94
"2018-05-17",85.78,54.8141,11.56,12.39,9.93
"2018-05-18",85.72,54.0976,11.55,12.47,9.9
"2018-05-21",85.6,53.2762,11.58,12.5,9.91
"2018-05-22",85.58,53.613,11.63,,9.93
"2018-05-23",85.6,52.8438,11.63,12.33,9.96
"2018-05-24",85.59,53.2414,11.68,12.27,9.99
"2018-05-25",85.6,53.9505,11.7,12.27,10
"2018-05-28",85.6,54.7398,11.67,12.29,10.03
"2018-05-29",85.53,54.3237,11.58,12.17,10.04
"2018-05-30",85.31,54.5871,11.57,12.01,10.02
"2018-05-31",85.41,54.6313,11.54,12.25,10.02
"2018-06-01",85.3,54.7185,11.63,12.13,10.03
"2018-06-04",85.3,,11.79,12.25,10
"2018-06-05",85.36,53.4227,11.83,12.36,10
"2018-06-06",85.43,54.197,11.91,12.37,9.98
"2018-06-07",85.41,54.5664,11.84,12.34,9.98
"2018-06-08",85.37,54.4029,11.72,12.22,10
"2018-06-11",85.39,54.6756,11.73,12.23,9.99
"2018-06-12",85.4,54.8694,11.8,12.36,9.98
"2018-06-13",85.37,54.7233,11.73,12.29,9.99
"2018-06-14",85.36,54.7639,11.62,12.27,9.99
"2018-06-15",85.44,54.6868,11.51,12.17,10
"2018-06-18",85.4,54.3963,11.42,,10.01
"2018-06-19",85.25,53.651,11.17,11.82,10.01
"2018-06-20",85.05,53.8212,11.19,11.86,10
"2018-06-21",85.14,53.4988,11.09,11.73,9.99
"2018-06-22",85.11,53.7892,11.14,11.78,9.98
"2018-06-25",85.23,53.46,11.01,11.6,9.99
"2018-06-26",85.1,53.4395,10.92,11.45,9.98
"2018-06-27",85.03,52.5787,10.8,11.21,9.99
"2018-06-28",84.93,52.1833,10.74,11.07,9.98
"2018-06-29",84.67,52.8971,10.93,11.28,9.98
"2018-07-02",84.73,52.7993,10.86,,9.98
"2018-07-03",84.51,53.2292,10.81,10.99,9.96
"2018-07-04",84.58,53.3987,10.77,10.92,9.97
"2018-07-05",84.68,53.0502,10.73,10.89,9.95
"2018-07-06",84.79,53.2441,10.76,10.92,9.95
"2018-07-09",84.96,53.8731,10.87,11.22,9.95
"2018-07-10",85.19,54.2029,10.93,11.21,9.95
"2018-07-11",84.97,54.557,10.8,11.02,9.95
"2018-07-12",84.87,54.5306,10.77,11.19,9.94
"2018-07-13",84.96,54.634,10.79,11.19,9.96
"2018-07-16",85.1,53.5855,10.72,11.2,9.95
"2018-07-17",85.1,53.9916,10.68,11.1,9.95
"2018-07-18",85.1,53.7761,10.65,11.01,9.95
"2018-07-19",85.13,53.175,10.6,10.96,9.99
"2018-07-20",85.11,53.4486,10.7,11.08,9.98
"2018-07-23",85.21,53.6129,10.68,11.17,9.97
"2018-07-24",85.23,54.0795,10.79,11.26,9.99
"2018-07-25",85.25,54.2727,10.97,11.33,10.04
"2018-07-26",85.36,54.1248,10.93,11.18,10.02
"2018-07-27",85.5,54.4039,10.94,11.08,10.03
"2018-07-30",85.6,54.7809,10.91,11.06,10.03
"2018-07-31",85.63,55.0122,10.9,11.05,10.05
"2018-08-01",85.67,55.349,10.96,10.94,10.04
"2018-08-02",85.65,55.201,10.77,10.71,10.04
"2018-08-03",85.56,55.4026,10.81,10.54,10.04
"2018-08-06",85.56,,10.83,10.49,10.06
"2018-08-07",85.7,55.1511,10.92,10.76,10.06
"2018-08-08",85.81,55.021,10.95,10.62,10.06
"2018-08-09",85.73,54.9252,11,10.84,10.07
"2018-08-10",85.64,54.5649,10.9,10.79,10.12
"2018-08-13",85.33,53.6094,10.7,10.7,10.09
"2018-08-14",85.13,53.8759,10.58,10.67,10.08
"2018-08-15",85.23,,10.48,10.41,10.09
"2018-08-16",85.12,53.4551,10.4,10.41,10.07
"2018-08-17",85.32,,10.44,10.33,10.09
"2018-08-20",85.36,54.6695,10.57,10.4,10.1
"2018-08-21",85.41,54.6546,10.72,10.58,10.1
"2018-08-22",85.49,,10.81,10.55,10.1
"2018-08-23",85.58,54.5002,10.74,10.54,10.1
"2018-08-24",85.57,54.8333,10.74,10.6,10.1
"2018-08-27",85.61,55.0972,10.97,10.84,10.1
"2018-08-28",85.64,55.2015,11.01,10.86,10.13
"2018-08-29",85.64,54.8579,11.01,10.76,10.09
"2018-08-30",85.56,54.9712,10.91,10.7,10.09
"2018-08-31",85.42,55.1674,10.87,10.59,10.1
"2018-09-03",85.02,55.0134,10.79,10.6,10.12
"2018-09-04",85,54.1131,10.75,10.68,10.07
"2018-09-05",84.87,53.9233,10.54,10.54,10.06
"2018-09-06",84.86,54.0552,10.48,10.47,10.06
"2018-09-07",84.94,54.284,10.5,10.49,10.06
"2018-09-10",84.96,53.1113,10.42,10.34,10.04
"2018-09-11",84.95,52.3885,10.36,10.29,10.02
"2018-09-12",84.91,52.9346,10.4,10.23,10.02
"2018-09-13",85.04,,10.6,10.34,10.02
"2018-09-14",85.22,53.9099,10.76,10.35,10.02
"2018-09-17",85.34,53.2224,10.61,10.23,10.02
"2018-09-18",85.34,52.3714,10.61,10.33,10.01
"2018-09-19",85.36,52.6492,10.76,10.48,9.99
"2018-09-20",85.41,,10.8,10.5,9.99
"2018-09-21",85.15,52.3391,10.84,10.69,9.99
"2018-09-24",85.29,51.3818,10.7,,10
"2018-09-25",85.25,51.7621,10.72,,9.99
"2018-09-26",85.24,51.9009,10.73,10.66,10
"2018-09-27",85.39,51.5932,10.76,10.65,10.02
"2018-09-28",85.62,50.8095,10.78,10.74,10.04
"2018-10-01",85.67,50.785,10.77,,10.02
"2018-10-02",85.78,,10.59,,10.03
"2018-10-03",86.18,50.3214,10.61,,10.01
"2018-10-04",86.13,49.061,10.33,,9.96
"2018-10-05",85.73,48.2886,10.25,,9.95
"2018-10-08",85.54,48.0788,10.03,10.32,9.97
"2018-10-09",85.6,47.7107,10.03,10.32,9.93
"2018-10-10",85.48,48.4137,9.88,10.3,9.94
"2018-10-11",85.31,47.4936,9.68,10.02,9.96
"2018-10-12",85.26,48.6036,9.81,10.18,9.97
"2018-10-15",85.5,48.9123,9.71,10.08,9.97
"2018-10-16",85.59,49.3056,9.83,10.01,9.96
"2018-10-17",85.7,48.7981,9.83,,9.96
"2018-10-18",85.69,,9.68,9.83,9.97
"2018-10-19",85.54,48.4986,9.73,10.05,9.94
"2018-10-22",85.5,48.2704,9.8,10.36,9.93
"2018-10-23",85.47,47.4396,9.62,10.14,9.95
"2018-10-24",85.26,47.5733,9.37,10.11,9.94
"2018-10-25",85.23,47.2172,9.51,10.1,9.93
"2018-10-26",85.11,47.0009,9.36,10,9.95
"2018-10-29",85.02,,9.29,9.74,9.94
"2018-10-30",85.09,47.8926,9.37,9.79,9.91
"2018-10-31",84.96,48.1329,9.56,9.89,9.89
"2018-11-01",,48.5358,9.73,9.98,9.88
"2018-11-02",84.95,49.7403,9.88,10.38,9.89
"2018-11-05",85.16,49.099,9.81,10.23,9.87
"2018-11-06",85.21,49.3152,9.84,10.2,9.88
"2018-11-07",85.28,,10.01,10.16,9.89
"2018-11-08",85.43,,9.88,10.11,9.88
"2018-11-09",85.44,50.346,9.75,9.99,9.88
"2018-11-12",85.28,49.5645,9.67,10.06,9.9
"2018-11-13",85.21,49.7261,9.68,10.14,9.89
"2018-11-14",84.97,49.3788,9.69,10.08,9.89
"2018-11-15",84.77,50.0731,9.78,10.16,9.91
"2018-11-16",84.54,50.3307,9.83,10.18,9.91
"2018-11-19",84.45,50.6551,9.79,10.26,9.91
"2018-11-20",84.23,50.3587,9.66,10.09,9.9
"2018-11-21",83.9,,9.7,10.11,9.88
"2018-11-22",84.04,50.1161,9.69,10.11,9.89
"2018-11-23",84,,9.65,9.94,9.89
"2018-11-26",83.9,50.4816,9.75,9.95,9.88
"2018-11-27",83.97,50.543,9.77,9.93,9.88
"2018-11-28",83.73,50.6674,9.86,10,9.88
"2018-11-29",83.86,51.8337,9.92,9.95,9.9
"2018-11-30",84.01,52.1406,9.93,10.02,9.91
"2018-12-03",83.99,51.8265,10.13,10.31,9.92
"2018-12-04",84.15,51.9146,9.96,10.39,9.95
"2018-12-05",84.1,51.2694,9.93,10.32,9.95
"2018-12-06",84.06,50.5725,9.71,10.07,9.95
"2018-12-07",83.78,51.0706,9.64,10.07,9.92
"2018-12-10",83.9,49.7234,9.57,9.94,9.95
"2018-12-11",83.72,49.7162,9.58,9.98,9.9
"2018-12-12",83.84,50.7041,9.66,10.04,9.94
"2018-12-13",83.98,51.0888,9.69,10.15,9.95
"2018-12-14",84.11,50.8679,9.54,10,9.95
"2018-12-17",84.06,51.0034,9.52,9.99,9.95
"2018-12-18",83.98,51.7504,9.47,9.93,9.98
"2018-12-19",83.79,52.3673,9.42,9.84,9.99
"2018-12-20",83.66,52.741,9.42,9.8,10.01
"2018-12-21",83.18,51.9123,9.4,9.69,9.99
"2018-12-24",,51.4783,9.37,9.75,10
"2018-12-26",,,9.49,,10.01
"2018-12-27",82.77,51.5153,9.4,9.71,10.01
"2018-12-28",82.87,52.0895,9.46,9.74,10.01
"2018-12-31",83.02,52.4301,9.51,,10.02
"2019-01-02",83.1,51.9901,9.42,9.67,10.05
"2019-01-03",83.14,51.6812,9.27,9.63,10.08
"2019-01-04",83.23,51.8861,9.55,9.77,10.05
"2019-01-07",83.83,52.0982,9.59,9.84,10.07
"2019-01-08",84.35,51.7124,9.59,9.83,10.1
"2019-01-09",84.66,51.3745,9.74,9.94,10.1
"2019-01-10",85.03,51.5808,9.8,10.02,10.12
"2019-01-11",85.09,51.2666,9.85,10.14,10.13
"2019-01-14",85.21,50.9762,9.74,10.03,10.12
"2019-01-15",85.11,51.1424,9.91,10.18,10.13
"2019-01-16",85.26,51.1012,9.97,10.2,10.15
"2019-01-17",85.51,51.2541,9.98,10.16,10.15
"2019-01-18",85.6,50.9356,10.04,10.27,10.14
"2019-01-21",85.89,50.8688,10.08,10.29,10.15
"2019-01-22",85.94,51.0078,10.05,10.18,10.18
"2019-01-23",85.84,50.8476,10.07,10.23,10.19
"2019-01-24",85.97,50.8432,10.16,10.27,10.21
"2019-01-25",86.05,50.3192,10.32,10.37,10.24
"2019-01-28",86.23,49.7446,10.31,10.4,10.26
"2019-01-29",86.1,50.1062,10.26,10.45,10.27
"2019-01-30",86.12,49.9929,10.36,10.44,10.32
"2019-01-31",86.31,50.5696,10.47,10.54,10.33
"2019-02-01",86.72,50.7459,10.49,10.6,10.35
"2019-02-04",86.81,50.6767,10.48,,10.35
"2019-02-05",86.86,50.487,10.56,,10.36
"2019-02-06",87.17,51.1007,10.58,,10.38
"2019-02-07",87.22,51.6396,10.52,,10.39
"2019-02-08",86.94,51.7211,10.45,,10.4
"2019-02-11",86.87,51.4458,10.45,10.63,10.39
"2019-02-12",86.86,51.4512,10.51,10.69,10.38
"2019-02-13",87.06,51.2242,10.55,10.81,10.4
"2019-02-14",87.16,50.9513,10.53,10.8,10.43
"2019-02-15",87.18,50.3941,10.37,10.65,10.43
"2019-02-18",87.26,49.7231,10.46,10.88,10.45
"2019-02-19",87.3,49.7416,10.46,10.86,10.47
"2019-02-20",87.41,50.0402,10.59,10.97,10.48
"2019-02-21",87.45,50.2662,10.62,10.94,10.5
"2019-02-22",87.5,50.4057,10.7,11.04,10.48
"2019-02-25",87.62,51.083,10.82,11.5,10.47
"2019-02-26",87.75,51.2615,10.76,11.35,10.52
"2019-02-27",87.84,51.1865,10.71,11.34,10.51
"2019-02-28",87.95,51.2274,10.57,11.34,10.51
"2019-03-01",87.92,51.7873,10.58,11.46,10.48
"2019-03-04",87.93,,10.61,11.55,10.48
"2019-03-05",87.9,52.6622,10.61,11.55,10.5
"2019-03-06",87.84,53.1148,10.62,11.56,10.53
"2019-03-07",87.79,52.9879,10.51,11.44,10.56
"2019-03-08",87.61,53.0051,10.35,11.18,10.56
"2019-03-11",87.44,53.855,10.43,11.29,10.58
"2019-03-12",87.65,54.2605,10.53,11.4,10.58
"2019-03-13",87.84,54.1046,10.54,11.34,10.59
"2019-03-14",88,54.1443,10.52,11.29,10.6
"2019-03-15",88.08,54.5,10.6,11.41,10.62
"2019-03-18",88.24,,10.69,11.62,10.63
"2019-03-19",88.32,54.6511,10.71,11.59,10.64
"2019-03-20",88.4,54.8298,10.74,11.62,10.65
"2019-03-21",88.39,,10.76,11.6,10.69
"2019-03-22",88.56,54.5655,10.76,11.55,10.77
"2019-03-25",88.46,54.4203,10.63,11.38,10.75
"2019-03-26",88.31,54.8492,10.68,11.31,10.74
"2019-03-27",88.41,54.6,10.68,11.39,10.78
"2019-03-28",88.33,54.6964,10.71,11.35,10.77
"2019-03-29",88.26,55.1161,10.85,11.65,10.77
"2019-04-01",88.49,55.3328,10.93,11.83,10.75
"2019-04-02",88.72,55.3336,10.96,11.8,10.76
"2019-04-03",88.77,55.4667,11.02,11.89,10.73
"2019-04-04",88.9,55.1247,11.02,11.95,10.73
"2019-04-05",88.93,55.0751,11.07,,10.74
"2019-04-08",89.06,54.6331,11.12,11.92,10.73
"2019-04-09",89.02,55.1961,11.17,11.99,10.75
"2019-04-10",88.97,55.2005,11.17,12.04,10.75
"2019-04-11",89.1,55.467,11.09,11.9,10.76
"2019-04-12",89.11,55.4456,11.14,11.88,10.75
"2019-04-15",89.17,55.552,11.11,11.89,10.73
"2019-04-16",89.2,55.4386,11.18,12.07,10.72
"2019-04-17",89.26,,11.23,12.14,10.73
"2019-04-18",89.27,55.3743,11.19,12.09,10.73
"2019-04-19",,,,,10.74
"2019-04-22",,,11.14,,10.73
"2019-04-23",89.26,54.6051,11.18,11.99,10.71
"2019-04-24",89.35,54.904,11.13,12.01,10.76
"2019-04-25",89.31,54.4565,11.02,11.81,10.75
"2019-04-26",89.21,54.6669,11.03,11.74,10.76
"2019-04-29",89.23,54.7092,11.1,11.83,10.75
"2019-04-30",89.28,54.9365,11.07,11.84,10.78
"2019-05-01",,,11.09,,10.76
"2019-05-02",89.4,55.11,11.11,,10.75
"2019-05-03",89.28,54.9436,11.13,,10.77
"2019-05-06",89.37,,10.87,11.34,10.76
"2019-05-07",89.34,54.1929,10.86,11.41,10.79
"2019-05-08",89.28,53.3746,10.76,11.25,10.79
"2019-05-09",,52.8586,10.55,11.04,10.79
"2019-05-10",89,52.8547,10.63,11.33,10.78
"2019-05-13",89.05,51.7342,10.36,,10.79
"2019-05-14",88.69,51.881,10.41,11.04,10.77
"2019-05-15",88.8,51.663,10.45,11.23,10.78
"2019-05-16",88.79,52.3675,10.38,11.25,10.78
"2019-05-17",89.01,52.6762,10.23,11.02,10.78
"2019-05-20",89.02,54.1673,10.18,10.95,10.78
"2019-05-21",88.98,53.9565,10.17,11.05,10.76
"2019-05-22",89.16,54.0882,10.19,11.04,10.78
"2019-05-23",89.08,54.0597,10.06,10.88,10.79
"2019-05-24",88.79,55.0829,10.09,10.95,10.78
"2019-05-27",88.9,55.2069,10.11,11.03,10.8
"2019-05-28",88.89,54.9511,10.12,11.08,10.81
"2019-05-29",88.88,54.5961,10.06,11.09,10.82
"2019-05-30",,54.6243,10.09,11.06,10.81
"2019-05-31",88.6,54.788,10.11,11.02,10.84
"2019-06-03",88.26,,10.21,11.03,10.86
"2019-06-04",88.27,55.2678,10.19,10.97,10.86
"2019-06-05",88.6,,10.21,10.97,10.88
"2019-06-06",88.87,54.7635,10.19,10.9,10.9
"2019-06-07",89,54.6048,10.21,,10.9
"2019-06-10",,54.5612,10.41,10.97,10.9
"2019-06-11",89.47,54.9128,10.5,11.21,10.91
"2019-06-12",89.42,54.4007,10.39,11.12,10.94
"2019-06-13",89.48,54.2944,10.34,11.1,10.94
"2019-06-14",89.54,53.5745,10.26,11.05,10.95
"2019-06-17",89.6,52.9478,10.23,11.05,10.96
"2019-06-18",89.57,53.2691,10.37,11.08,10.99
"2019-06-19",89.84,53.1379,10.56,11.25,10.99
"2019-06-20",89.97,54.1861,10.72,11.56,11.07
"2019-06-21",90.34,53.6551,10.73,11.56,11.04
"2019-06-24",90.42,53.8837,10.73,11.57,11.07
"2019-06-25",90.34,54.2761,10.65,11.48,11.09
"2019-06-26",90.21,54.7055,10.66,11.51,11.06
"2019-06-27",90.28,54.8677,10.77,11.61,11.07
"2019-06-28",90.28,54.7954,10.76,11.6,11.09
"2019-07-01",90.47,55.0693,10.88,,11.09
"2019-07-02",90.64,55.0162,10.94,11.85,11.12
"2019-07-03",90.64,55.0354,10.86,11.73,11.13
"2019-07-04",90.67,55.4941,10.85,11.7,11.14
"2019-07-05",90.77,54.829,10.81,11.76,11.1
"2019-07-08",90.81,53.5905,10.62,11.58,11.12
"2019-07-09",90.86,53.8931,10.6,11.57,11.11
"2019-07-10",90.74,53.6488,10.69,11.57,11.1
"2019-07-11",90.96,53.9669,10.77,11.61,11.09
"2019-07-12",91,53.8787,10.77,11.64,11.09
"2019-07-15",91.03,54.3088,10.86,11.64,11.11
"2019-07-16",90.99,54.5511,10.88,11.56,11.09
"2019-07-17",90.97,54.504,10.86,11.54,11.11
"2019-07-18",90.91,54.1777,10.83,11.42,11.11
"2019-07-19",90.66,53.6047,10.89,11.52,11.12
"2019-07-22",90.8,53.2068,10.85,11.54,11.13
"2019-07-23",90.89,53.2591,10.9,11.56,11.13
"2019-07-24",91.07,52.7961,10.91,11.66,11.17
"2019-07-25",91.17,53.1764,10.94,11.74,11.14
"2019-07-26",91.26,53.4982,10.89,11.76,11.14
"2019-07-29",91.37,53.0317,10.83,11.72,11.14
"2019-07-30",91.44,52.4045,10.82,11.78,11.13
"2019-07-31",91.1,52.5585,10.74,,11.14
"2019-08-01",91.48,51.9636,10.53,11.61,11.18
"2019-08-02",91.2,51.5325,10.38,11.41,11.21
"2019-08-05",91.12,,10.03,11.09,11.2
"2019-08-06",90.49,50.6689,10.1,11.06,11.17
"2019-08-07",90.61,50.6874,10.07,11.01,11.25
"2019-08-08",90.49,51.4128,10.2,11.12,11.18
"2019-08-09",90.69,51.8762,10.14,11.01,11.23
"2019-08-12",90.8,,10.1,11.15,11.25
"2019-08-13",90.15,50.1683,10.12,11.11,11.25
"2019-08-14",89.8,50.2438,9.91,11.25,11.3
"2019-08-15",,,10.02,11.25,11.32
"2019-08-16",89.41,50.1436,10.18,11.32,11.32
"2019-08-19",89.59,50.0013,10.29,11.48,11.31
"2019-08-20",89.54,49.6514,10.31,11.43,11.34
"2019-08-21",89.57,49.5833,10.31,11.4,11.33
"2019-08-22",89.83,48.8622,10.2,11.4,11.33
"2019-08-23",89.98,49.1955,10.11,11.49,11.37
"2019-08-26",89.99,49.5427,10.1,11.28,11.35
"2019-08-27",89.91,50.0197,10.12,11.37,11.38
"2019-08-28",89.93,49.6087,10.11,11.32,11.39
"2019-08-29",89.89,49.5745,10.17,11.32,11.36
"2019-08-30",89.84,50.0507,10.3,11.33,11.37
"2019-09-02",89.83,,10.29,11.38,11.37
"2019-09-03",89.86,48.8735,10.16,11.38,11.39
"2019-09-04",89.71,49.1499,10.35,11.49,11.39
"2019-09-05",89.98,49.3245,10.48,11.58,11.34
"2019-09-06",90.24,49.8415,10.56,11.69,11.37
"2019-09-09",90.43,49.9913,10.58,11.74,11.34
"2019-09-10",90.51,,10.53,11.72,11.31
"2019-09-11",90.47,50.2371,10.61,11.64,11.29
"2019-09-12",90.29,50.5787,10.66,11.75,11.28
"2019-09-13",90.41,50.9854,10.74,,11.24
"2019-09-16",90.17,50.7623,10.67,11.75,11.26
"2019-09-17",90.33,49.7359,10.63,11.57,11.28
"2019-09-18",90.39,50.2879,10.67,11.64,11.31
"2019-09-19",90.43,49.4584,10.61,11.65,11.3
"2019-09-20",90.48,51.6587,10.69,11.69,11.31
"2019-09-23",90.69,52.7486,10.65,11.55,11.37
"2019-09-24",90.66,52.6521,10.61,11.6,11.38
"2019-09-25",90.51,52.161,10.54,11.49,11.35
"2019-09-26",90.65,52.7051,10.57,11.44,11.36
"2019-09-27",90.38,52.6956,10.5,11.47,11.35
"2019-09-30",90.45,52.2268,10.51,11.35,11.36
"2019-10-01",90.45,51.4728,10.49,,11.39
"2019-10-02",90.37,,10.42,,11.39
"2019-10-03",90.17,51.1419,10.42,,11.42
"2019-10-04",89.79,50.6704,10.41,,11.43
"2019-10-07",90.31,50.3252,10.39,,11.42
"2019-10-08",90.36,,10.4,11.4,11.42
"2019-10-09",90.19,50.8084,10.41,11.43,11.39
"2019-10-10",90.2,50.454,10.41,11.52,11.35
"2019-10-11",90.31,50.798,10.63,11.63,11.32
"2019-10-14",90.49,50.8574,10.65,11.76,11.34
"2019-10-15",90.5,50.8468,10.71,11.7,11.34
"2019-10-16",90.59,50.9758,10.76,11.66,11.34
"2019-10-17",90.61,51.6104,10.79,11.72,11.36
"2019-10-18",90.69,52.3021,10.69,11.59,11.36
"2019-10-21",90.73,,10.71,11.64,11.34
"2019-10-22",90.71,52.4156,10.68,11.67,11.35
"2019-10-23",90.72,52.6791,10.65,11.62,11.37
"2019-10-24",90.79,52.5847,10.64,11.6,11.37
"2019-10-25",90.85,52.6205,10.63,11.65,11.34
"2019-10-28",90.98,,10.74,11.74,11.33
"2019-10-29",90.96,53.4185,10.72,11.72,11.35
"2019-10-30",90.99,53.7302,10.72,11.68,11.36
"2019-10-31",90.82,53.7744,10.73,11.67,11.4
"2019-11-01",,53.849,10.8,11.82,11.38
"2019-11-04",90.99,53.8466,10.98,11.91,11.37
"2019-11-05",91.13,53.6192,11.08,12.03,11.33
"2019-11-06",90.94,53.4534,11.1,11.97,11.36
"2019-11-07",90.92,53.6457,11.15,12.05,11.31
"2019-11-08",91.07,52.9655,11.08,12.03,11.32
"2019-11-11",91.03,52.8639,10.94,11.86,11.31
"2019-11-12",91.03,,11.01,11.85,11.32
"2019-11-13",90.98,51.9389,10.87,11.84,11.34
"2019-11-14",90.78,51.9743,10.83,11.85,11.37
"2019-11-15",90.77,52.3886,10.91,11.8,11.36
"2019-11-18",90.84,52.4759,10.97,11.87,11.38
"2019-11-19",90.74,52.636,11.04,11.95,11.4
"2019-11-20",90.42,52.8214,10.93,11.84,11.42
"2019-11-21",90.3,52.6778,10.84,11.78,11.4
"2019-11-22",90.28,52.391,10.86,11.67,11.4
"2019-11-25",90.39,53.0107,10.97,11.72,11.41
"2019-11-26",90.48,52.9355,10.99,11.71,11.42
"2019-11-27",90.66,53.4663,11.06,11.74,11.41
"2019-11-28",90.69,53.1731,11.02,11.68,11.41
"2019-11-29",90.69,52.9132,10.88,11.61,11.41
"2019-12-02",90.76,52.6971,10.89,11.62,11.39
"2019-12-03",90.61,52.6177,10.84,11.4,11.45
"2019-12-04",90.47,52.8663,10.8,11.41,11.41
"2019-12-05",90.65,52.8876,10.91,11.52,11.4
"2019-12-06",90.77,52.6589,10.99,11.58,11.36
"2019-12-09",90.99,52.6639,10.98,11.56,11.39
"2019-12-10",91.07,52.6071,10.98,11.56,11.36
"2019-12-11",91.04,52.7673,11.05,11.56,11.4
"2019-12-12",91.12,52.9581,11.22,11.54,11.38
"2019-12-13",91.29,53.2326,11.37,11.79,11.43
"2019-12-16",91.52,53.1083,11.36,11.75,11.41
"2019-12-17",91.69,53.3094,11.51,11.89,11.42
"2019-12-18",91.99,53.3835,11.58,11.86,11.41
"2019-12-19",92.37,53.3529,11.52,11.83,11.42
"2019-12-20",92.39,53.2531,11.52,11.8,11.43
"2019-12-23",92.29,53.2386,11.53,11.68,11.43
"2019-12-24",,53.1944,11.5,11.75,11.43
"2019-12-26",,,,,11.44
