"","LU1997245177","LU0109392836","LU0359201612","LU0823426308","LU0594300179"
"2014-01-02",4.16,9.26,12.88,330.32001,13.93
"2014-01-03",4.11,9.27,12.63,325.57001,13.79
"2014-01-06",4.02,9.23,12.48,320.82999,13.7
"2014-01-07",4.02,9.35,12.43,320.76001,13.81
"2014-01-08",4.04,9.4,12.56,323.01999,13.94
"2014-01-09",4,9.34,12.44,321.84,13.75
"2014-01-10",3.96,9.38,12.41,320.14002,13.75
"2014-01-13",3.96,9.25,12.45,320.57999,13.79
"2014-01-14",3.99,9.42,12.42,319.91,13.78
"2014-01-15",4.01,9.51,12.47,323.06,13.88
"2014-01-16",3.99,9.53,12.49,322.64999,13.81
"2014-01-17",3.96,9.53,12.5,323.87,13.96
"2014-01-20",3.92,9.52,12.39,321.66,13.85
"2014-01-21",3.96,9.56,12.47,322.28,13.84
"2014-01-22",4.06,9.63,12.56,323.45999,13.83
"2014-01-23",4.04,9.55,12.4,316.10001,13.59
"2014-01-24",4.08,9.31,12.2,308.48001,13.24
"2014-01-27",4.01,9.21,11.9,301.72,13.08
"2014-01-28",4.01,9.31,11.95,304.35001,13.23
"2014-01-29",4.02,9.21,11.99,306.09,13.29
"2014-01-30",3.97,9.45,,308.51001,13.41
"2014-01-31",,9.37,,,13.35
"2014-02-03",,9.13,,,13.2
"2014-02-04",,9.22,11.69,298.17999,13.08
"2014-02-05",,9.21,11.62,294.44,12.84
"2014-02-06",,9.37,11.75,300.48001,13.12
"2014-02-07",3.98,9.53,11.92,304.95999,13.23
"2014-02-10",4.08,9.56,11.95,304.94,13.21
"2014-02-11",4.08,9.66,12.09,308.85999,13.47
"2014-02-12",4.08,9.72,12.19,310.89002,13.51
"2014-02-13",4.05,9.86,12.09,308.72,13.51
"2014-02-14",4.08,9.89,12.18,310.5,13.6
"2014-02-17",4.11,9.89,12.35,313.64002,13.69
"2014-02-18",4.04,9.96,12.34,313,13.78
"2014-02-19",4.07,9.92,12.34,314.06,13.76
"2014-02-20",4.01,10,12.19,310.48999,13.61
"2014-02-21",3.98,10,12.22,310.57001,13.69
"2014-02-24",3.89,10.08,12.1,309.04999,13.61
"2014-02-25",3.75,10.07,12.02,304.53,13.57
"2014-02-26",3.75,10.1,12.14,308.06,13.71
"2014-02-27",3.71,10.16,12.35,312.81,13.93
"2014-02-28",3.77,10.08,12.34,314.91,13.96
"2014-03-03",3.79,10,12.2,310.66,13.75
"2014-03-04",3.78,10.2,12.25,314.85999,13.96
"2014-03-05",3.75,10.22,12.22,313.60999,13.92
"2014-03-06",3.76,10.21,12.32,316.75,14.09
"2014-03-07",3.77,10.16,12.33,315.03,13.91
"2014-03-10",3.67,10.1,12.1,308.73999,13.69
"2014-03-11",3.69,10.02,12.11,309.92999,13.75
"2014-03-12",3.69,10.08,11.92,306.26999,13.58
"2014-03-13",3.73,9.89,11.86,302.39999,13.39
"2014-03-14",3.69,9.88,11.71,296.67001,13.25
"2014-03-17",3.72,9.99,11.67,299.12,13.34
"2014-03-18",3.7,10.12,11.8,299.73001,13.42
"2014-03-19",3.65,10.04,11.77,298.23999,13.38
"2014-03-20",3.57,10.1,11.58,294.57999,13.21
"2014-03-21",3.67,9.96,11.73,298.45999,13.32
"2014-03-24",3.7,9.83,11.99,299.01001,13.32
"2014-03-25",3.68,9.83,11.86,297.79999,13.25
"2014-03-26",3.68,9.66,11.99,300.67001,13.29
"2014-03-27",3.64,9.65,11.93,296.63,13.06
"2014-03-28",3.63,9.65,12.1,303.17999,13.29
"2014-03-31",3.62,9.75,12.14,304.67999,13.37
"2014-04-01",3.66,9.92,12.24,310.82001,13.69
"2014-04-02",3.67,9.91,12.26,309.14002,13.67
"2014-04-03",3.66,9.77,12.28,307.59,13.59
"2014-04-04",3.71,9.5,12.22,305,13.52
"2014-04-07",,9.36,12.18,302.88,13.26
"2014-04-08",3.79,9.46,12.32,304.79999,13.39
"2014-04-09",3.79,9.64,12.45,309.84,13.55
"2014-04-10",3.86,9.31,12.64,313.29001,13.84
"2014-04-11",3.86,9.16,12.39,307.29999,13.55
"2014-04-14",3.86,9.24,12.4,306.84,13.58
"2014-04-15",3.79,9.32,12.16,303.5,13.29
"2014-04-16",3.79,9.44,12.19,303.48999,13.38
"2014-04-17",3.78,9.49,12.25,305.97,13.44
"2014-04-18",,,,,13.4
"2014-04-21",,9.53,,,13.42
"2014-04-22",3.72,9.61,12.26,307.51001,13.44
"2014-04-23",3.7,9.51,12.15,304.54001,13.37
"2014-04-24",3.69,9.52,12.17,303.64002,13.4
"2014-04-25",3.64,9.27,12,299.95001,13.17
"2014-04-28",3.6,9.16,11.93,295.57999,12.94
"2014-04-29",3.65,9.24,12.06,297.95001,13.02
"2014-04-30",3.68,9.3,11.9,294.88,12.81
"2014-05-01",,9.33,,,12.9
"2014-05-02",,9.33,11.96,297.51999,12.94
"2014-05-05",3.7,9.36,11.89,294.10999,12.89
"2014-05-06",,9.22,11.89,,12.93
"2014-05-07",3.67,9.16,11.72,289.01001,12.69
"2014-05-08",3.66,9.16,11.76,286.45001,12.64
"2014-05-09",3.65,9.18,11.74,285.75,12.6
"2014-05-12",3.7,9.38,11.93,293.44,12.84
"2014-05-13",3.7,9.32,11.97,294.64999,12.84
"2014-05-14",3.71,9.25,12.11,297.70999,12.9
"2014-05-15",3.66,9.18,12.11,298.39999,12.86
"2014-05-16",3.64,9.26,12.06,298.06,12.92
"2014-05-19",3.58,9.35,12.06,296.73001,12.89
"2014-05-20",3.59,9.27,12.09,296.95999,12.93
"2014-05-21",3.62,9.35,12.18,301.32001,13.03
"2014-05-22",3.62,9.43,12.34,304.64999,13.14
"2014-05-23",3.65,9.52,12.35,306.38,13.16
"2014-05-26",3.68,9.51,12.35,306.89002,13.2
"2014-05-27",3.66,9.64,12.43,306.51001,13.16
"2014-05-28",3.69,9.62,12.42,307.10999,13.22
"2014-05-29",,9.67,,,13.15
"2014-05-30",3.67,9.62,12.34,307.17999,13.23
"2014-06-02",,9.59,12.34,,13.27
"2014-06-03",3.65,9.59,12.52,309.76001,13.24
"2014-06-04",3.61,9.61,12.43,307.5,13.15
"2014-06-05",3.65,9.72,12.47,309.53,13.21
"2014-06-06",3.63,9.79,12.43,309.51999,13.2
"2014-06-09",,9.82,,,13.25
"2014-06-10",3.69,9.84,12.69,313.84,13.31
"2014-06-11",3.67,9.87,12.69,313.03,13.34
"2014-06-12",3.67,9.8,12.68,312.76001,13.36
"2014-06-13",3.72,9.86,12.8,315.10001,13.4
"2014-06-16",3.72,9.89,12.82,314.72,13.37
"2014-06-17",3.68,9.94,12.76,313.23001,13.3
"2014-06-18",3.65,10,12.74,312.82001,13.3
"2014-06-19",3.59,9.99,12.73,312.10001,13.29
"2014-06-20",3.62,9.99,12.75,313.09,13.31
"2014-06-23",,10.01,,,13.14
"2014-06-24",3.63,9.92,12.59,309.48999,13.26
"2014-06-25",3.61,9.97,12.58,310.85001,13.23
"2014-06-26",3.64,9.96,12.77,313.84,13.39
"2014-06-27",3.66,10,12.75,314.17001,13.41
"2014-06-30",3.7,10.05,12.77,316.10001,13.51
"2014-07-01",,10.15,12.77,,13.56
"2014-07-02",3.67,10.13,12.99,322.20001,13.74
"2014-07-03",3.7,10.2,13.07,325.29999,13.81
"2014-07-04",3.7,10.2,13.1,326.57999,13.83
"2014-07-07",3.69,10.08,13.12,327.07001,13.81
"2014-07-08",3.7,9.87,13.13,324.5,13.72
"2014-07-09",3.64,9.94,12.93,320.92001,13.65
"2014-07-10",3.62,9.88,12.99,318.78,13.61
"2014-07-11",3.65,9.92,12.97,320.32001,13.64
"2014-07-14",3.69,9.98,13.07,322.56,13.79
"2014-07-15",3.69,9.93,13.14,323.23001,13.83
"2014-07-16",3.68,9.95,13.16,323.35001,13.85
"2014-07-17",3.66,9.78,13.13,320.76001,13.78
"2014-07-18",3.69,9.96,13.09,320.09,13.78
"2014-07-21",3.7,9.96,13.03,319.39999,13.75
"2014-07-22",3.74,10.04,13.3,325.89999,14.01
"2014-07-23",3.74,9.95,13.48,328.26001,14.08
"2014-07-24",3.81,10.01,13.6,331.10001,14.18
"2014-07-25",3.84,9.88,13.59,331.59,14.15
"2014-07-28",3.93,9.88,13.73,334.67999,14.32
"2014-07-29",3.94,9.85,13.77,336.23999,14.37
"2014-07-30",3.93,9.99,13.74,335.64999,14.33
"2014-07-31",3.97,9.77,13.74,333.73001,14.26
"2014-08-01",3.93,9.77,13.58,330.07999,14.18
"2014-08-04",4.01,9.86,13.73,333.59,14.31
"2014-08-05",4.01,9.8,13.72,332.39999,14.25
"2014-08-06",3.98,9.79,13.67,332.54999,14.21
"2014-08-07",3.94,9.78,13.54,329.47,14.05
"2014-08-08",3.94,9.86,13.54,329.53,14.09
"2014-08-11",3.99,9.94,13.85,333.79001,14.24
"2014-08-12",3.98,9.89,13.77,334.17999,14.2
"2014-08-13",3.98,9.99,13.91,338.51001,14.4
"2014-08-14",3.96,10.03,13.81,336.23999,14.39
"2014-08-15",,10.05,,,14.32
"2014-08-18",4.03,10.15,13.93,335.45001,14.4
"2014-08-19",4.02,10.19,13.95,336.53,14.47
"2014-08-20",3.99,10.2,13.9,336.85001,14.5
"2014-08-21",3.97,10.24,13.8,334.67999,14.38
"2014-08-22",3.99,10.28,13.89,335.35001,14.43
"2014-08-25",3.95,10.26,13.96,334.94,14.43
"2014-08-26",3.93,10.3,13.94,334.14999,14.41
"2014-08-27",3.93,10.27,13.9,331.64999,14.36
"2014-08-28",3.89,10.24,13.8,326.48999,14.21
"2014-08-29",3.93,10.32,13.88,327.13,14.2
"2014-09-01",3.96,10.32,13.89,328.67001,14.21
"2014-09-02",4,10.37,13.92,329.38,14.19
"2014-09-03",4.04,10.33,14.3,336.51999,14.43
"2014-09-04",4.08,10.31,14.37,337.92001,14.53
"2014-09-05",4.11,10.37,14.35,335.84,14.47
"2014-09-08",,10.41,14.37,337.5,14.47
"2014-09-09",,10.31,14.36,,14.43
"2014-09-10",4.09,10.39,14.05,330.48001,14.19
"2014-09-11",4.07,10.43,14,329.95001,14.18
"2014-09-12",4.08,10.35,13.98,328.22,14.17
"2014-09-15",4.05,10.2,13.82,325.16,14.01
"2014-09-16",3.98,10.3,13.62,321.41,13.93
"2014-09-17",3.99,10.32,13.81,324.94,13.91
"2014-09-18",4.01,10.41,13.71,324.45999,13.89
"2014-09-19",4.03,10.34,13.74,324.73999,13.94
"2014-09-22",3.96,10.21,13.55,319.10999,13.73
"2014-09-23",3.99,10.17,13.5,317.98999,13.66
"2014-09-24",4.05,10.26,13.66,320.09,13.76
"2014-09-25",4.03,10.06,13.58,317.84,13.57
"2014-09-26",4.04,10.16,13.5,316.5,13.6
"2014-09-29",4.03,10.15,13.33,309.14999,13.37
"2014-09-30",4.04,10.11,,307.70999,13.3
"2014-10-01",,9.95,,,13.2
"2014-10-02",,9.98,,,13.04
"2014-10-03",,10.1,13.18,311.48999,13.38
"2014-10-06",,10.04,13.42,315.45999,13.49
"2014-10-07",,9.85,13.45,316.32001,13.51
"2014-10-08",4.08,10.03,13.37,314.67001,13.46
"2014-10-09",4.08,9.84,13.48,315.39002,13.54
"2014-10-10",4.06,9.48,13.23,309.5,13.29
"2014-10-13",4.03,9.33,13.19,308.29999,13.31
"2014-10-14",4.01,9.4,13.12,306.29999,13.26
"2014-10-15",4.05,9.45,13.19,304.81,13.14
"2014-10-16",4.03,9.5,13.06,305.31,13.21
"2014-10-17",4.05,9.6,13.15,309.60001,13.31
"2014-10-20",4.05,9.68,13.23,309.98999,13.35
"2014-10-21",4.02,9.9,13.21,311.75,13.44
"2014-10-22",4.01,9.77,13.38,313.07999,13.49
"2014-10-23",3.98,9.94,13.31,311.91,13.52
"2014-10-24",3.98,9.98,13.31,312,13.48
"2014-10-27",3.94,9.97,13.19,308.54999,13.28
"2014-10-28",4,10.13,13.44,315.60999,13.61
"2014-10-29",4.06,10.08,13.64,319.42999,13.8
"2014-10-30",4.06,10.17,13.55,318.23001,13.8
"2014-10-31",4.11,10.34,13.72,322.62,14.01
"2014-11-03",4.11,10.35,13.69,321.69,13.93
"2014-11-04",4.09,10.33,13.7,321.41,13.87
"2014-11-05",4.06,10.35,13.6,319.53,13.86
"2014-11-06",4.07,10.39,13.58,319.54001,13.78
"2014-11-07",4.09,10.4,13.53,317.87,13.74
"2014-11-10",4.18,10.46,13.67,321.42999,13.89
"2014-11-11",4.17,10.46,13.69,321.34,13.9
"2014-11-12",4.24,10.49,13.77,322.42001,13.93
"2014-11-13",4.21,10.47,13.8,323.48001,14.03
"2014-11-14",4.22,10.53,13.83,326.14002,14.13
"2014-11-17",4.2,10.47,13.58,320.75,13.92
"2014-11-18",4.15,10.53,13.41,317.23999,13.76
"2014-11-19",4.13,10.45,13.34,315.60999,13.72
"2014-11-20",4.13,10.48,13.35,315.35999,13.71
"2014-11-21",4.21,10.54,13.48,321.67999,13.89
"2014-11-24",4.29,10.61,13.88,326.45999,14.06
"2014-11-25",4.34,10.63,13.81,326.51999,14.03
"2014-11-26",4.4,10.72,14.02,330.75,14.26
"2014-11-27",4.45,10.72,13.97,330.28,14.2
"2014-11-28",4.5,10.71,14.05,329.19,14.2
"2014-12-01",4.52,10.57,13.72,320.16,13.83
"2014-12-02",4.69,10.59,14.06,323.60999,13.98
"2014-12-03",4.76,10.68,13.96,322.47,13.89
"2014-12-04",4.96,10.69,14.39,327.73999,14.01
"2014-12-05",5.01,10.73,14.45,328.64999,14.1
"2014-12-08",5.22,10.59,14.71,329.45999,14.06
"2014-12-09",5.07,10.64,14.12,318.98001,13.71
"2014-12-10",5.27,10.45,14.28,321.51999,13.79
"2014-12-11",5.17,10.49,14.14,322.14002,13.78
"2014-12-12",5.17,10.39,14.13,321.41,13.66
"2014-12-15",5.2,10.33,14.05,320.85999,13.53
"2014-12-16",5.36,10.22,13.93,315.88,13.64
"2014-12-17",5.47,10.44,14.02,317.88,13.4
"2014-12-18",5.41,10.68,14.12,322,13.56
"2014-12-19",5.43,10.73,14.38,321.26001,13.64
"2014-12-22",5.41,10.83,14.53,324.98999,13.67
"2014-12-23",5.36,10.82,14.41,322.66,13.62
"2014-12-24",,10.84,,320.89002,13.63
"2014-12-26",,10.87,,,13.85
"2014-12-29",5.58,10.81,14.68,328.89002,13.97
"2014-12-30",5.68,10.74,14.53,326.81,13.88
"2014-12-31",5.82,10.67,14.75,330.57999,13.96
"2015-01-02",,10.66,15.06,335.09,14.01
"2015-01-05",6.04,10.48,15.11,333.62,13.87
"2015-01-06",6.08,10.32,14.99,333.23999,13.77
"2015-01-07",6.11,10.41,15.22,335.60999,13.95
"2015-01-08",6,10.63,15.19,337.22,14.18
"2015-01-09",6.05,10.59,15.21,337.04001,14.1
"2015-01-12",6.05,10.48,15.12,332.66,14.09
"2015-01-13",6.06,10.44,15.19,337.04001,14.3
"2015-01-14",6.05,10.37,15.12,332.34,14.14
"2015-01-15",6.24,10.21,15.43,335.48001,14.31
"2015-01-16",6.28,10.37,15.16,334.42999,14.22
"2015-01-19",5.83,10.37,14.62,322.76001,13.84
"2015-01-20",5.89,10.42,14.89,327.73001,14.02
"2015-01-21",6.16,10.5,15.27,336.01001,14.42
"2015-01-22",6.18,10.63,15.32,336.67999,14.47
"2015-01-23",6.2,10.69,15.62,340.85999,14.61
"2015-01-26",6.18,10.7,15.49,341.91,14.72
"2015-01-27",6.13,10.55,15.31,335.5,14.55
"2015-01-28",6.11,10.47,15.28,335.45001,14.54
"2015-01-29",6.02,10.55,15.08,331.06,14.39
"2015-01-30",5.94,10.44,15.01,328.88,14.26
"2015-02-02",5.81,10.52,14.88,327.51001,14.29
"2015-02-03",5.95,10.62,15.04,332.12,14.49
"2015-02-04",5.94,10.66,15.1,331.25,14.53
"2015-02-05",5.85,10.77,15.15,330.91,14.44
"2015-02-06",5.8,10.73,15.01,326.39002,14.36
"2015-02-09",5.86,10.66,14.94,324.48999,14.25
"2015-02-10",5.97,10.81,14.99,325.82999,14.33
"2015-02-11",6.01,10.87,14.91,323.76999,14.31
"2015-02-12",6.02,11.02,15.08,327.42999,14.42
"2015-02-13",6.05,11.1,15.24,329.98001,14.57
"2015-02-16",6.08,11.1,15.23,329.31,14.59
"2015-02-17",6.11,11.07,15.27,330.48001,14.61
"2015-02-18",,11.1,,330.51001,14.61
"2015-02-19",,11.18,,,14.62
"2015-02-20",,11.28,,,14.61
"2015-02-23",,11.2,15.29,331.67999,14.6
"2015-02-24",,11.21,15.33,332.88,14.73
"2015-02-25",6.01,11.26,15.34,333.22,14.63
"2015-02-26",6.14,11.33,15.48,336.72,14.7
"2015-02-27",6.13,11.28,15.44,336.20999,14.67
"2015-03-02",6.2,11.45,15.46,337.85999,14.71
"2015-03-03",6.02,11.34,15.2,332.67001,14.54
"2015-03-04",6.04,11.29,14.99,328.37,14.43
"2015-03-05",6.02,11.33,14.79,328.29999,14.36
"2015-03-06",5.99,11.19,14.89,327.09,14.32
"2015-03-09",6.05,11.21,14.93,328.70999,14.37
"2015-03-10",6.06,11,14.71,321.44,14.04
"2015-03-11",6.06,10.99,14.65,320.41,14.05
"2015-03-12",6.15,11.11,14.76,324.20001,14.2
"2015-03-13",6.2,11.08,14.83,323.31,14.1
"2015-03-16",6.36,11.21,14.95,329.25,14.38
"2015-03-17",6.42,11.18,14.99,328.37,14.33
"2015-03-18",6.58,11.3,15.16,331.73999,14.44
"2015-03-19",6.62,11.33,15.29,334.29999,14.59
"2015-03-20",6.71,11.41,15.29,335.35999,14.75
"2015-03-23",6.84,11.35,15.38,337.26001,14.8
"2015-03-24",6.84,11.31,15.28,335.31,14.74
"2015-03-25",6.81,11.01,15.24,335.53,14.7
"2015-03-26",6.79,10.98,15.16,331.79001,14.7
"2015-03-27",6.86,11.08,15.19,334.17001,14.73
"2015-03-30",7.08,11.18,15.63,342.48999,15.03
"2015-03-31",7.07,11.08,15.67,342.73999,15.04
"2015-04-01",7.23,11.02,15.85,348.16,15.22
"2015-04-02",7.26,11.04,16.049999,353.32999,15.4
"2015-04-03",,,,,15.38
"2015-04-06",,11.12,,,15.54
"2015-04-07",,11.14,16.049999,,15.52
"2015-04-08",7.58,11.23,17.139999,371.95001,16.37
"2015-04-09",7.53,11.27,17.73,378.56,16.72
"2015-04-10",7.63,11.3,17.92,382.32001,16.84
"2015-04-13",7.66,11.24,18.879999,395.25,17.01
"2015-04-14",7.64,11.22,18.209999,384.23001,16.56
"2015-04-15",7.51,11.31,18.33,386.79001,16.45
"2015-04-16",7.74,11.32,18.709999,391.26001,16.68
"2015-04-17",7.82,11.11,18.67,384.72,16.33
"2015-04-20",7.6,11.24,18.040001,380.42001,16.31
"2015-04-21",7.78,11.34,18.549999,390.88,16.67
"2015-04-22",8,11.43,18.93,395.04001,16.81
"2015-04-23",8.02,11.38,18.66,394.07001,16.79
"2015-04-24",7.93,11.36,18.83,394.34,16.93
"2015-04-27",8.03,11.33,18.93,400.03,17.08
"2015-04-28",7.92,11.28,18.950001,398.54001,17.05
"2015-04-29",8.04,11.25,18.82,396.29999,16.91
"2015-04-30",8.04,11.12,18.709999,391.35001,16.8
"2015-05-01",,11.18,,,16.81
"2015-05-04",8.07,11.2,18.84,392.78,16.87
"2015-05-05",7.78,11.07,18.42,383.91,16.48
"2015-05-06",7.76,11.05,18.219999,380.62,16.46
"2015-05-07",7.66,11.15,17.719999,373.98001,16.28
"2015-05-08",7.81,11.29,18.200001,382.81,16.61
"2015-05-11",8.01,11.26,18.4,386.42999,16.69
"2015-05-12",8.06,11.2,18.15,380.78,16.53
"2015-05-13",8,11.23,18.09,379.60001,16.45
"2015-05-14",,11.38,,,16.51
"2015-05-15",7.78,11.36,18.290001,383.32001,16.68
"2015-05-18",7.71,11.42,18.16,381.51999,16.63
"2015-05-19",8.03,11.39,18.360001,387.59,16.82
"2015-05-20",8.07,11.38,18.48,386.73001,16.76
"2015-05-21",8.28,11.44,18.26,386.20999,16.74
"2015-05-22",8.45,11.46,18.719999,392.56,17.09
"2015-05-25",,,,,17.11
"2015-05-26",8.89,11.35,18.870001,399.89002,17.26
"2015-05-27",8.84,11.51,18.790001,399.10001,17.21
"2015-05-28",8.31,11.5,18.25,385.19,16.71
"2015-05-29",8.32,11.43,18.02,385.53,16.63
"2015-06-01",8.69,11.46,18.389999,390.94,16.78
"2015-06-02",8.81,11.44,18.309999,388.87,16.65
"2015-06-03",8.72,11.5,18.25,388.75,16.64
"2015-06-04",8.79,11.41,18.219999,388.44,16.53
"2015-06-05",8.93,11.46,18.07,384.88,16.42
"2015-06-08",9.03,11.32,18.190001,386.92001,16.48
"2015-06-09",8.94,11.31,17.83,378.95001,16.13
"2015-06-10",9.03,11.49,17.639999,377.48999,16.19
"2015-06-11",9.03,11.48,17.76,381.70999,16.27
"2015-06-12",9.11,11.43,18.059999,385.57999,16.44
"2015-06-15",8.97,11.36,17.75,378.07999,16.13
"2015-06-16",8.78,11.43,17.41,372.10001,16.02
"2015-06-17",8.86,11.44,17.610001,374.45999,16.09
"2015-06-18",8.48,11.57,17.540001,373.56,16.15
"2015-06-19",7.99,11.54,17.42,367.76999,15.95
"2015-06-22",,11.61,17.629999,373.35999,16.18
"2015-06-23",,11.62,,,16.32
"2015-06-24",8.41,11.53,18.02,382.69,16.38
"2015-06-25",8.09,11.53,17.870001,377.63,16.24
"2015-06-26",7.44,11.4,17.459999,367.29999,15.88
"2015-06-29",7.21,11.11,16.98,357.04001,15.37
"2015-06-30",7.72,11.15,17.290001,364.04001,15.64
"2015-07-01",,11.2,17.27,,15.54
"2015-07-02",7.25,11.21,17.16,361.85999,15.64
"2015-07-03",6.96,11.21,16.860001,354.12,15.36
"2015-07-06",7.27,11.13,16.16,342.75,14.83
"2015-07-07",7.14,11.15,15.6,329.98999,14.13
"2015-07-08",6.56,10.97,14.52,311.45001,13.57
"2015-07-09",7.06,11.01,15.55,326.92999,14.45
"2015-07-10",7.51,11.16,16.030001,336.82001,14.88
"2015-07-13",7.66,11.28,16.34,343.03,15.2
"2015-07-14",7.4,11.36,16.24,339.54999,15.18
"2015-07-15",7.11,11.31,16.030001,335.17999,14.95
"2015-07-16",7.17,11.43,16.15,338.51001,15.08
"2015-07-17",7.43,11.5,16.34,341.82001,15.27
"2015-07-20",7.43,11.53,16.33,341.38,15.26
"2015-07-21",7.47,11.54,16.5,346.42001,15.37
"2015-07-22",7.42,11.45,16.33,342.60001,15.23
"2015-07-23",7.61,11.47,16.440001,343.20001,15.35
"2015-07-24",7.48,11.45,16.24,338.76999,15.12
"2015-07-27",6.86,11.29,15.57,322.76999,14.5
"2015-07-28",6.89,11.39,15.46,323.38,14.53
"2015-07-29",7.09,11.43,15.55,326.09,14.63
"2015-07-30",6.86,11.53,15.47,322.95999,14.48
"2015-07-31",6.89,11.47,15.58,324.89999,14.58
"2015-08-03",6.92,11.39,15.43,320.35999,14.31
"2015-08-04",7.14,11.35,15.44,321.73999,14.46
"2015-08-05",7,11.5,15.53,323.63,14.59
"2015-08-06",6.94,11.35,15.46,320.34,14.38
"2015-08-07",7.08,11.35,15.61,323.39999,14.49
"2015-08-10",7.41,11.51,15.77,328.41,14.78
"2015-08-11",7.23,11.38,15.7,324.07001,14.51
"2015-08-12",7,11.36,15.27,315.79001,14.1
"2015-08-13",7.03,11.34,15.38,317.01001,14.22
"2015-08-14",7.05,11.38,15.4,317.26999,14.25
"2015-08-17",7.01,11.48,15.29,315.01001,14.11
"2015-08-18",6.62,11.39,15.03,310.60999,13.85
"2015-08-19",6.76,11.29,14.84,306.76999,13.52
"2015-08-20",6.52,10.9,14.53,299.03,13.25
"2015-08-21",6.18,10.61,14.18,295.10001,12.95
"2015-08-24",5.63,10.22,12.97,271.31,12.14
"2015-08-25",5.26,10.17,13.26,284.29999,12.65
"2015-08-26",5.31,10.6,13.11,278.54001,12.27
"2015-08-27",5.63,10.87,13.77,293.31,12.9
"2015-08-28",5.87,10.9,13.71,290.25,12.89
"2015-08-31",5.87,10.76,13.66,288.34,12.76
"2015-09-01",5.76,10.45,13.27,281,12.42
"2015-09-02",5.78,10.65,13.09,279.06,12.34
"2015-09-03",,10.7,13.1,,12.52
"2015-09-04",,10.55,13,276.91,12.26
"2015-09-07",5.6,10.55,12.94,276.19,12.25
"2015-09-08",5.79,10.87,13.43,285.82001,12.61
"2015-09-09",5.91,10.73,13.99,296.04001,12.94
"2015-09-10",5.86,10.81,13.75,289.72,12.78
"2015-09-11",5.85,10.86,13.74,286.5,12.73
"2015-09-14",5.67,10.81,13.73,285.64002,12.66
"2015-09-15",5.47,10.95,13.64,286.01999,12.71
"2015-09-16",5.79,11.01,13.97,293.04999,13.03
"2015-09-17",5.67,11.01,14,292.92999,13.02
"2015-09-18",5.72,10.89,14.15,293.03,13.08
"2015-09-21",5.87,10.94,14.03,294.04001,13.07
"2015-09-22",5.89,10.75,14.03,292.32999,12.9
"2015-09-23",5.77,10.74,13.67,285.89999,12.75
"2015-09-24",5.82,10.68,13.54,282.76001,12.53
"2015-09-25",5.71,10.65,13.55,285.35999,12.66
"2015-09-28",,10.33,13.37,,12.45
"2015-09-29",5.72,10.32,13.13,278.48001,12.37
"2015-09-30",5.78,10.56,13.33,283.47,12.57
"2015-10-01",,10.57,13.33,,12.59
"2015-10-02",,10.74,13.65,288.88,12.89
"2015-10-05",,10.92,14.05,296.98999,13.25
"2015-10-06",,10.88,14.05,296.54999,13.27
"2015-10-07",,10.95,14.59,304.98999,13.48
"2015-10-08",5.97,10.98,14.44,301.69,13.46
"2015-10-09",6.04,11.03,14.53,303.60999,13.56
"2015-10-12",6.25,11.06,14.8,306.45001,13.6
"2015-10-13",6.26,10.99,14.71,305.34,13.62
"2015-10-14",6.16,11.01,14.58,303.09,13.43
"2015-10-15",6.31,11.2,14.82,308.51999,13.73
"2015-10-16",6.37,11.26,14.93,311.67999,13.85
"2015-10-19",6.36,11.28,15.01,311.12,13.82
"2015-10-20",6.46,11.23,14.95,310.82999,13.83
"2015-10-21",,11.11,14.94,,13.78
"2015-10-22",6.33,11.39,14.85,311.07001,13.83
"2015-10-23",6.46,11.52,15.07,314.07999,14.02
"2015-10-26",6.54,11.49,15.09,314.20999,14
"2015-10-27",6.57,11.45,15.05,313.23001,13.94
"2015-10-28",6.46,11.62,14.83,311.13,13.91
"2015-10-29",6.47,11.49,14.8,306.62,13.75
"2015-10-30",6.51,11.53,14.68,305.07999,13.68
"2015-11-02",6.36,11.62,14.59,304.51999,13.68
"2015-11-03",6.33,11.62,14.66,305.38,13.78
"2015-11-04",6.64,11.69,15.04,311.95999,14.01
"2015-11-05",6.69,11.66,15.05,313.56,14.06
"2015-11-06",6.85,11.71,14.97,312.07001,14.07
"2015-11-09",6.91,11.58,14.9,309.20001,13.9
"2015-11-10",6.91,11.54,14.65,304.97,13.75
"2015-11-11",6.95,11.57,14.62,304.04999,13.74
"2015-11-12",6.89,11.47,14.83,307.63,13.95
"2015-11-13",6.77,11.28,14.48,300.72,13.67
"2015-11-16",6.85,11.41,14.26,298.42001,13.54
"2015-11-17",6.79,11.43,14.48,300.04001,13.71
"2015-11-18",6.74,11.57,14.43,301.54999,13.64
"2015-11-19",6.89,11.6,14.64,304.76001,13.78
"2015-11-20",6.9,11.66,14.78,309.64999,13.94
"2015-11-23",6.86,11.59,14.76,307.59,13.88
"2015-11-24",6.9,11.63,14.66,305.22,13.8
"2015-11-25",6.97,11.66,14.7,306.35999,13.84
"2015-11-26",6.91,11.66,14.67,305.82999,13.85
"2015-11-27",6.52,11.7,14.34,298.31,13.56
"2015-11-30",6.57,11.72,14.38,299.31,13.53
"2015-12-01",6.64,11.84,14.64,304.19,13.76
"2015-12-02",6.82,11.77,14.82,306.26999,13.84
"2015-12-03",6.89,11.64,14.75,303.54999,13.79
"2015-12-04",6.81,11.82,14.62,303.79001,13.75
"2015-12-07",6.84,11.69,14.59,302.47,13.69
"2015-12-08",6.77,11.7,14.39,296.79999,13.53
"2015-12-09",6.85,11.53,14.33,297.70001,13.51
"2015-12-10",6.79,11.56,14.2,295.38,13.45
"2015-12-11",6.7,11.28,13.76,287.45001,13.12
"2015-12-14",6.85,11.32,13.88,286.29999,13.08
"2015-12-15",6.88,11.43,14.2,289.39002,13.35
"2015-12-16",6.86,11.58,14.3,291.45999,13.43
"2015-12-17",7.02,11.43,14.46,292.98001,13.5
"2015-12-18",7.01,11.28,14.33,291.60001,13.46
"2015-12-21",7.19,11.37,14.43,293.95001,13.53
"2015-12-22",7.22,11.44,14.43,293.06,13.54
"2015-12-23",7.19,11.52,14.58,297.22,13.72
"2015-12-24",,11.54,,296.07001,13.72
"2015-12-28",6.95,11.53,14.46,291.69,13.5
"2015-12-29",7.01,11.67,14.49,294.5,13.65
"2015-12-30",7.02,11.57,14.39,289.81,13.5
"2015-12-31",6.94,11.45,14.37,289.92999,13.53
"2016-01-04",6.4,11.22,13.92,278.70001,12.98
"2016-01-05",6.43,11.18,13.88,278.29999,13.01
"2016-01-06",6.48,11.02,13.85,276.85999,12.91
"2016-01-07",5.96,10.72,13.3,265.54999,12.47
"2016-01-08",6.09,10.6,13.41,265.37,12.36
"2016-01-11",5.78,10.61,12.96,256.89999,12.02
"2016-01-12",5.87,10.73,13.02,257.85001,12.08
"2016-01-13",5.77,10.38,12.95,255.28,12.07
"2016-01-14",5.91,10.55,12.62,253.35001,11.99
"2016-01-15",5.72,10.22,12.38,246.76,11.58
"2016-01-18",5.78,10.22,12.37,246.84,11.7
"2016-01-19",5.96,10.2,12.75,252.36,11.93
"2016-01-20",5.84,10.17,12.16,244.67999,11.46
"2016-01-21",5.67,10.21,11.97,241.82001,11.53
"2016-01-22",5.73,10.48,12.51,250.49001,11.81
"2016-01-25",5.8,10.33,12.61,252.67999,11.88
"2016-01-26",5.46,10.42,12.19,249.03,11.79
"2016-01-27",5.46,10.19,12.34,249.42999,11.77
"2016-01-28",5.35,10.19,12.35,249.51,11.74
"2016-01-29",5.44,10.46,12.64,255.36999,11.96
"2016-02-01",5.41,10.5,12.54,253.86,11.94
"2016-02-02",5.55,10.17,12.44,250.42999,11.83
"2016-02-03",5.56,10.12,12.16,246.2,11.57
"2016-02-04",5.64,10.21,12.33,248,11.69
"2016-02-05",5.57,9.62,,246.89999,11.62
"2016-02-08",,9.25,,,11.41
"2016-02-09",,9.23,,,11.36
"2016-02-10",,9.31,,,11.45
"2016-02-11",,9.28,11.84,237.66,11.12
"2016-02-12",,9.45,11.69,237,11.28
"2016-02-15",5.64,9.45,12.1,244.01,11.59
"2016-02-16",5.8,9.69,12.41,247.51,11.65
"2016-02-17",5.81,9.97,12.43,250.52,11.84
"2016-02-18",5.77,9.87,12.68,252.89999,11.9
"2016-02-19",5.76,9.98,12.61,252.3,11.92
"2016-02-22",5.91,10.14,12.76,258.60001,12.15
"2016-02-23",5.85,9.98,12.69,254.64,11.96
"2016-02-24",5.86,10.07,12.32,249.99001,11.76
"2016-02-25",5.45,10.22,12.2,247.09,11.7
"2016-02-26",5.5,10.29,12.5,251.98,11.9
"2016-02-29",5.33,10.24,12.34,251.51,11.88
"2016-03-01",5.45,10.56,12.59,255.92999,12.04
"2016-03-02",5.72,10.58,13,261.07999,12.22
"2016-03-03",5.72,10.62,13.01,261.07999,12.21
"2016-03-04",5.71,10.65,13.26,264.79999,12.45
"2016-03-07",5.75,10.62,13.32,264.85999,12.41
"2016-03-08",5.77,10.45,13.24,261.84,12.24
"2016-03-09",5.68,10.55,13.1,262.04001,12.27
"2016-03-10",5.58,10.53,13.12,262.51001,12.17
"2016-03-11",5.6,10.76,13.31,265.94,12.45
"2016-03-14",5.75,10.74,13.52,268.04999,12.57
"2016-03-15",5.72,10.7,13.28,266.42999,12.44
"2016-03-16",5.69,10.81,13.26,266.5,12.41
"2016-03-17",5.86,10.85,13.49,271.66,12.65
"2016-03-18",5.99,10.92,13.7,275.64999,12.94
"2016-03-21",6.11,10.95,13.78,275.64002,12.96
"2016-03-22",6.06,10.97,13.78,275.13,12.91
"2016-03-23",6.06,10.86,13.71,273.06,12.8
"2016-03-24",5.97,10.87,13.5,270.14002,12.64
"2016-03-25",,,,,12.7
"2016-03-28",,10.86,,,12.68
"2016-03-29",5.89,11.04,13.5,270.57999,12.73
"2016-03-30",6.11,11.13,13.83,276.87,13.08
"2016-03-31",6.13,11.13,13.86,278.17999,13.16
"2016-04-01",6.11,11.21,13.71,274.04001,12.95
"2016-04-04",,11.16,13.72,,12.96
"2016-04-05",6.21,11.01,13.57,270.79999,12.8
"2016-04-06",6.22,11.15,13.63,272.57999,12.91
"2016-04-07",6.13,10.98,13.67,272.5,12.84
"2016-04-08",6.06,11,13.71,274.01999,12.92
"2016-04-11",6.16,10.94,13.89,275.88,13.02
"2016-04-12",6.14,10.95,13.92,277.84,13.05
"2016-04-13",6.2,11.18,14.36,285.35001,13.39
"2016-04-14",6.22,11.14,14.4,286.39999,13.47
"2016-04-15",6.21,11.12,14.39,285.03,13.42
"2016-04-18",6.14,11.18,14.25,283.5,13.4
"2016-04-19",6.16,11.11,14.35,285.60999,13.48
"2016-04-20",5.99,11.17,14.16,282.72,13.38
"2016-04-21",5.94,11.16,14.33,284.07001,13.42
"2016-04-22",6,11.1,14.21,282.56,13.3
"2016-04-25",5.96,11.07,14.04,279.10999,13.21
"2016-04-26",6,11.11,14.06,280.26999,13.22
"2016-04-27",5.99,11.14,13.99,279.39999,13.15
"2016-04-28",6,10.99,14.03,280.54999,13.23
"2016-04-29",6,10.93,13.92,276.23999,13
"2016-05-02",,11.01,13.89,,13
"2016-05-03",6.15,10.87,13.64,271.29999,12.84
"2016-05-04",6.11,10.8,13.55,270.01999,12.79
"2016-05-05",,10.77,,,12.82
"2016-05-06",5.96,10.83,13.32,264.95999,12.63
"2016-05-09",5.84,10.84,13.26,264.47,12.58
"2016-05-10",5.87,10.99,13.28,265.14002,12.66
"2016-05-11",6.63,10.95,13.26,264.89002,12.67
"2016-05-12",6.63,10.87,13.18,263.5,12.56
"2016-05-13",6.59,10.82,13.02,261.32999,12.55
"2016-05-16",,10.96,,,12.67
"2016-05-17",6.63,10.86,13.31,265.98001,12.69
"2016-05-18",6.52,10.93,13.1,263.92001,12.59
"2016-05-19",6.52,10.88,12.95,260.29001,12.41
"2016-05-20",6.55,11.04,13.04,264.37,12.57
"2016-05-23",6.6,11.06,13.05,264.45001,12.56
"2016-05-24",6.54,11.3,13.07,267.01999,12.67
"2016-05-25",6.5,11.33,13.33,270.26001,12.78
"2016-05-26",6.52,11.35,13.32,270.32999,12.76
"2016-05-27",6.55,11.39,13.49,274.28,12.92
"2016-05-30",6.55,11.39,13.55,275.31,12.97
"2016-05-31",6.75,11.43,13.67,277.29999,13.1
"2016-06-01",6.76,11.5,13.67,275.29999,13.05
"2016-06-02",6.78,11.57,13.69,276.39002,13.07
"2016-06-03",6.83,11.52,13.76,276.95999,13.07
"2016-06-06",6.84,11.57,13.83,280.07001,13.2
"2016-06-07",6.85,11.59,14.05,282.35999,13.3
"2016-06-08",6.81,11.61,13.98,281.78,13.18
"2016-06-09",,11.57,13.96,,13.12
"2016-06-10",,11.39,13.72,276.14999,12.96
"2016-06-13",6.57,11.37,13.42,271.75,12.7
"2016-06-14",6.6,11.38,13.43,271.34,12.59
"2016-06-15",6.74,11.37,13.49,273.37,12.74
"2016-06-16",6.69,11.37,13.29,268.23001,12.53
"2016-06-17",6.72,11.28,13.38,269.92001,12.56
"2016-06-20",6.76,11.39,13.58,273.82001,12.78
"2016-06-21",6.72,11.44,13.67,274.81,12.78
"2016-06-22",6.78,11.37,13.83,278.59,12.93
"2016-06-23",,11.57,,,12.96
"2016-06-24",6.64,11.06,13.52,273.22,12.65
"2016-06-27",6.74,10.68,13.55,269.60001,12.42
"2016-06-28",6.77,10.91,13.58,272.82001,12.58
"2016-06-29",6.76,11.14,13.76,277.47,12.83
"2016-06-30",6.77,11.26,13.94,281.20001,12.96
"2016-07-01",,11.26,13.98,,13.07
"2016-07-04",6.86,11.26,14.1,284.59,13.09
"2016-07-05",6.86,11.15,13.93,281.38,12.96
"2016-07-06",6.84,11.17,13.75,278.29999,12.83
"2016-07-07",6.84,11.21,13.94,282.25,12.92
"2016-07-08",6.83,11.45,13.87,281.69,12.98
"2016-07-11",6.82,11.55,14.08,285.92999,13.11
"2016-07-12",6.97,11.65,14.34,289.82001,13.38
"2016-07-13",7,11.64,14.33,289.89999,13.33
"2016-07-14",6.97,11.68,14.45,292.82999,13.45
"2016-07-15",6.99,11.64,14.52,294.16,13.52
"2016-07-18",6.95,11.78,14.55,294.53,13.6
"2016-07-19",6.93,11.78,14.48,292.95999,13.53
"2016-07-20",6.9,11.92,14.59,295.14999,13.62
"2016-07-21",6.92,11.82,14.68,296.54001,13.65
"2016-07-22",6.86,11.91,14.65,295.82999,13.61
"2016-07-25",6.87,11.91,14.64,295.42999,13.57
"2016-07-26",6.98,12.03,14.7,298.70001,13.78
"2016-07-27",6.83,12.06,14.73,298,13.75
"2016-07-28",6.86,12.1,14.7,297.76001,13.76
"2016-07-29",6.82,12.03,14.52,294.17001,13.63
"2016-08-01",6.79,12.06,14.72,296.17001,13.72
"2016-08-02",6.81,11.92,14.71,295.70999,13.6
"2016-08-03",6.84,11.96,14.53,293.26001,13.56
"2016-08-04",6.85,12.03,14.61,293.57001,13.6
"2016-08-05",6.83,12.18,14.78,298.28,13.8
"2016-08-08",6.87,12.15,14.97,300.70999,13.87
"2016-08-09",6.93,12.19,15,301.69,13.96
"2016-08-10",6.91,12.13,15.03,301.5,13.95
"2016-08-11",6.87,12.21,15.22,305.06,14.12
"2016-08-12",6.98,12.23,15.4,308.72,14.23
"2016-08-15",,12.3,,,14.41
"2016-08-16",7.17,12.21,15.68,311.84,14.33
"2016-08-17",7.17,12.19,15.66,311.20001,14.34
"2016-08-18",7.13,12.23,15.74,313.54001,14.44
"2016-08-19",7.08,12.28,15.65,312.23001,14.35
"2016-08-22",7.02,12.28,15.59,311.47,14.28
"2016-08-23",7.06,12.37,15.66,312.16,14.31
"2016-08-24",7.05,12.28,15.52,308.85999,14.19
"2016-08-25",7,12.33,15.44,308.60999,14.17
"2016-08-26",6.99,12.36,15.5,310.76999,14.32
"2016-08-29",6.98,12.37,15.48,310.35999,14.27
"2016-08-30",6.99,12.36,15.71,312,14.32
"2016-08-31",6.98,12.32,15.57,310.23999,14.2
"2016-09-01",6.92,12.4,15.62,311.60001,14.31
"2016-09-02",6.91,12.48,15.76,315.70001,14.5
"2016-09-05",6.92,12.48,15.96,317.51001,14.62
"2016-09-06",7,12.56,16.17,322.79001,14.8
"2016-09-07",7.01,12.55,16.26,321.32999,14.82
"2016-09-08",7.01,12.47,16.32,321.57999,14.94
"2016-09-09",6.95,12.14,16.32,318.89999,14.81
"2016-09-12",6.83,12.31,15.76,314.81,14.68
"2016-09-13",6.84,12.17,15.81,311.92999,14.48
"2016-09-14",6.82,12.22,15.81,313.04001,14.64
"2016-09-15",,12.4,15.92,316.78,14.84
"2016-09-16",,12.36,15.97,,14.8
"2016-09-19",6.86,12.36,16.17,319.13,14.84
"2016-09-20",6.85,12.33,16.110001,318.34,14.76
"2016-09-21",6.86,12.5,16.290001,321.79999,14.89
"2016-09-22",6.93,12.6,16.440001,325.79999,15.07
"2016-09-23",6.89,12.49,16.35,321.76999,15
"2016-09-26",6.78,12.41,16.049999,315.66,14.71
"2016-09-27",6.83,12.56,16.200001,319.28,14.85
"2016-09-28",6.82,12.63,16.190001,319.57001,14.83
"2016-09-29",6.86,12.62,16.27,319.60999,14.89
"2016-09-30",6.88,12.69,16.049999,316.66,14.83
"2016-10-03",,12.67,16.110001,317.37,14.84
"2016-10-04",,12.65,16.219999,320.03,14.95
"2016-10-05",,12.68,16.299999,321.95999,15.05
"2016-10-06",,12.7,16.43,322.64999,15.08
"2016-10-07",,12.65,16.379999,321.32999,15.01
"2016-10-10",,12.72,16.4,,15.16
"2016-10-11",6.95,12.48,16.18,317.57001,14.91
"2016-10-12",6.95,12.44,16,316.12,14.89
"2016-10-13",6.94,12.36,15.7,310.81,14.69
"2016-10-14",6.91,12.42,15.89,314.58,14.77
"2016-10-17",6.84,12.36,15.77,311.8,14.64
"2016-10-18",6.93,12.48,16.03,315.9,14.85
"2016-10-19",6.92,12.54,15.96,315.78,14.85
"2016-10-20",6.93,12.52,15.98,315.99,14.81
"2016-10-21",,12.61,15.97,316.21,14.79
"2016-10-24",6.96,12.75,16.17,319.47,14.88
"2016-10-25",6.95,12.67,16.13,318.73,14.88
"2016-10-26",6.93,12.6,15.95,314.46,14.82
"2016-10-27",6.91,12.53,15.85,313.22,14.63
"2016-10-28",6.91,12.54,15.7,312.09,14.6
"2016-10-31",6.92,12.56,15.66,308.79,14.45
"2016-11-01",,12.48,,,14.42
"2016-11-02",6.92,12.29,15.5,304.78,14.29
"2016-11-03",6.95,12.22,15.44,303.99,14.25
"2016-11-04",6.91,12.19,15.47,303.2,14.18
"2016-11-07",6.89,12.46,15.67,307.75,14.45
"2016-11-08",6.93,12.51,15.71,308.11,14.49
"2016-11-09",6.88,12.45,15.72,306.31,14.45
"2016-11-10",6.93,12.22,15.56,302.71,14.21
"2016-11-11",6.93,12.29,15.32,297.79,14
"2016-11-14",6.9,12.17,15.19,293.25,13.83
"2016-11-15",6.89,12.32,15.28,295.85,14.01
"2016-11-16",6.88,12.41,15.27,296.28,14.05
"2016-11-17",6.88,12.56,15.29,297.81,14.16
"2016-11-18",6.82,12.54,15.32,297.22,14.14
"2016-11-21",6.83,12.65,15.37,299.06,14.27
"2016-11-22",6.85,12.65,15.55,301.99,14.28
"2016-11-23",6.86,12.62,15.48,301.12,14.27
"2016-11-24",6.86,12.62,15.49,302.04,14.31
"2016-11-25",6.93,12.67,15.63,304.51,14.39
"2016-11-28",6.94,12.59,15.7,306.84,14.5
"2016-11-29",6.99,12.6,15.6,305.73,14.52
"2016-11-30",6.95,12.44,15.6,305.52,14.52
"2016-12-01",6.98,12.04,15.64,304.1,14.43
"2016-12-02",6.92,12.05,15.49,301.67,14.23
"2016-12-05",6.84,12.23,15.38,300.66,14.23
"2016-12-06",6.84,12.26,15.49,300.75,14.24
"2016-12-07",6.85,12.44,15.48,301.66,14.29
"2016-12-08",6.84,12.48,15.59,303.48,14.35
"2016-12-09",6.83,12.49,15.52,302.67,14.2
"2016-12-12",6.64,12.4,15.29,297.34,13.93
"2016-12-13",6.66,12.52,15.41,299.2,14.08
"2016-12-14",6.59,12.46,15.39,297.61,13.96
"2016-12-15",6.48,12.5,15.09,291.73,13.73
"2016-12-16",6.5,12.41,15.05,290.42,13.65
"2016-12-19",6.48,12.44,14.92,288.1,13.55
"2016-12-20",6.44,12.5,14.84,287.57,13.53
"2016-12-21",6.5,12.44,14.96,287.61,13.58
"2016-12-22",6.5,12.33,14.78,283.65,13.41
"2016-12-23",6.43,12.38,14.77,283.62,13.37
"2016-12-26",,,,,13.39
"2016-12-27",,12.45,14.77,,13.44
"2016-12-28",6.46,12.34,14.92,286.54,13.45
"2016-12-29",6.46,12.35,14.98,288.24,13.5
"2016-12-30",6.49,12.25,15.11,288.9,13.57
"2017-01-02",,12.25,15.11,,13.6
"2017-01-03",6.54,12.38,15.16,291.95001,13.64
"2017-01-04",6.61,12.51,15.21,292.73001,13.75
"2017-01-05",6.66,12.55,15.47,298.78,13.96
"2017-01-06",6.57,12.68,15.5,298.92001,13.95
"2017-01-09",6.57,12.71,15.5,299.10999,14
"2017-01-10",6.57,12.72,15.63,302.32999,14.21
"2017-01-11",6.51,12.84,15.75,304.60999,14.16
"2017-01-12",6.49,12.82,15.68,301.82001,14.05
"2017-01-13",6.48,12.91,15.74,304.57001,14.2
"2017-01-16",6.45,12.91,15.58,301.79001,14.06
"2017-01-17",6.52,12.82,15.67,302.89999,14.15
"2017-01-18",6.58,12.91,15.85,305.51001,14.21
"2017-01-19",6.54,12.89,15.84,306.04001,14.22
"2017-01-20",6.62,12.95,15.75,304.73001,14.2
"2017-01-23",6.66,12.98,15.8,305.85999,14.21
"2017-01-24",6.66,13.11,16,308.34,14.3
"2017-01-25",6.67,13.27,16.04,309.88,14.4
"2017-01-26",6.69,13.24,16.18,311.67999,14.43
"2017-01-27",,13.29,,310.39002,14.39
"2017-01-30",,13.22,,,14.29
"2017-01-31",,13.15,,2551.84,14.3
"2017-02-01",,13.2,16.06,310.51,14.32
"2017-02-02",,13.21,15.98,309.33,14.31
"2017-02-03",6.66,13.31,15.98,309.03,14.36
"2017-02-06",6.67,13.29,16.2,311.76,14.53
"2017-02-07",6.65,13.32,16.19,312.34,14.54
"2017-02-08",6.69,13.36,16.33,314.36,14.61
"2017-02-09",6.73,13.45,16.43,317.41,14.71
"2017-02-10",6.73,13.45,16.51,317.41,14.71
"2017-02-13",6.79,13.5,16.72,321.18,14.82
"2017-02-14",6.79,13.5,16.67,319.53,14.79
"2017-02-15",6.76,13.59,16.82,322.66,14.85
"2017-02-16",6.81,13.56,16.89,324.73,14.89
"2017-02-17",6.76,13.62,16.7,322.89,14.84
"2017-02-20",6.86,13.62,16.83,324.92,14.89
"2017-02-21",6.88,13.71,16.78,325.08,14.89
"2017-02-22",6.91,13.73,17.07,328.91,15.01
"2017-02-23",6.88,13.69,17.06,328.29,14.92
"2017-02-24",6.88,13.7,16.84,324.15,14.84
"2017-02-27",6.84,13.7,16.75,322.83,14.85
"2017-02-28",6.85,13.59,16.7,321.61,14.78
"2017-03-01",6.86,13.73,16.77,323.69,14.94
"2017-03-02",6.82,13.61,16.72,320.62,14.82
"2017-03-03",6.81,13.64,16.54,319.2,14.78
"2017-03-06",6.91,13.6,16.6,319.72,14.78
"2017-03-07",6.93,13.61,16.7,320.65,14.85
"2017-03-08",6.91,13.63,16.82,322.7,14.94
"2017-03-09",6.84,13.64,16.57,318.25,14.82
"2017-03-10",6.86,13.72,16.56,319.53,14.85
"2017-03-13",6.96,13.84,16.87,324.64,15
"2017-03-14",6.94,13.79,16.87,323.73,14.97
"2017-03-15",6.96,13.87,16.79,324.22,15.02
"2017-03-16",7,13.91,17.2,330.63,15.28
"2017-03-17",6.91,13.93,17.23,331.67,15.37
"2017-03-20",6.91,13.94,17.37,335.51,15.53
"2017-03-21",6.96,13.69,17.38,333.63,15.38
"2017-03-22",6.95,13.76,17.07,332.26,15.38
"2017-03-23",6.97,13.74,17.13,332.87,15.45
"2017-03-24",7.03,13.78,17.13,333.81,15.46
"2017-03-27",7,13.78,16.88,330.46,15.38
"2017-03-28",6.96,13.85,17.04,331.28,15.48
"2017-03-29",6.95,13.9,17.08,332.66,15.46
"2017-03-30",6.86,13.9,16.94,330.75,15.45
"2017-03-31",6.92,13.91,16.81,329.11,15.42
"2017-04-03",,13.86,16.98,330.61,15.45
"2017-04-04",,13.82,16.95,,15.47
"2017-04-05",7.04,13.79,17.09,333.21,15.63
"2017-04-06",7.05,13.83,16.98,331.74,15.56
"2017-04-07",7.08,13.85,16.97,331.4,15.52
"2017-04-10",7.05,13.85,17.02,331.54,15.49
"2017-04-11",7.04,13.81,16.92,328.04,15.32
"2017-04-12",7.07,13.76,17.01,329.59,15.39
"2017-04-13",7.1,13.71,17,330.69,15.46
"2017-04-14",,,,,15.35
"2017-04-17",,13.85,,,15.42
"2017-04-18",7.02,13.86,16.79,327.83,15.3
"2017-04-19",7.02,13.92,16.79,327.43,15.31
"2017-04-20",7.08,14.06,16.9,330.37,15.49
"2017-04-21",7.08,14.03,16.91,330.46,15.44
"2017-04-24",7.02,14.21,16.94,331.97,15.5
"2017-04-25",7.08,14.3,17.17,337.44,15.76
"2017-04-26",7.09,14.26,17.2,337.26,15.82
"2017-04-27",7.06,14.4,17.15,337.26,15.86
"2017-04-28",7.04,14.35,17.15,335.86,15.77
"2017-05-01",,14.48,,,15.84
"2017-05-02",7.01,14.48,17.16,336.87,15.89
"2017-05-03",,14.4,17.14,,15.82
"2017-05-04",6.99,14.45,16.97,333.73,15.77
"2017-05-05",6.93,14.5,16.8,331.83,15.66
"2017-05-08",6.83,14.48,16.89,333.35,15.69
"2017-05-09",6.85,14.51,17.13,337.8,15.95
"2017-05-10",6.85,14.59,17.21,339.79,16.05
"2017-05-11",6.9,14.58,17.28,339.59,16.04
"2017-05-12",6.93,14.63,17.3,341.79,16.15
"2017-05-15",7.02,14.77,17.49,344.68,16.3
"2017-05-16",7.16,14.87,17.56,347.75,16.45
"2017-05-17",7.09,14.48,17.49,343.26,16.26
"2017-05-18",7.06,14.58,17.28,341.99,16.14
"2017-05-19",7.06,14.72,17.55,345.85,16.41
"2017-05-22",7.09,14.9,17.71,350.41,16.61
"2017-05-23",7.1,14.9,17.66,349.13,16.6
"2017-05-24",7.07,15,17.63,349.03,16.53
"2017-05-25",,15.14,,,16.71
"2017-05-26",7.1,15.16,17.84,352.23,16.68
"2017-05-29",,15.16,17.88,352,16.71
"2017-05-30",,15.17,17.88,,16.65
"2017-05-31",7.17,15.15,17.74,349.18,16.64
"2017-06-01",7.2,15.25,17.8,353.2,16.77
"2017-06-02",7.15,15.37,17.84,354.07,16.83
"2017-06-05",,15.39,,,16.8
"2017-06-06",7.25,15.39,17.81,355.01,16.89
"2017-06-07",7.36,15.43,17.84,357.39,17
"2017-06-08",7.41,15.56,18.11,363,17.23
"2017-06-09",7.43,15.1,18.11,361.24,17.3
"2017-06-12",7.38,15.01,17.74,356.25,16.99
"2017-06-13",7.42,15.14,17.89,357.75,17.04
"2017-06-14",7.33,15.08,17.9,357.72,17.02
"2017-06-15",7.33,15,17.6,352.53,16.7
"2017-06-16",7.31,15.01,17.7,352.88,16.74
"2017-06-19",7.38,15.24,17.92,359.41,17.07
"2017-06-20",7.38,15.11,17.89,357.84,17.02
"2017-06-21",7.49,15.24,17.84,360.69,17.11
"2017-06-22",7.49,15.29,17.95,361.02,17.21
"2017-06-23",,15.41,,,17.2
"2017-06-26",7.65,15.31,18.14,365.25,17.27
"2017-06-27",7.7,15.07,18.1,363.24,17.3
"2017-06-28",7.61,15.26,17.97,362.33,17.17
"2017-06-29",7.69,15,18.05,361.82,17.06
"2017-06-30",7.71,14.98,17.94,361.24,17.07
"2017-07-03",7.6,14.81,18.04,361.9,17.03
"2017-07-04",7.54,14.8,17.82,356.91,16.81
"2017-07-05",7.66,14.99,17.9,359.34,16.98
"2017-07-06",7.66,14.88,17.91,357.35,16.9
"2017-07-07",7.63,15.08,17.83,357.59,16.89
"2017-07-10",7.59,15.18,17.82,358.6,16.97
"2017-07-11",7.63,15.29,18.09,364.77,17.14
"2017-07-12",7.64,15.52,18.27,370.06,17.34
"2017-07-13",7.68,15.5,18.48,372.39,17.45
"2017-07-14",7.68,15.61,18.53,375.32,17.57
"2017-07-17",7.59,15.58,18.57,375.32,17.56
"2017-07-18",7.65,15.68,18.61,377.25,17.66
"2017-07-19",7.83,15.79,18.9,382.32,17.87
"2017-07-20",7.85,15.81,18.84,380.89,17.82
"2017-07-21",7.82,15.75,18.74,378.86,17.74
"2017-07-24",7.86,15.81,18.9,382.63,17.92
"2017-07-25",7.82,15.82,18.83,381.4,17.9
"2017-07-26",7.76,15.95,18.94,382.82,17.95
"2017-07-27",7.81,15.78,19.09,384.21,18.12
"2017-07-28",7.83,15.74,18.89,383.97,18.01
"2017-07-31",7.88,15.65,19.1,387.76,18.09
"2017-08-01",7.94,15.7,19.24,389.04,18.18
"2017-08-02",7.9,15.55,19.22,388.57,17.99
"2017-08-03",7.78,15.53,19.13,387.11,18
"2017-08-04",7.72,15.54,19.27,389.12,18.08
"2017-08-07",7.78,15.64,19.48,394.4,18.3
"2017-08-08",7.77,15.6,19.62,395.74,18.48
"2017-08-09",7.85,15.57,19.5,395.81,18.37
"2017-08-10",7.88,15.23,19.23,387.17,18.06
"2017-08-11",7.76,15.33,18.74,380.97,17.74
"2017-08-14",7.9,15.62,19.12,387.37,18.09
"2017-08-15",,15.63,,,18.02
"2017-08-16",7.89,15.75,19.3,391,18.28
"2017-08-17",7.9,15.5,19.33,389.51,18.28
"2017-08-18",7.87,15.53,19.12,387.23,18.25
"2017-08-21",7.92,15.56,19.34,390.56,18.35
"2017-08-22",7.94,15.78,19.51,396.3,18.62
"2017-08-23",,15.76,19.63,396.57,18.69
"2017-08-24",7.93,15.76,19.64,397.93,18.59
"2017-08-25",8.01,15.73,19.89,400.68,18.61
"2017-08-28",8.21,15.73,19.77,398.43,18.49
"2017-08-29",8.25,15.76,19.68,398.37,18.47
"2017-08-30",8.29,15.97,19.87,401.28,18.6
"2017-08-31",8.28,16.1,19.83,401.03,18.69
"2017-09-01",8.36,16.1,19.77,402.08,18.83
"2017-09-04",8.48,16.09,19.65,400.93,18.78
"2017-09-05",8.47,16,19.72,400.27,18.74
"2017-09-06",8.46,15.96,19.65,399.81,18.69
"2017-09-07",8.51,16.09,19.62,401.36,18.79
"2017-09-08",8.55,16,19.76,401.04,18.77
"2017-09-11",8.48,16.25,19.9,404.9,18.93
"2017-09-12",8.46,16.25,19.99,407.65,19.02
"2017-09-13",8.49,16.25,19.97,409.28,19.13
"2017-09-14",8.41,16.22,19.93,406.4,19.08
"2017-09-15",8.45,16.21,19.94,405.99,19.09
"2017-09-18",8.46,16.32,20.11,411.98,19.38
"2017-09-19",8.38,16.35,20.09,410.51,19.28
"2017-09-20",8.43,16.23,20.17,412.17,19.33
"2017-09-21",8.37,16.16,20.13,412.16,19.3
"2017-09-22",8.39,16.2,19.98,409.22,19.17
"2017-09-25",8.29,15.9,19.58,399.1,18.75
"2017-09-26",8.28,15.85,19.54,397.75,18.72
"2017-09-27",8.33,16.1,19.65,401.75,18.86
"2017-09-28",8.36,16.13,19.42,397.92,18.79
"2017-09-29",8.41,16.27,19.56,401.51,18.97
"2017-10-02",,16.3,19.64,,19.05
"2017-10-03",,16.36,20.13,412.24,19.29
"2017-10-04",,16.41,20.17,413.43,19.35
"2017-10-05",,16.51,20.13,,19.4
"2017-10-06",,16.59,20.23,415.47,19.39
"2017-10-09",8.5,16.59,20.18,415.7,19.42
"2017-10-10",8.52,16.61,20.36,418.17,19.55
"2017-10-11",8.59,16.69,20.35,417.76,19.48
"2017-10-12",8.65,16.72,20.36,418.21,19.53
"2017-10-13",8.72,16.75,20.36,419.05,19.59
"2017-10-16",8.7,16.75,20.47,422.66,19.64
"2017-10-17",8.67,16.73,20.46,419.44,19.6
"2017-10-18",8.76,16.77,20.52,421.74,19.7
"2017-10-19",8.73,16.77,20.14,414.5,19.46
"2017-10-20",8.72,16.9,20.46,419.51,19.62
"2017-10-23",8.73,16.81,20.33,417.45,19.58
"2017-10-24",8.81,16.87,20.25,415.4,19.5
"2017-10-25",8.89,16.8,20.41,416.59,19.31
"2017-10-26",8.93,16.84,20.25,414.16,19.4
"2017-10-27",8.99,17.12,20.32,415.5,19.47
"2017-10-30",9.01,17.15,20.32,415.69,19.36
"2017-10-31",9.09,17.27,20.36,418.39,19.6
"2017-11-01",,17.23,,,19.89
"2017-11-02",9.08,17.26,20.59,420.23,19.82
"2017-11-03",9.07,17.32,20.56,421.23,19.91
"2017-11-06",9.2,17.44,20.59,427.98,20.12
"2017-11-07",9.26,17.4,20.82,430.35,20.21
"2017-11-08",9.22,17.46,20.79,429.68,20.29
"2017-11-09",9.34,17.27,20.91,431.39,20.31
"2017-11-10",9.48,17.33,20.93,433.24,20.47
"2017-11-13",9.54,17.33,20.91,433.36,20.64
"2017-11-14",9.4,17.33,20.73,430.26,20.44
"2017-11-15",9.31,17.2,20.42,425.83,20.3
"2017-11-16",9.43,17.44,20.64,434.77,20.71
"2017-11-17",9.34,17.42,20.79,437.57,20.8
"2017-11-20",9.48,17.52,20.8,438.85,20.94
"2017-11-21",9.69,17.68,21.17,450.67,21.39
"2017-11-22",9.64,17.62,21.29,448.53,21.23
"2017-11-23",9.26,17.61,21.1,441.1,20.94
"2017-11-24",9.23,17.73,21.13,443.42,21.05
"2017-11-27",9.05,17.63,21,436.08,20.73
"2017-11-28",9.14,17.68,20.9,437.67,20.77
"2017-11-29",9.17,17.12,20.78,432.64,20.31
"2017-11-30",9.02,17.22,20.45,424.31,20.15
"2017-12-01",9.07,17.1,20.31,420.93,19.93
"2017-12-04",9.13,16.66,20.43,422.28,20
"2017-12-05",9.1,16.68,20.22,418.17,19.88
"2017-12-06",9.09,16.81,19.8,409.95,19.55
"2017-12-07",8.93,17.01,19.89,412.15,19.7
"2017-12-08",9.06,17.07,20.18,419.77,20.02
"2017-12-11",9.29,17.17,20.4,427.6,20.34
"2017-12-12",9.18,17.06,20.21,422.15,20.13
"2017-12-13",9.26,17.11,20.48,428.31,20.34
"2017-12-14",9.23,17.12,20.4,426.22,20.22
"2017-12-15",9.11,17.31,20.14,421.97,20.15
"2017-12-18",9.13,17.42,20.27,425.41,20.32
"2017-12-19",9.27,17.33,20.41,425.75,20.42
"2017-12-20",9.31,17.28,20.27,425.8,20.39
"2017-12-21",9.49,17.23,20.55,432.79,20.71
"2017-12-22",9.45,17.22,20.63,435.36,20.72
"2017-12-26",,17.15,,,20.65
"2017-12-27",9.26,17.2,20.53,432.61,20.59
"2017-12-28",9.36,17.25,20.67,434.66,20.68
"2017-12-29",9.45,17.15,20.66,435.3,20.75
"2018-01-02",9.61,17.4,21.18,449.32,21.19
"2018-01-03",9.68,17.59,21.35,453.42,21.37
"2018-01-04",9.71,17.71,21.59,456.91,21.45
"2018-01-05",9.73,17.89,21.6,457.36,21.46
"2018-01-08",9.77,18,21.84,460.59,21.55
"2018-01-09",9.81,17.97,21.87,464.04,21.73
"2018-01-10",9.85,17.89,21.85,463.36,21.6
"2018-01-11",9.8,17.99,21.83,463.4,21.58
"2018-01-12",9.88,18.1,22.08,468.5,21.84
"2018-01-15",9.95,18.09,22,465.4,21.8
"2018-01-16",10.1,18.01,22.54,471.99,22.07
"2018-01-17",10,18.24,22.46,472.01,22.06
"2018-01-18",10.07,18.29,22.69,474.31,22.07
"2018-01-19",10.06,18.38,22.8,478.63,22.22
"2018-01-22",10.2,18.52,22.89,483.09,22.42
"2018-01-23",10.25,18.69,23.31,489.13,22.65
"2018-01-24",10.23,18.56,23.5,490.82,22.66
"2018-01-25",10.22,18.55,23.29,486.16,22.6
"2018-01-26",10.2,18.87,23.78,496.5,22.85
"2018-01-29",9.94,18.7,23.74,488.28,22.51
"2018-01-30",9.81,18.54,23.16,479.52,22.25
"2018-01-31",9.97,18.69,23.45,487.68,22.53
"2018-02-01",9.86,18.6,23.17,479.38,22.24
"2018-02-02",10.01,18.21,23.07,476.94,21.91
"2018-02-05",9.98,17.59,22.92,469.64,21.77
"2018-02-06",9.63,17.95,21.89,454.59,20.9
"2018-02-07",9.45,17.77,21.47,447.56,21.01
"2018-02-08",9.36,17.03,21.34,439.37,20.6
"2018-02-09",9.07,17.32,20.55,431.65,19.97
"2018-02-12",9.26,17.62,20.7,435.07,20.43
"2018-02-13",9.36,17.71,20.99,443.64,20.74
"2018-02-14",9.5,18.08,21.45,452.58,21.16
"2018-02-15",,18.39,,465,21.49
"2018-02-16",,18.39,,,21.63
"2018-02-19",,18.38,,,21.48
"2018-02-20",,18.47,21.81,461.59,21.56
"2018-02-21",,18.41,22.25,468.79,21.84
"2018-02-22",9.69,18.39,21.94,466.91,21.76
"2018-02-23",9.74,18.72,22.24,471.45,21.87
"2018-02-26",9.97,18.91,22.42,474.86,21.99
"2018-02-27",9.81,18.76,22.08,465.4,21.69
"2018-02-28",9.71,18.65,21.74,460.91,21.55
"2018-03-01",9.78,18.46,21.86,458.96,21.6
"2018-03-02",9.66,18.67,21.42,451.93,21.24
"2018-03-05",9.67,18.87,21.17,449.7,21.21
"2018-03-06",9.83,19.02,21.7,461.64,21.42
"2018-03-07",9.79,19.21,21.47,457.35,21.38
"2018-03-08",9.9,19.27,21.75,463.45,21.69
"2018-03-09",10.03,19.58,21.96,470.58,22.04
"2018-03-12",10.11,19.67,22.42,474.9,22.13
"2018-03-13",10.03,19.48,22.42,472.55,21.88
"2018-03-14",10,19.56,22.39,472.03,21.84
"2018-03-15",10.07,19.55,22.56,477.45,22.14
"2018-03-16",9.91,19.53,22.49,476.73,22.1
"2018-03-19",9.97,19.22,22.39,473.02,21.89
"2018-03-20",9.98,19.37,22.33,479.95,22.17
"2018-03-21",9.95,19.33,22.2,473.59,22.02
"2018-03-22",9.83,18.8,21.72,458.83,21.3
"2018-03-23",9.54,18.37,21.2,453.53,20.97
"2018-03-26",9.59,19.02,21.4,460.92,21.11
"2018-03-27",9.69,18.39,21.73,459.65,21.37
"2018-03-28",9.52,18.1,21.03,449.08,20.66
"2018-03-29",9.59,18.46,21.01,450.88,20.87
"2018-03-30",,,,,20.86
"2018-04-02",,17.97,,,20.64
"2018-04-03",9.56,18.11,21.02,449.56,20.78
"2018-04-04",9.46,18.3,20.55,444.35,20.62
"2018-04-05",,18.36,21.1,,20.95
"2018-04-06",,17.95,20.85,447.87,20.66
"2018-04-09",9.42,18.07,20.94,450.82,20.98
"2018-04-10",9.63,18.44,21.32,460.47,21.28
"2018-04-11",9.69,18.42,21.37,461.21,21.34
"2018-04-12",9.63,18.61,21.27,461.18,21.26
"2018-04-13",9.57,18.48,21.17,453.69,20.99
"2018-04-16",9.43,18.62,20.86,448.64,20.83
"2018-04-17",9.22,19.02,20.69,445.6,20.77
"2018-04-18",9.22,19.06,20.81,447.74,20.79
"2018-04-19",9.38,18.87,21.22,453.03,20.91
"2018-04-20",9.25,18.66,20.9,446.88,20.7
"2018-04-23",9.16,18.52,20.79,442.42,20.69
"2018-04-24",9.37,18.19,21.05,448.24,20.77
"2018-04-25",9.35,18.1,20.67,441,20.52
"2018-04-26",9.04,18.49,20.68,439.28,20.5
"2018-04-27",9.13,18.48,20.92,441.64,20.62
"2018-04-30",,18.44,21.24,446.89,20.81
"2018-05-01",,18.6,,,20.68
"2018-05-02",9.18,18.58,21.14,445.55,20.82
"2018-05-03",9.28,18.65,20.92,442.46,20.5
"2018-05-04",9.24,18.95,20.76,443.46,20.74
"2018-05-07",9.39,19.13,21.05,451.56,21
"2018-05-08",9.51,19.21,21.2,456.43,21.18
"2018-05-09",9.51,19.46,21.33,456.87,21.19
"2018-05-10",,19.67,,,21.48
"2018-05-11",9.61,19.59,21.63,462.71,21.5
"2018-05-14",9.77,19.5,21.88,470.29,21.74
"2018-05-15",9.79,19.36,21.62,463.63,21.44
"2018-05-16",9.71,19.44,21.7,467.19,21.54
"2018-05-17",9.58,19.34,21.55,464.03,21.55
"2018-05-18",9.67,19.32,21.62,461.67,21.42
"2018-05-21",,19.41,,,21.51
"2018-05-22",,19.32,21.56,,21.6
"2018-05-23",9.59,19.46,21.25,458.35,21.43
"2018-05-24",9.49,19.46,21.33,457.17,21.39
"2018-05-25",9.47,19.5,21.25,459.31,21.41
"2018-05-28",9.54,19.49,21.32,463.93,21.57
"2018-05-29",9.41,19.42,21.15,458.4,21.35
"2018-05-30",9.24,19.58,20.85,454.26,21.23
"2018-05-31",9.49,19.57,21.04,461.41,21.49
"2018-06-01",9.34,19.89,21.12,465.51,21.62
"2018-06-04",9.48,20.06,21.55,473.85,21.96
"2018-06-05",9.65,20.16,21.67,475.27,22.1
"2018-06-06",9.69,20.26,21.68,476.94,22.29
"2018-06-07",9.66,19.95,21.87,477,22.22
"2018-06-08",9.57,19.99,21.54,472.71,22.06
"2018-06-11",9.54,20.01,21.62,473.22,22.09
"2018-06-12",9.72,20.19,21.66,477.09,22.31
"2018-06-13",9.63,20.16,21.47,471.51,22.13
"2018-06-14",9.59,20.3,21.29,469.77,22.04
"2018-06-15",9.48,20.25,21.16,464.12,21.83
"2018-06-18",,20.31,21.14,,21.76
"2018-06-19",9.11,20.14,20.48,452.05,21.26
"2018-06-20",9.15,20.24,20.62,456.15,21.44
"2018-06-21",9,20.05,20.41,449.19,21.16
"2018-06-22",9.1,19.88,20.34,450.33,21.22
"2018-06-25",8.96,19.37,19.93,439.57,20.61
"2018-06-26",8.88,19.48,19.73,438.1,20.63
"2018-06-27",8.6,19.12,19.34,428.7,20.28
"2018-06-28",8.46,19.36,19.22,424.81,20.1
"2018-06-29",8.72,19.39,19.7,434.1,20.53
"2018-07-02",,19.61,19.34,,20.27
"2018-07-03",8.42,19.38,19.41,428.05,20.15
"2018-07-04",8.34,19.37,19.15,421.64,19.9
"2018-07-05",8.26,19.64,19.03,420.84,19.74
"2018-07-06",8.29,19.87,19.13,425.44,20.06
"2018-07-09",8.61,20,19.62,435.18,20.45
"2018-07-10",8.66,20.03,19.61,433.31,20.36
"2018-07-11",8.53,19.93,19.3,427.56,20.08
"2018-07-12",8.73,20.25,19.48,434.42,20.31
"2018-07-13",8.79,20.2,19.44,434.85,20.36
"2018-07-16",8.8,20.14,19.37,434.13,20.3
"2018-07-17",8.79,20.29,19.19,431.45,20.24
"2018-07-18",8.66,20.31,19.24,431.05,20.16
"2018-07-19",8.61,20.19,19.09,427.12,19.95
"2018-07-20",8.73,20.19,19.23,428.61,20
"2018-07-23",8.74,20.22,19.27,426.23,19.87
"2018-07-24",8.81,20.12,19.67,430.42,20.08
"2018-07-25",8.91,20.44,19.72,436.12,20.26
"2018-07-26",8.74,20.28,19.66,431.42,20.15
"2018-07-27",8.64,19.91,19.66,428.87,20.01
"2018-07-30",8.56,19.46,19.49,423.78,19.69
"2018-07-31",8.53,19.57,19.37,421.85,19.66
"2018-08-01",8.42,19.68,19.17,417.93,19.47
"2018-08-02",8.21,19.9,18.77,411.03,19.04
"2018-08-03",7.94,19.88,18.72,408.75,18.96
"2018-08-06",7.83,20.06,18.64,405.53,18.79
"2018-08-07",8.11,20.16,18.9,411.06,19.09
"2018-08-08",7.93,20.2,18.88,408.84,18.93
"2018-08-09",8.2,20.25,19.03,413.34,19.23
"2018-08-10",8.18,20.06,18.87,409.81,19.09
"2018-08-13",8.15,20,18.56,406.67,18.82
"2018-08-14",8.06,20.08,18.38,399.24,18.53
"2018-08-15",,19.84,,,17.9
"2018-08-16",7.76,19.91,17.9,391.57,18.19
"2018-08-17",7.65,19.89,17.85,390.52,18.05
"2018-08-20",7.72,19.93,18.14,395.22,18.34
"2018-08-21",7.93,20.03,18.39,400.1,18.61
"2018-08-22",7.88,20.18,18.46,401.73,18.69
"2018-08-23",7.91,20.22,18.47,400.23,18.52
"2018-08-24",7.92,20.51,18.31,399.9,18.55
"2018-08-27",8.23,20.68,18.76,410.04,19
"2018-08-28",8.23,20.72,18.82,409.6,18.95
"2018-08-29",8.16,20.91,18.73,409.7,19.05
"2018-08-30",8.06,20.78,18.55,405.25,18.74
"2018-08-31",7.98,20.86,18.35,402.29,18.62
"2018-09-03",7.94,20.84,18.23,401.8,18.56
"2018-09-04",8.01,20.89,18.31,400.39,18.49
"2018-09-05",7.82,20.42,17.9,393.02,18.07
"2018-09-06",7.73,20.29,17.74,389.94,17.88
"2018-09-07",7.79,20.31,17.79,390.76,17.93
"2018-09-10",7.59,20.37,17.5,385.3,17.59
"2018-09-11",7.58,20.51,17.23,382.87,17.44
"2018-09-12",7.51,20.47,17.15,380.34,17.38
"2018-09-13",7.58,20.64,17.75,389.23,17.78
"2018-09-14",7.59,20.69,17.84,389.42,17.93
"2018-09-17",7.47,20.25,17.57,384.31,17.68
"2018-09-18",7.61,20.32,17.68,386.5,17.79
"2018-09-19",7.74,20.23,18.03,395.37,18.14
"2018-09-20",7.73,20.43,18.19,398.49,18.29
"2018-09-21",7.97,20.36,18.63,403.65,18.61
"2018-09-24",,20.42,18.25,397.87,18.25
"2018-09-25",,20.51,18.26,,18.26
"2018-09-26",8,20.44,18.46,402.85,18.46
"2018-09-27",7.94,20.52,18.32,402.71,18.41
"2018-09-28",8.03,20.52,18.48,402.68,18.43
"2018-10-01",,20.46,18.48,,18.45
"2018-10-02",,20.3,18.05,393.24,18
"2018-10-03",,20.38,18.15,393.37,18.02
"2018-10-04",,19.93,17.82,385.01,17.68
"2018-10-05",,19.69,17.65,382.6,17.56
"2018-10-08",7.59,19.32,17.22,375.23,17.22
"2018-10-09",7.57,19.25,17.22,373.67,17.26
"2018-10-10",7.54,18.34,17.09,366.79,16.93
"2018-10-11",7.2,18.15,16.58,363.64,16.59
"2018-10-12",7.34,18.73,16.89,368.59,16.98
"2018-10-15",7.24,18.48,16.64,364.9,16.81
"2018-10-16",7.15,19.11,16.68,368.1,16.92
"2018-10-17",,19.08,16.68,,16.86
"2018-10-18",6.95,18.63,16.48,361.06,16.55
"2018-10-19",7.15,18.46,16.66,364.95,16.73
"2018-10-22",7.51,18.61,17.09,371.28,17.19
"2018-10-23",7.28,18.53,16.57,362.22,16.64
"2018-10-24",7.24,17.68,16.57,359.11,16.47
"2018-10-25",7.24,18.22,16.45,358.61,16.49
"2018-10-26",7.12,17.77,16.27,354.97,16.18
"2018-10-29",6.88,17.37,16.08,349.94,15.91
"2018-10-30",6.97,17.71,15.95,347.7,15.77
"2018-10-31",7.1,18.24,16.44,357.89,16.27
"2018-11-01",,18.68,,,16.83
"2018-11-02",7.54,18.47,17.42,376.3,17.15
"2018-11-05",7.42,18.31,17.14,373.13,17
"2018-11-06",7.39,18.33,17.27,374.93,17.09
"2018-11-07",7.35,19,17.26,376.97,17.26
"2018-11-08",7.32,18.88,17.29,375.17,16.97
"2018-11-09",7.2,18.51,16.79,364.47,16.5
"2018-11-12",7.28,17.91,16.73,362.26,16.35
"2018-11-13",7.32,18,16.86,366.63,16.84
"2018-11-14",7.24,17.92,16.88,369.23,16.84
"2018-11-15",7.34,18.38,17.12,371.66,17.07
"2018-11-16",7.37,18.23,17.2,372.09,17.05
"2018-11-19",7.45,17.36,17.2,370.11,17.01
"2018-11-20",7.26,17.21,16.84,361.08,16.59
"2018-11-21",7.29,17.46,16.99,368.01,16.89
"2018-11-22",7.25,17.46,16.93,366.95,16.8
"2018-11-23",7.1,17.42,16.8,364.41,16.69
"2018-11-26",7.09,17.92,17.05,371.45,17
"2018-11-27",7.08,17.86,17.04,369.29,16.96
"2018-11-28",7.19,18.56,17.29,375.55,17.1
"2018-11-29",7.11,18.5,17.21,373.53,17.02
"2018-11-30",7.18,18.82,17.28,375.88,17.12
"2018-12-03",7.49,19.19,17.83,384.73,17.67
"2018-12-04",7.56,18.44,17.86,385.43,17.64
"2018-12-05",7.49,18.45,17.58,382.05,17.46
"2018-12-06",7.29,18.58,17.07,370.19,16.87
"2018-12-07",7.28,18,17.14,372.63,16.95
"2018-12-10",7.19,18.17,16.84,365.39,16.56
"2018-12-11",7.24,18.18,16.92,370.35,16.88
"2018-12-12",7.31,18.41,17.11,374.38,17.14
"2018-12-13",7.45,18.34,17.29,376.06,17.13
"2018-12-14",7.27,17.95,16.98,371.4,16.89
"2018-12-17",7.25,17.4,16.86,365.26,16.77
"2018-12-18",7.17,17.55,16.62,363.52,16.56
"2018-12-19",7.1,17.24,16.59,360.2,16.57
"2018-12-20",7.06,16.89,16.36,356.15,16.24
"2018-12-21",6.96,16.38,16.29,354.63,16.24
"2018-12-24",,16.08,,350.12,16.08
"2018-12-26",,17.06,,,16.03
"2018-12-27",6.98,17.24,16.16,351.81,16.13
"2018-12-28",7,17.26,16.29,355.94,16.31
"2018-12-31",7.01,17.39,16.46,357.05,16.41
"2019-01-02",6.89,17.35,16.04,351.53,16.2
"2019-01-03",6.8,16.67,15.97,346.35,15.89
"2019-01-04",6.95,17.46,16.3,355.63,16.4
"2019-01-07",7.04,17.81,16.5,358.16,16.48
"2019-01-08",7.04,17.99,16.59,361.52,16.46
"2019-01-09",7.12,18.23,16.97,369.87,16.92
"2019-01-10",7.15,18.34,16.94,369.86,16.99
"2019-01-11",7.23,18.34,17.04,370.38,16.95
"2019-01-14",7.12,18.13,16.79,367.26,16.77
"2019-01-15",7.29,18.4,17.19,374.53,17.12
"2019-01-16",7.3,18.43,17.29,377.95,17.3
"2019-01-17",7.25,18.58,17.31,376.68,17.26
"2019-01-18",7.39,18.89,17.57,380.71,17.59
"2019-01-21",7.43,18.9,17.59,379.74,17.52
"2019-01-22",7.32,18.52,17.4,375.16,17.28
"2019-01-23",7.37,18.5,17.44,376.53,17.28
"2019-01-24",7.4,18.83,17.54,377.32,17.41
"2019-01-25",7.52,19.19,17.89,384.8,17.75
"2019-01-28",7.56,18.95,17.78,382.05,17.62
"2019-01-29",7.6,18.71,17.77,384.1,17.59
"2019-01-30",7.54,19.21,17.86,387.29,17.69
"2019-01-31",7.64,19.53,18.11,391.36,18.01
"2019-02-01",7.75,19.63,18.25,390.55,18.08
"2019-02-04",,19.83,,392.24,18.13
"2019-02-05",,20,,,18.32
"2019-02-06",,20.03,,,18.27
"2019-02-07",,19.82,,,18.01
"2019-02-08",,20.02,18.15,389.86,18.05
"2019-02-11",7.83,20.09,18.29,394.02,18.3
"2019-02-12",7.9,20.39,18.39,394.46,18.38
"2019-02-13",8.03,20.36,18.59,398.42,18.54
"2019-02-14",8.04,20.39,18.48,396.32,18.4
"2019-02-15",7.87,20.45,18.16,392.04,18.26
"2019-02-18",8.15,20.46,18.47,395.48,18.4
"2019-02-19",8.11,20.49,18.51,395.3,18.41
"2019-02-20",8.21,20.49,18.78,399.45,18.68
"2019-02-21",8.19,20.43,18.75,398.44,18.56
"2019-02-22",8.4,20.68,18.97,405.86,18.93
"2019-02-25",8.88,20.79,19.43,414.25,19.25
"2019-02-26",8.72,20.77,19.23,411.08,19.12
"2019-02-27",8.66,20.83,19.17,409.06,19.03
"2019-02-28",8.67,20.79,19.12,408.52,18.99
"2019-03-01",8.85,20.98,19.31,413.94,19.18
"2019-03-04",9.01,20.77,19.47,417.77,19.18
"2019-03-05",9.05,20.74,19.6,418.1,19.46
"2019-03-06",9.1,20.57,19.72,418.49,19.46
"2019-03-07",8.93,20.4,19.31,408.11,19
"2019-03-08",8.65,20.39,18.72,397.92,18.67
"2019-03-11",8.86,20.84,19.13,409.16,19.11
"2019-03-12",8.96,20.94,19.37,412.85,19.17
"2019-03-13",8.89,21.03,19.3,409.8,19.18
"2019-03-14",8.87,21.08,19.2,406.99,19.07
"2019-03-15",9.06,21.27,19.39,412.07,19.28
"2019-03-18",9.32,21.3,19.74,420.78,19.54
"2019-03-19",9.27,21.43,19.74,419.83,19.62
"2019-03-20",9.3,21.44,19.61,416.47,19.43
"2019-03-21",9.31,21.91,19.58,416.11,19.44
"2019-03-22",9.29,21.34,19.43,411.26,19.16
"2019-03-25",9.05,21.28,19.09,405.74,19.1
"2019-03-26",8.94,21.42,19.11,405.9,19.11
"2019-03-27",9.09,21.16,19.19,407.07,19.17
"2019-03-28",9.06,21.25,19.03,409.11,19.2
"2019-03-29",9.42,21.47,19.29,420.25,19.61
"2019-04-01",9.68,21.74,19.71,428.68,19.95
"2019-04-02",9.62,21.81,19.74,427.7,19.93
"2019-04-03",9.72,21.99,19.95,431.71,20.14
"2019-04-04",9.78,21.75,20.02,433.95,20.15
"2019-04-05",,21.88,20.06,,20.34
"2019-04-08",9.73,21.93,20.19,436.11,20.29
"2019-04-09",9.78,21.89,20.21,439.74,20.32
"2019-04-10",9.73,22.12,20.02,441.15,20.35
"2019-04-11",9.48,22.16,19.86,432.73,20.07
"2019-04-12",9.49,22.3,20,436.41,20.19
"2019-04-15",9.47,22.2,19.85,431.72,19.97
"2019-04-16",9.73,22.26,20.04,439.26,20.19
"2019-04-17",9.74,22.2,20.08,441.21,20.22
"2019-04-18",9.68,22.16,19.96,439.94,20.21
"2019-04-19",,,,,20.27
"2019-04-22",,22.3,,,20.16
"2019-04-23",9.54,22.56,19.81,439.01,20.22
"2019-04-24",9.55,22.53,19.77,437.02,20.08
"2019-04-25",9.37,22.6,19.55,431.04,19.87
"2019-04-26",9.27,22.74,19.55,429.8,20.02
"2019-04-29",9.37,22.8,19.63,433.49,20.14
"2019-04-30",9.37,22.86,19.64,431.21,20.04
"2019-05-01",,22.67,,,20.17
"2019-05-02",9.37,22.63,19.71,433.09,20.15
"2019-05-03",9.37,22.86,19.82,436.3,20.4
"2019-05-06",8.74,22.7,18.99,415.39,19.64
"2019-05-07",8.92,22.24,18.99,412.77,19.4
"2019-05-08",8.77,22.15,18.64,409.41,19.32
"2019-05-09",,22.09,,,18.81
"2019-05-10",8.92,22.2,18.44,408.52,18.96
"2019-05-13",,21.29,18.22,,18.6
"2019-05-14",8.63,21.74,17.94,397.03,18.72
"2019-05-15",8.87,22.03,18.12,403.82,18.91
"2019-05-16",8.87,22.23,18.14,407.23,19.02
"2019-05-17",8.61,21.92,17.69,393.83,18.53
"2019-05-20",8.5,21.42,17.28,383.47,18.07
"2019-05-21",8.62,21.67,17.38,388.21,18.19
"2019-05-22",8.63,21.61,17.29,385.54,18.12
"2019-05-23",8.46,21.19,16.88,376.15,17.77
"2019-05-24",8.51,21.24,16.96,378.53,17.74
"2019-05-27",8.64,21.23,16.9,379.85,17.78
"2019-05-28",8.72,21.2,17.02,385,17.86
"2019-05-29",8.71,20.98,16.86,382.95,17.76
"2019-05-30",,21.1,,,17.8
"2019-05-31",8.67,20.83,16.91,380.38,17.8
"2019-06-03",8.64,20.31,16.97,381.95,17.92
"2019-06-04",8.55,20.88,16.84,379.13,17.87
"2019-06-05",8.56,21.14,16.86,377.9,17.74
"2019-06-06",8.44,21.33,16.85,376.71,17.75
"2019-06-07",,21.66,16.86,,17.95
"2019-06-10",,21.92,,,18.3
"2019-06-11",8.93,21.79,17.58,396.12,18.43
"2019-06-12",8.86,21.7,17.25,392.13,18.15
"2019-06-13",8.82,21.78,17.23,391.48,18.15
"2019-06-14",8.75,21.59,17.06,387.6,18
"2019-06-17",8.75,21.68,17.03,388.07,18.04
"2019-06-18",8.78,22.04,17.27,394.71,18.46
"2019-06-19",8.98,22.25,17.6,400.14,18.68
"2019-06-20",9.36,22.52,18.02,410.79,19.03
"2019-06-21",9.39,22.36,17.93,408.99,19.02
"2019-06-24",9.41,22.21,17.88,409.09,18.99
"2019-06-25",9.33,21.76,17.69,405.67,18.77
"2019-06-26",9.36,21.9,17.8,409.56,18.95
"2019-06-27",9.55,22.14,17.99,414.82,19.13
"2019-06-28",9.56,22.18,17.97,415.55,19.11
"2019-07-01",,22.52,18.19,423.44,19.47
"2019-07-02",9.81,22.58,18.3,427.76,19.59
"2019-07-03",9.68,22.69,18.19,423.77,19.49
"2019-07-04",9.59,22.69,18.22,422.99,19.45
"2019-07-05",9.67,22.64,18.16,422.03,19.37
"2019-07-08",9.49,22.49,17.85,415.34,19.06
"2019-07-09",9.47,22.67,17.72,414.24,19.01
"2019-07-10",9.46,22.82,17.84,418.47,19.05
"2019-07-11",9.48,22.92,17.86,416.03,19.08
"2019-07-12",9.54,23.05,17.84,417.24,19.08
"2019-07-15",9.57,23.14,17.92,420.19,19.2
"2019-07-16",9.54,22.92,17.99,420.32,19.26
"2019-07-17",9.52,22.95,18,419.98,19.21
"2019-07-18",9.43,23.04,17.87,416.69,19.09
"2019-07-19",9.54,22.9,18.14,419.31,19.29
"2019-07-22",9.51,23.13,17.89,418.96,19.14
"2019-07-23",9.54,23.21,17.98,421.73,19.31
"2019-07-24",9.63,23.55,18.05,424.27,19.42
"2019-07-25",9.73,23.26,18.13,425.06,19.4
"2019-07-26",9.78,23.43,18.03,426.26,19.32
"2019-07-29",9.77,23.21,17.88,423.9,19.19
"2019-07-30",9.78,23.1,17.88,422.51,19.15
"2019-07-31",9.67,22.65,17.72,419.98,19.01
"2019-08-01",9.56,22.43,17.7,416.44,19.08
"2019-08-02",9.35,21.93,17.1,405.62,18.28
"2019-08-05",9.01,21.1,16.48,390.91,17.61
"2019-08-06",9.03,21.34,16.34,394.77,17.7
"2019-08-07",8.97,21.49,16.26,391.24,17.71
"2019-08-08",9.15,22.01,16.48,402.08,18.04
"2019-08-09",9.07,21.77,16.42,397.86,17.82
"2019-08-12",9.23,21.52,16.33,398.58,17.81
"2019-08-13",9.15,21.95,16.48,405.28,17.97
"2019-08-14",9.26,21.3,16.28,400.43,17.58
"2019-08-15",,21.35,,,17.86
"2019-08-16",9.32,21.7,16.46,410.44,18.23
"2019-08-19",9.51,21.91,16.9,417.43,18.55
"2019-08-20",9.47,21.84,16.92,417.16,18.56
"2019-08-21",9.49,22.07,16.96,419.49,18.61
"2019-08-22",9.46,22.02,16.9,418.49,18.37
"2019-08-23",9.58,21.46,16.86,418.19,18.25
"2019-08-26",9.39,21.69,16.65,414.3,18.17
"2019-08-27",9.46,21.62,16.73,418.36,18.22
"2019-08-28",9.44,21.58,16.72,416.55,18.3
"2019-08-29",9.49,21.96,16.82,423.8,18.41
"2019-08-30",9.5,21.92,16.96,424.28,18.38
"2019-09-02",9.62,21.93,17.01,424.74,18.46
"2019-09-03",9.64,21.67,16.91,423.19,18.38
"2019-09-04",9.69,21.97,17.24,426.71,18.69
"2019-09-05",9.79,22.33,17.38,433.14,18.93
"2019-09-06",9.87,22.29,17.5,433.39,19.03
"2019-09-09",9.96,22.04,17.47,433.23,19.03
"2019-09-10",9.92,21.93,17.37,427.96,18.93
"2019-09-11",9.84,22.15,17.57,426.8,19.06
"2019-09-12",9.99,22.29,17.71,430.87,19.24
"2019-09-13",,22.21,17.9,433.66,19.32
"2019-09-16",10,22.24,17.74,432.73,19.15
"2019-09-17",9.84,22.37,17.56,429.11,19.01
"2019-09-18",9.94,22.39,17.6,431.75,19
"2019-09-19",10,22.39,17.55,432.23,19.03
"2019-09-20",10.08,22.27,17.55,432.04,18.9
"2019-09-23",9.98,22.27,17.29,425.51,18.69
"2019-09-24",10.08,21.87,17.26,424.7,18.56
"2019-09-25",9.93,22.11,17.02,422.22,18.49
"2019-09-26",9.8,22.1,17.15,422.38,18.39
"2019-09-27",9.88,21.61,17.12,419.15,18.35
"2019-09-30",9.69,21.81,16.99,418.54,18.3
"2019-10-01",,21.63,16.96,,18.1
"2019-10-02",,21.32,16.9,415.58,18.11
"2019-10-03",,21.66,16.97,420.25,18.34
"2019-10-04",,21.94,17.04,421.34,18.34
"2019-10-07",,21.91,16.99,,18.36
"2019-10-08",9.76,21.39,16.94,416.32,18.15
"2019-10-09",9.76,21.68,16.86,419.48,18.14
"2019-10-10",9.95,21.75,17.11,425.77,18.37
"2019-10-11",10.09,22.12,17.46,432.87,18.72
"2019-10-14",10.21,22.12,17.52,433.7,18.67
"2019-10-15",10.12,22.39,17.5,436.27,18.82
"2019-10-16",10.05,22.03,17.53,436.4,18.78
"2019-10-17",10.11,22.03,17.57,440.16,18.86
"2019-10-18",9.98,21.67,17.48,434.39,18.65
"2019-10-21",9.98,21.86,17.48,436.39,18.73
"2019-10-22",10.05,21.5,17.46,433.66,18.68
"2019-10-23",10,21.43,17.33,430.54,18.52
"2019-10-24",9.96,21.94,17.4,434.1,18.68
"2019-10-25",10.06,22.11,17.47,437.61,18.81
"2019-10-28",10.12,22.37,17.72,443.17,19.02
"2019-10-29",10.1,22.17,17.66,442.97,18.86
"2019-10-30",10.12,22.4,17.61,442.59,18.8
"2019-10-31",10.11,22.22,17.69,441.96,18.84
"2019-11-01",,22.49,,,19.1
"2019-11-04",10.43,22.57,18.08,456.43,19.41
"2019-11-05",10.59,22.47,18.23,458.99,19.5
"2019-11-06",10.53,22.4,18.24,458.44,19.5
"2019-11-07",10.6,22.4,18.42,463.1,19.68
"2019-11-08",10.53,22.52,18.29,459.72,19.58
"2019-11-11",10.35,22.55,17.87,452.44,19.28
"2019-11-12",10.39,22.62,18.07,453.62,19.35
"2019-11-13",10.43,22.64,17.84,450.75,19.09
"2019-11-14",10.49,22.63,17.69,450.09,18.95
"2019-11-15",10.49,22.87,17.75,449.48,19.06
"2019-11-18",10.53,22.93,17.91,451.04,19.16
"2019-11-19",10.66,23.02,18.12,457.77,19.27
"2019-11-20",10.54,23,18,454.28,19.14
"2019-11-21",10.48,22.86,17.78,449.83,18.99
"2019-11-22",10.33,22.9,17.85,449.08,19.01
"2019-11-25",10.36,23.22,18.04,451.71,19.21
"2019-11-26",10.4,23.35,18.06,454.27,19.24
"2019-11-27",10.46,23.5,18.16,457.54,19.34
"2019-11-28",10.39,23.51,18.1,457.37,19.34
"2019-11-29",10.28,23.42,17.83,448.83,19.04
"2019-12-02",10.28,23,17.86,447.16,18.95
"2019-12-03",10.33,22.92,17.75,444.64,18.85
"2019-12-04",10.29,22.95,17.74,447.09,18.95
"2019-12-05",10.44,22.96,17.88,452.16,19.08
"2019-12-06",10.53,23.19,18.09,459.19,19.28
"2019-12-09",10.49,23.1,18.08,455.7,19.19
"2019-12-10",10.56,23.03,18.05,454.45,19.2
"2019-12-11",10.57,23.16,18.2,458.88,19.33
"2019-12-12",10.57,23.31,18.42,461.62,19.58
"2019-12-13",10.84,23.48,18.75,468.42,19.86
"2019-12-16",10.82,23.7,18.79,470.96,19.99
"2019-12-17",10.92,23.69,18.98,477.28,20.13
"2019-12-18",10.86,23.73,19.04,478.89,20.19
"2019-12-19",10.8,23.86,18.94,476.33,20.1
"2019-12-20",10.79,24.03,19.03,476.37,20.19
"2019-12-23",10.69,24.01,19.04,476.4,20.25
"2019-12-24",,24.01,,476.22,20.25
"2019-12-26",,24.18,,,20.35
"2019-12-27",10.86,24.16,19.19,480.15,20.45
"2019-12-30",11.04,23.95,19.23,481.94,20.44
"2019-12-31",11.11,24,19.18,482.09,20.32
"2020-01-02",11.29,24.5,19.56,495.43,20.85
"2020-01-03",11.2,24.31,19.47,491.47,20.78
"2020-01-06",11.14,24.41,19.32,487.96,20.67
"2020-01-07",11.26,24.52,19.48,491.83,20.86
"2020-01-08",11.13,24.74,19.36,491.47,20.81
"2020-01-09",11.4,24.99,19.75,502.46,21.13
