"","IE00B62P4Q86","LU0261952419","LU0640798830","LU0871640040","GB0030655780"
"2014-01-02",25752,24.42,16.09,11.09,47.19
"2014-01-03",25574,24.450001,15.99,11.07,46.27
"2014-01-06",25736,24.49,15.97,11.04,45.64
"2014-01-07",25822,24.530001,15.97,11.05,45.37
"2014-01-08",25988,24.549999,16.08,11.03,46.07
"2014-01-09",25887,24.549999,16.05,11.01,45.58
"2014-01-10",25817,24.549999,16.05,11.05,45.48
"2014-01-13",25626,24.58,16.11,11.06,45.44
"2014-01-14",25606,24.6,15.92,11.01,45.33
"2014-01-15",25956,24.6,16.12,11.03,45.52
"2014-01-16",25796,24.639999,16.17,11.04,45.72
"2014-01-17",26042,24.690001,16.17,11.06,45.9
"2014-01-20",25956,24.73,16.1,11.05,45.43
"2014-01-21",25815,24.73,16.08,11.08,45.37
"2014-01-22",25944,24.709999,16.12,11.05,45.77
"2014-01-23",25533,24.719999,16.13,10.99,45.27
"2014-01-24",24721,24.719999,15.83,10.95,44.3
"2014-01-27",24205,24.719999,15.43,10.82,43.2
"2014-01-28",24468,24.74,15.38,10.78,43.18
"2014-01-29",24465,24.77,15.54,10.75,44.03
"2014-01-30",24445,24.77,15.29,10.75,43.81
"2014-01-31",23955,24.84,15.4,10.69,
"2014-02-03",23257,24.860001,15.33,10.71,
"2014-02-04",22875,24.85,14.96,10.56,42.48
"2014-02-05",22990,24.889999,15.11,10.53,42.25
"2014-02-06",23265,24.84,15.12,10.62,42.62
"2014-02-07",23707,24.889999,15.32,10.73,43.25
"2014-02-10",23625,24.889999,15.49,10.8,43.37
"2014-02-11",23918,24.9,15.55,10.84,43.96
"2014-02-12",24072,24.9,15.71,10.94,44.42
"2014-02-13",23697,24.9,15.66,10.91,44.17
"2014-02-14",23558,24.91,15.79,10.98,44.59
"2014-02-17",23730,24.93,15.86,11.01,45.11
"2014-02-18",24221,24.950001,15.88,11.01,44.77
"2014-02-19",24209,24.969999,15.96,11.03,44.63
"2014-02-20",23628,24.93,15.8,10.98,44.08
"2014-02-21",24057,24.959999,15.92,11.07,44.07
"2014-02-24",24106,24.959999,15.91,11.09,43.76
"2014-02-25",23994,24.98,15.99,11.1,43.29
"2014-02-26",23855,25.02,15.95,11.1,43.72
"2014-02-27",23598,25.1,15.88,11.09,44.39
"2014-02-28",23756,25.040001,16,11.19,44.58
"2014-03-03",23123,25.09,15.74,11.12,44.06
"2014-03-04",23712,25.110001,15.94,11.23,44.35
"2014-03-05",23602,25.129999,16.02,11.22,43.91
"2014-03-06",24130,25.08,16.08,11.24,44.27
"2014-03-07",23973,25.07,16.13,11.19,44.28
"2014-03-10",23850,25.129999,16.02,11.13,43.48
"2014-03-11",23628,25.120001,15.95,11.21,43.49
"2014-03-12",23241,25.15,15.8,11.12,42.69
"2014-03-13",22566,25.15,15.79,11.13,42.55
"2014-03-14",22433,25.18,15.47,11.04,41.98
"2014-03-17",22459,25.18,,11.09,41.8
"2014-03-18",22398,25.17,15.59,11.15,42.42
"2014-03-19",22379,25.16,15.72,11.15,42.32
"2014-03-20",22214,25.1,15.52,11.03,41.67
"2014-03-21",22324,25.129999,15.61,11.11,42.12
"2014-03-24",21915,25.16,15.51,11.06,42.89
"2014-03-25",22084,25.190001,15.46,11.08,42.34
"2014-03-26",22400,25.23,15.53,11.15,42.8
"2014-03-27",22361,25.27,15.47,11.15,42.56
"2014-03-28",22863,25.280001,15.42,11.21,43.21
"2014-03-31",23098,25.24,15.49,11.26,43.18
"2014-04-01",23310,25.27,15.65,11.3,43.55
"2014-04-02",23523,25.23,15.78,11.28,43.48
"2014-04-03",23478,25.24,15.86,11.32,43.53
"2014-04-04",23493,25.32,15.84,11.35,43.34
"2014-04-07",23052,25.360001,15.57,11.25,43.14
"2014-04-08",22500,25.34,15.27,11.25,43.62
"2014-04-09",22282,25.33,15.29,11.32,44.01
"2014-04-10",21960,25.370001,15.46,11.41,44.71
"2014-04-11",21989,25.389999,15.04,11.22,44.2
"2014-04-14",22149,25.4,14.87,11.2,44.17
"2014-04-15",21887,25.43,14.99,11.24,43.25
"2014-04-16",22558,25.459999,15.09,11.3,43.23
"2014-04-17",22585,25.450001,15.24,11.32,43.54
"2014-04-18",22681,,,,
"2014-04-21",22661,,,,
"2014-04-22",22525,25.43,15.37,11.37,43.43
"2014-04-23",22494,25.450001,15.45,11.38,43.12
"2014-04-24",22383,25.440001,15.41,11.38,43.19
"2014-04-25",22303,25.469999,15.41,11.37,42.6
"2014-04-28",22323,25.459999,15.22,11.43,42.14
"2014-04-29",22466,25.450001,15.18,11.48,42.33
"2014-04-30",22203,25.49,15.23,11.46,41.85
"2014-05-01",22697,,15.36,,
"2014-05-02",22681,25.52,15.44,11.5,42.2
"2014-05-05",22628,25.549999,,11.44,41.9
"2014-05-06",22498,25.559999,15.46,11.46,
"2014-05-07",22209,25.530001,15.28,11.44,41.42
"2014-05-08",22284,25.59,15.35,11.51,41.58
"2014-05-09",22403,25.610001,15.33,11.45,41.39
"2014-05-12",22490,25.6,15.35,11.48,41.92
"2014-05-13",22797,25.629999,15.53,11.51,42.14
"2014-05-14",22753,25.700001,15.49,11.52,42.59
"2014-05-15",22451,25.719999,15.39,11.48,42.63
"2014-05-16",22462,25.68,15.2,11.47,42.54
"2014-05-19",22185,25.65,15.2,11.47,42.46
"2014-05-20",22034,25.6,15.29,11.45,42.64
"2014-05-21",22255,25.6,15.21,11.46,42.8
"2014-05-22",22504,25.620001,15.36,11.52,43.37
"2014-05-23",22841,25.629999,15.41,11.54,43.45
"2014-05-26",23050,25.690001,,11.58,43.56
"2014-05-27",23052,25.719999,15.57,11.58,43.38
"2014-05-28",23060,25.780001,15.62,11.62,43.61
"2014-05-29",23190,,15.62,,
"2014-05-30",23311,25.74,15.67,11.62,43.32
"2014-06-02",23672,25.76,,11.68,
"2014-06-03",23772,25.709999,15.73,11.65,44.11
"2014-06-04",23962,25.709999,15.74,11.65,43.71
"2014-06-05",23877,25.709999,15.8,11.68,43.9
"2014-06-06",24004,25.9,15.93,11.75,43.86
"2014-06-09",23903,,16.02,,
"2014-06-10",23724,25.91,16.01,11.74,44.64
"2014-06-11",23753,25.879999,15.98,11.72,44.66
"2014-06-12",23897,25.879999,15.96,11.71,44.71
"2014-06-13",23986,25.889999,15.87,11.74,45
"2014-06-16",23845,25.93,15.89,11.74,45.11
"2014-06-17",23843,25.879999,15.93,11.75,44.8
"2014-06-18",24020,25.860001,15.97,11.78,44.78
"2014-06-19",24403,25.93,16.13,11.88,44.48
"2014-06-20",24624,25.889999,16.13,11.86,44.45
"2014-06-23",24344,,16.12,,
"2014-06-24",24592,25.950001,16.1,11.82,44.1
"2014-06-25",24378,25.99,15.97,11.8,44.14
"2014-06-26",24316,26.02,16.03,11.79,44.7
"2014-06-27",24175,26,16.02,11.84,44.66
"2014-06-30",24371,26,16.04,11.87,44.8
"2014-07-01",24810,26.01,16.11,11.9,
"2014-07-02",24897,25.98,16.26,11.9,45.46
"2014-07-03",24963,25.959999,16.25,11.93,45.71
"2014-07-04",24972,26.02,16.34,11.95,45.76
"2014-07-07",24773,26.02,16.3,11.94,45.99
"2014-07-08",24617,26.030001,16.18,11.92,46.02
"2014-07-09",24731,26.01,15.98,11.89,45.34
"2014-07-10",24262,26.01,15.96,11.86,45.39
"2014-07-11",24290,26,15.95,11.89,45.35
"2014-07-14",24600,26.01,16.03,11.94,45.73
"2014-07-15",24661,26.030001,16.1,11.92,46.07
"2014-07-16",24670,26.07,16.11,11.94,46.05
"2014-07-17",24604,26.1,16.08,11.96,46.04
"2014-07-18",24579,26.120001,15.92,11.91,45.93
"2014-07-21",24510,26.139999,16.01,11.93,45.74
"2014-07-22",24766,26.129999,16.03,11.98,46.43
"2014-07-23",24718,26.16,16.14,11.99,46.94
"2014-07-24",24693,26.139999,16.12,12,47.38
"2014-07-25",24688,26.18,16.14,11.99,47.45
"2014-07-28",24897,26.209999,16.1,11.97,47.82
"2014-07-29",24920,26.25,16.08,12.02,48.01
"2014-07-30",25151,26.24,16.05,11.96,47.88
"2014-07-31",24965,26.18,15.95,11.87,47.9
"2014-08-01",24790,26.18,15.65,11.78,47.53
"2014-08-04",24827,26.219999,,11.76,47.87
"2014-08-05",24620,26.17,15.69,11.76,47.97
"2014-08-06",24257,26.190001,15.52,11.68,47.73
"2014-08-07",24218,26.200001,15.49,11.71,47.34
"2014-08-08",23910,26.219999,15.37,11.64,47.41
"2014-08-11",24310,26.23,15.55,11.76,48.06
"2014-08-12",24211,26.25,15.62,11.77,48.33
"2014-08-13",24568,26.25,15.62,11.77,48.77
"2014-08-14",24550,26.32,15.74,11.83,48.49
"2014-08-15",24411,,15.79,,
"2014-08-18",24608,26.34,15.78,11.88,48.71
"2014-08-19",24698,26.379999,15.91,11.92,48.87
"2014-08-20",24609,26.42,15.91,11.92,48.8
"2014-08-21",24890,26.42,15.95,11.94,48.42
"2014-08-22",24724,26.43,15.97,11.95,48.73
"2014-08-25",24911,26.52,,11.96,48.82
"2014-08-26",24834,26.559999,16.06,11.99,48.7
"2014-08-27",24751,26.620001,16.13,12.01,48.44
"2014-08-28",24586,26.610001,16.07,11.99,48
"2014-08-29",24584,26.59,16.04,12,47.93
"2014-09-01",24726,26.58,16.07,12.01,47.98
"2014-09-02",25173,26.540001,16.11,11.98,48.25
"2014-09-03",25253,26.52,16.21,12,49.29
"2014-09-04",25218,26.58,16.22,12,49.55
"2014-09-05",24966,26.639999,16.15,11.96,49.42
"2014-09-08",25192,26.66,16.12,11.96,49.64
"2014-09-09",25157,26.58,16.09,11.88,
"2014-09-10",25357,26.540001,16.02,11.82,48.73
"2014-09-11",25317,26.559999,16.06,11.86,48.52
"2014-09-12",25361,26.5,16.08,11.85,48.49
"2014-09-15",25263,26.530001,16.03,11.81,47.97
"2014-09-16",25250,26.51,15.92,11.81,47.43
"2014-09-17",25190,26.549999,16.01,11.85,48
"2014-09-18",25579,26.52,16.04,11.83,47.76
"2014-09-19",25683,26.58,16.2,11.86,47.83
"2014-09-22",25714,26.620001,16.09,11.79,47.16
"2014-09-23",25609,26.620001,15.91,11.74,47
"2014-09-24",25786,26.639999,15.82,11.7,47.41
"2014-09-25",25742,26.67,15.99,11.69,47.2
"2014-09-26",25993,26.67,15.78,11.62,46.88
"2014-09-29",26029,26.67,15.85,11.59,46.17
"2014-09-30",25950,26.68,15.8,11.58,45.66
"2014-10-01",25484,26.74,15.7,11.56,
"2014-10-02",24680,26.719999,15.44,11.49,
"2014-10-03",25275,26.709999,15.38,11.49,45.78
"2014-10-06",25303,26.74,15.54,11.58,46.21
"2014-10-07",25019,26.73,15.47,11.54,46.46
"2014-10-08",24804,26.74,15.25,11.48,46.32
"2014-10-09",24420,26.77,15.44,11.59,46.78
"2014-10-10",24010,26.76,15.05,11.45,45.92
"2014-10-13",23718,26.73,14.9,11.39,45.91
"2014-10-14",23624,26.76,14.59,11.33,45.48
"2014-10-15",23141,26.799999,14.53,11.28,45.84
"2014-10-16",22982,26.6,14.17,11.19,45.53
"2014-10-17",23279,26.610001,14.67,11.27,45.78
"2014-10-20",23804,26.610001,14.75,11.35,46.05
"2014-10-21",23703,26.6,14.86,11.46,45.98
"2014-10-22",24124,26.629999,15.15,11.56,46.59
"2014-10-23",24372,26.620001,15.01,11.53,46.5
"2014-10-24",24382,26.639999,15.16,11.56,46.42
"2014-10-27",24350,26.65,,11.61,46
"2014-10-28",24421,26.65,15.24,11.63,46.79
"2014-10-29",24783,26.67,15.48,11.74,47.27
"2014-10-30",24982,26.690001,15.41,11.7,46.9
"2014-10-31",26382,26.74,15.82,11.76,47.56
"2014-11-03",26800,26.73,15.84,11.76,47.38
"2014-11-04",26524,26.75,15.85,11.75,47.32
"2014-11-05",26617,26.73,15.75,11.73,46.88
"2014-11-06",26423,26.74,15.8,11.7,46.83
"2014-11-07",26299,26.74,15.84,11.7,46.73
"2014-11-10",26500,26.780001,15.9,11.73,47.07
"2014-11-11",26918,26.790001,15.97,11.74,47.17
"2014-11-12",26493,26.82,15.99,11.72,47.37
"2014-11-13",26729,26.799999,16,11.75,47.62
"2014-11-14",26789,26.809999,15.93,11.71,47.88
"2014-11-17",26371,26.799999,15.9,11.67,47.11
"2014-11-18",26763,26.82,15.95,11.77,46.57
"2014-11-19",26897,26.77,16.05,11.75,46.41
"2014-11-20",26853,26.799999,16,11.75,46.4
"2014-11-21",27003,26.84,16.05,11.85,46.61
"2014-11-24",27071,26.870001,16.14,11.83,47.68
"2014-11-25",27233,26.889999,16.22,11.86,47.5
"2014-11-26",27184,26.91,16.23,11.88,48.05
"2014-11-27",26991,26.959999,16.25,11.88,47.85
"2014-11-28",27466,26.969999,16.25,11.85,47.84
"2014-12-01",27465,26.99,16.17,11.83,46.72
"2014-12-02",27964,26.950001,16.09,11.84,47.54
"2014-12-03",27932,26.98,16.14,11.85,47.41
"2014-12-04",27892,26.969999,16.17,11.85,48.33
"2014-12-05",28525,26.98,16.2,11.81,48.34
"2014-12-08",28110,27.030001,16.22,11.79,48.73
"2014-12-09",27451,27.02,16.1,11.69,47.21
"2014-12-10",27027,26.99,16.09,11.67,47.84
"2014-12-11",27454,27,15.86,11.64,47.43
"2014-12-12",26847,27.02,15.87,11.6,47.27
"2014-12-15",25998,27.01,15.64,11.51,47
"2014-12-16",26386,27.030001,15.54,11.39,46.57
"2014-12-17",26417,27.040001,15.48,11.46,46.56
"2014-12-18",27037,27.059999,15.78,11.64,47.09
"2014-12-19",27467,27.07,16.13,11.73,47.22
"2014-12-22",27406,27.1,16.25,11.78,47.97
"2014-12-23",27582,27.120001,16.21,11.79,47.84
"2014-12-24",27576,,16.2,,
"2014-12-26",27735,,,,
"2014-12-29",27488,27.15,,11.87,48.72
"2014-12-30",26852,27.17,16.18,11.85,48.44
"2014-12-31",26930,27.17,16.15,11.85,49.92
"2015-01-02",26869,27.24,16,11.77,51.3
"2015-01-05",26561,27.25,15.9,11.63,51.25
"2015-01-06",25758,27.299999,15.6,11.59,50.58
"2015-01-07",26506,27.24,15.47,11.6,50.67
"2015-01-08",26820,27.209999,15.67,11.75,50.86
"2015-01-09",26331,27.200001,15.87,11.75,51.16
"2015-01-12",26275,27.26,15.82,11.68,50.9
"2015-01-13",26505,27.280001,15.74,11.79,51.33
"2015-01-14",25876,27.33,15.68,11.65,51.07
"2015-01-15",26113,27.32,15.62,11.7,51.53
"2015-01-16",26579,27.389999,15.58,11.71,51.21
"2015-01-19",26453,27.41,15.76,11.78,49.32
"2015-01-20",26918,27.4,15.82,11.78,50.24
"2015-01-21",26706,27.35,15.87,11.87,51.3
"2015-01-22",26760,27.43,15.93,11.91,51.25
"2015-01-23",26893,27.67,16.08,11.97,51.86
"2015-01-26",27343,27.67,16.13,11.92,51.83
"2015-01-27",27186,27.67,16.18,11.98,51.41
"2015-01-28",27298,27.639999,16.11,12.02,51.19
"2015-01-29",27138,27.629999,15.89,11.87,50.44
"2015-01-30",26977,27.639999,15.94,11.86,50.05
"2015-02-02",26983,27.700001,15.81,11.79,49.64
"2015-02-03",26870,27.700001,15.93,11.95,50.06
"2015-02-04",27042,27.719999,16.11,12,50.03
"2015-02-05",26932,27.719999,16.09,12,50
"2015-02-06",27128,27.75,16.18,11.99,49.66
"2015-02-09",26806,27.700001,16.06,11.94,49.41
"2015-02-10",26932,27.68,16.01,11.9,49.44
"2015-02-11",27210,27.68,16.14,11.91,49.58
"2015-02-12",26898,27.709999,16.24,12,49.95
"2015-02-13",27343,27.76,16.38,12.04,50.37
"2015-02-16",27117,27.75,16.43,12.03,50.44
"2015-02-17",27228,27.74,16.42,12.01,50.66
"2015-02-18",27697,27.74,16.5,12.02,50.69
"2015-02-19",27932,27.74,16.56,12.05,
"2015-02-20",28047,27.780001,16.61,12.02,
"2015-02-23",28067,27.809999,16.67,12.09,50.64
"2015-02-24",28202,27.83,16.67,12.1,50.73
"2015-02-25",28142,27.879999,16.73,12.12,50.77
"2015-02-26",28474,28,16.77,12.11,51.19
"2015-02-27",28560,28.01,16.76,12.1,50.99
"2015-03-02",28513,28.02,16.69,12.09,51.19
"2015-03-03",28387,27.959999,16.74,12.08,50.36
"2015-03-04",28185,27.969999,16.61,11.98,49.9
"2015-03-05",28609,28.01,16.63,12.02,49.72
"2015-03-06",28718,28.059999,16.66,11.93,49.7
"2015-03-09",28663,28.08,16.5,11.88,49.82
"2015-03-10",28329,28.209999,16.45,11.78,49.24
"2015-03-11",28646,28.280001,16.29,11.69,49.02
"2015-03-12",29280,28.299999,16.35,11.8,49.18
"2015-03-13",29272,28.280001,16.45,11.73,49.38
"2015-03-16",29646,28.299999,16.44,11.82,49.89
"2015-03-17",29545,28.25,,11.83,50.02
"2015-03-18",29691,28.24,16.56,11.86,50.59
"2015-03-19",29599,28.27,16.82,11.97,51.04
"2015-03-20",29939,28.280001,16.83,12.07,51.01
"2015-03-23",29913,28.25,16.96,12.17,51.47
"2015-03-24",29860,28.200001,16.96,12.16,51.41
"2015-03-25",29640,28.190001,16.91,12.17,51.86
"2015-03-26",29239,28.200001,16.62,12.01,51.44
"2015-03-27",29321,28.200001,16.6,12.01,51.53
"2015-03-30",29761,28.23,16.61,12.07,53.02
"2015-03-31",29325,28.26,16.66,12.03,53.08
"2015-04-01",29078,28.299999,16.61,11.96,53.98
"2015-04-02",29518,28.280001,16.6,12.12,54.92
"2015-04-03",29512,,,,
"2015-04-06",29820,,,,
"2015-04-07",30148,28.290001,16.73,12.19,
"2015-04-08",30192,28.309999,16.8,12.24,58.39
"2015-04-09",30210,28.309999,16.86,12.23,59.64
"2015-04-10",30147,28.309999,16.87,12.26,60.45
"2015-04-13",30126,28.32,16.89,12.34,62.93
"2015-04-14",29918,28.309999,16.87,12.31,61.38
"2015-04-15",30012,28.35,16.89,12.35,61.57
"2015-04-16",29915,28.360001,17.01,12.37,62.56
"2015-04-17",29439,28.299999,16.94,12.3,62.74
"2015-04-20",29692,28.299999,16.81,12.33,60.68
"2015-04-21",30259,28.25,16.95,12.36,62.31
"2015-04-22",30620,28.280001,17.07,12.35,63.53
"2015-04-23",30400,28.26,17.14,12.41,63.14
"2015-04-24",30306,28.24,17.18,12.46,63.15
"2015-04-27",30436,28.25,17.19,12.52,63.83
"2015-04-28",30298,28.280001,17.18,12.49,63.96
"2015-04-29",30060,28.110001,17.18,12.46,63.61
"2015-04-30",29950,28.02,17.05,12.36,63.19
"2015-05-01",29895,,16.86,,
"2015-05-04",30021,27.959999,,12.39,62.81
"2015-05-05",29533,27.82,16.95,12.33,61.68
"2015-05-06",29381,27.639999,16.79,12.3,61.15
"2015-05-07",29548,27.59,16.66,12.21,60.05
"2015-05-08",30124,27.690001,16.8,12.36,61.21
"2015-05-11",29996,27.67,16.97,12.39,62.01
"2015-05-12",29806,27.5,16.88,12.29,61.46
"2015-05-13",30069,27.57,16.94,12.36,61.06
"2015-05-14",30201,,16.95,,
"2015-05-15",30410,27.549999,17.11,12.42,62.06
"2015-05-18",30804,27.5,17.12,12.42,61.84
"2015-05-19",31014,27.57,17.19,12.41,62.67
"2015-05-20",31077,27.6,17.15,12.4,62.61
"2015-05-21",31096,27.530001,17.21,12.41,62.39
"2015-05-22",31273,27.57,17.25,12.4,63.32
"2015-05-25",31312,,,,
"2015-05-26",31224,27.559999,17.12,12.29,65.23
"2015-05-27",31704,27.58,16.95,12.3,64.91
"2015-05-28",31745,27.620001,17.08,12.26,63
"2015-05-29",31552,27.629999,17.07,12.27,62.83
"2015-06-01",31936,27.629999,,12.23,63.57
"2015-06-02",31743,27.4,16.9,12.21,62.96
"2015-06-03",31861,27.26,16.96,12.23,62.84
"2015-06-04",31808,27.190001,17.04,12.19,62.79
"2015-06-05",31866,27.09,16.83,12.03,62.21
"2015-06-08",31405,27.08,16.8,12.02,62.43
"2015-06-09",30885,26.99,16.72,11.96,61.03
"2015-06-10",30971,26.91,16.79,12.05,60.35
"2015-06-11",31216,27.07,17.01,12.1,60.92
"2015-06-12",31149,27,17.01,12.06,62.13
"2015-06-15",31227,26.98,16.9,11.97,60.74
"2015-06-16",31088,26.940001,16.79,11.99,59.31
"2015-06-17",31045,26.99,16.89,12.02,60.08
"2015-06-18",30992,27,16.92,12.09,59.71
"2015-06-19",31023,27.030001,17.09,12.11,58.96
"2015-06-22",31552,27.030001,17.14,12.19,59.72
"2015-06-23",31881,,17.25,,
"2015-06-24",31815,27.08,17.24,12.2,61.32
"2015-06-25",31747,27.049999,17.13,12.15,60.64
"2015-06-26",31947,27,17.07,12.12,59.09
"2015-06-29",31006,26.959999,16.8,11.98,57.21
"2015-06-30",31023,26.98,16.66,11.96,58.44
"2015-07-01",31513,26.98,16.75,11.99,
"2015-07-02",31457,26.91,16.75,12.03,57.8
"2015-07-03",31551,26.950001,16.74,12,56.4
"2015-07-06",31086,26.969999,16.59,11.92,54.13
"2015-07-07",30731,27.07,16.5,11.9,52.44
"2015-07-08",29628,27.1,16.41,11.82,49.01
"2015-07-09",29957,27.1,16.33,11.87,52.57
"2015-07-10",30279,27.02,16.51,11.93,54.15
"2015-07-13",30878,27,16.71,12.02,54.75
"2015-07-14",31182,27.059999,16.85,12.06,54.34
"2015-07-15",31297,27.17,16.98,12.05,53.43
"2015-07-16",31501,27.17,16.98,12.11,54.03
"2015-07-17",31607,27.280001,17.02,12.08,54.86
"2015-07-20",31730,27.360001,17.06,12.05,54.94
"2015-07-21",31572,27.309999,17.08,12.07,55.57
"2015-07-22",31398,27.33,16.93,12.02,54.94
"2015-07-23",31451,27.379999,16.93,11.99,55.2
"2015-07-24",31182,27.440001,16.86,11.91,54.51
"2015-07-27",30658,27.459999,16.67,11.77,52.18
"2015-07-28",30642,27.43,16.55,11.79,51.87
"2015-07-29",30754,27.42,16.73,11.89,52.18
"2015-07-30",30846,27.469999,16.89,11.89,51.87
"2015-07-31",31216,27.51,16.92,11.99,51.86
"2015-08-03",31128,27.540001,,11.95,51.2
"2015-08-04",31053,27.52,16.83,11.95,51.44
"2015-08-05",31470,27.41,16.85,11.98,51.65
"2015-08-06",31254,27.43,16.97,11.94,51.49
"2015-08-07",31279,27.469999,16.82,11.91,51.98
"2015-08-10",31775,27.49,16.72,11.98,52.56
"2015-08-11",31407,27.540001,16.89,11.96,52.42
"2015-08-12",30719,27.540001,16.71,11.89,50.79
"2015-08-13",30973,27.51,16.74,11.92,50.99
"2015-08-14",31051,27.51,16.72,11.9,51.05
"2015-08-17",31192,27.540001,16.71,11.86,50.67
"2015-08-18",31205,27.51,16.8,11.88,49.71
"2015-08-19",30628,27.48,16.66,11.79,49.17
"2015-08-20",29895,27.540001,16.46,11.71,48.11
"2015-08-21",28724,27.5,16.12,11.56,47.26
"2015-08-24",26397,27.51,15.29,11.01,44.21
"2015-08-25",27425,27.309999,15.59,11.11,44.32
"2015-08-26",27511,27.299999,15.32,11.02,43.81
"2015-08-27",28650,27.309999,15.52,11.24,46.13
"2015-08-28",28968,27.370001,15.81,11.34,45.97
"2015-08-31",28701,27.34,,11.28,46.03
"2015-09-01",27303,27.26,15.36,11.1,44.66
"2015-09-02",27420,27.24,15.26,11.09,44.56
"2015-09-03",27866,27.309999,15.51,11.19,
"2015-09-04",26717,27.379999,15.45,11.03,44.38
"2015-09-07",26815,27.379999,15.3,11.02,44.3
"2015-09-08",26816,27.379999,15.6,11.13,45.94
"2015-09-09",27719,27.360001,15.78,11.34,47.18
"2015-09-10",27273,27.389999,15.59,11.17,46.62
"2015-09-11",27145,27.389999,15.6,11.18,46.4
"2015-09-14",27111,27.41,15.64,11.18,46.36
"2015-09-15",27262,27.34,15.55,11.18,46.13
"2015-09-16",27749,27.280001,15.69,11.29,47.2
"2015-09-17",27864,27.27,15.85,11.34,47.32
"2015-09-18",27044,27.440001,15.82,11.24,47.85
"2015-09-21",27226,27.389999,15.62,11.21,47.64
"2015-09-22",26571,27.42,15.4,11.09,47.43
"2015-09-23",26648,27.43,15.37,11.05,46.6
"2015-09-24",26133,27.459999,15.24,10.93,46.29
"2015-09-25",27220,27.360001,15.41,11.04,46.46
"2015-09-28",26443,27.4,15.22,10.89,
"2015-09-29",25818,27.4,14.77,10.74,45.27
"2015-09-30",26371,27.42,14.97,10.87,46.16
"2015-10-01",26715,27.469999,15.14,10.91,
"2015-10-02",26704,27.540001,15.24,10.9,47.32
"2015-10-05",27908,27.5,15.45,11.2,48.01
"2015-10-06",27667,27.43,15.62,11.27,47.77
"2015-10-07",27572,27.450001,15.62,11.35,49.14
"2015-10-08",27431,27.5,15.72,11.33,48.63
"2015-10-09",27841,27.48,15.88,11.48,48.91
"2015-10-12",27773,27.52,15.84,11.48,49.5
"2015-10-13",27604,27.51,15.79,11.45,49.45
"2015-10-14",27016,27.540001,15.65,11.43,49.03
"2015-10-15",27463,27.530001,15.71,11.43,50.01
"2015-10-16",27925,27.549999,15.85,11.53,50.52
"2015-10-19",27661,27.540001,15.85,11.5,50.51
"2015-10-20",27702,27.469999,15.91,11.5,50.48
"2015-10-21",28079,27.52,15.97,11.52,
"2015-10-22",28401,27.620001,15.87,11.51,50.14
"2015-10-23",28869,27.67,16.11,11.6,50.65
"2015-10-26",28914,27.700001,,11.59,50.76
"2015-10-27",28544,27.76,16.15,11.55,50.68
"2015-10-28",28776,27.77,16.04,11.59,50.12
"2015-10-29",28771,27.719999,16.1,11.52,49.63
"2015-10-30",28866,27.68,16.15,11.58,49.5
"2015-11-02",28955,27.620001,16.06,11.57,49.18
"2015-11-03",29138,27.620001,16.12,11.58,49.43
"2015-11-04",29138,27.639999,16.18,11.62,50.73
"2015-11-05",29411,27.58,16.18,11.61,50.72
"2015-11-06",29673,27.49,16.18,11.5,50.64
"2015-11-09",29757,27.459999,16.2,11.45,50.3
"2015-11-10",30007,27.51,16,11.43,49.59
"2015-11-11",30257,27.549999,16.05,11.44,49.55
"2015-11-12",29991,27.57,15.99,11.36,50.65
"2015-11-13",29931,27.629999,15.74,11.24,49.6
"2015-11-16",30025,27.629999,15.61,11.21,48.92
"2015-11-17",30363,27.65,15.84,11.32,49.36
"2015-11-18",30330,27.67,15.84,11.33,49.23
"2015-11-19",30327,27.74,16.08,11.44,49.81
"2015-11-20",30502,27.790001,16.02,11.47,50.57
"2015-11-23",30511,27.73,16.02,11.41,50.47
"2015-11-24",30424,27.75,15.99,11.39,50.11
"2015-11-25",30385,27.809999,16,11.43,50.09
"2015-11-26",30502,27.809999,16.08,11.45,49.89
"2015-11-27",30266,27.84,16.05,11.41,48.88
"2015-11-30",30246,27.82,16.02,11.38,48.7
"2015-12-01",30620,27.82,16.03,11.46,49.43
"2015-12-02",30668,27.85,16.14,11.47,49.75
"2015-12-03",30296,27.66,16.04,11.39,49.55
"2015-12-04",30177,27.59,15.78,11.36,49.11
"2015-12-07",30231,27.66,15.92,11.4,49.11
"2015-12-08",29870,27.719999,15.75,11.28,48.24
"2015-12-09",29661,27.709999,15.67,11.32,48
"2015-12-10",29515,27.700001,15.58,11.25,47.62
"2015-12-11",29072,27.73,15.56,11.15,46.96
"2015-12-14",28811,27.65,15.3,11.07,46.83
"2015-12-15",29149,27.559999,15.3,11.18,47.17
"2015-12-16",29410,27.57,15.47,11.24,47.65
"2015-12-17",29865,27.620001,15.65,11.29,48.2
"2015-12-18",29093,27.700001,15.44,11.16,47.81
"2015-12-21",29060,27.68,15.3,11.15,48.07
"2015-12-22",29015,27.639999,15.35,11.18,48.09
"2015-12-23",29501,27.59,15.48,11.3,48.62
"2015-12-24",29001,,15.62,,
"2015-12-28",29034,27.59,,11.32,48.33
"2015-12-29",29609,27.59,,11.4,48.41
"2015-12-30",29470,27.58,15.73,11.36,48.05
"2015-12-31",29152,27.58,15.63,11.31,48.29
"2016-01-04",28389,27.66,15.22,11.1,46.45
"2016-01-05",28549,27.68,15.18,11.13,45.81
"2016-01-06",28026,27.700001,15.01,11.07,45.7
"2016-01-07",27465,27.639999,14.66,10.94,43.52
"2016-01-08",26938,27.67,14.7,10.92,43.96
"2016-01-11",26768,27.639999,14.54,10.78,42.72
"2016-01-12",26575,27.59,14.48,10.79,42.26
"2016-01-13",26956,27.66,14.63,10.83,42.49
"2016-01-14",26403,27.65,14.21,10.61,42.02
"2016-01-15",25645,27.65,14.19,10.55,41.36
"2016-01-18",25925,27.610001,14.1,10.54,41.07
"2016-01-19",26137,27.610001,14.3,10.61,42.13
"2016-01-20",24726,27.6,13.87,10.39,40.61
"2016-01-21",24767,27.66,13.95,10.33,39.89
"2016-01-22",26008,27.65,14.32,10.62,41.11
"2016-01-25",25965,27.67,14.43,10.64,41.37
"2016-01-26",25868,27.700001,14.18,10.59,40.38
"2016-01-27",26250,27.709999,14.39,10.69,40.69
"2016-01-28",26017,27.77,14.28,10.69,41.03
"2016-01-29",26873,27.85,14.37,10.77,41.98
"2016-02-01",27331,27.870001,14.71,10.87,41.9
"2016-02-02",26999,27.85,14.67,10.82,41.86
"2016-02-03",25899,27.84,14.42,10.8,40.72
"2016-02-04",25516,27.860001,14.46,10.84,41.22
"2016-02-05",25014,27.83,14.4,10.81,41.33
"2016-02-08",24560,27.83,13.94,10.69,
"2016-02-09",23695,27.74,13.69,10.64,
"2016-02-10",23393,27.74,13.86,10.66,
"2016-02-11",22512,27.709999,13.53,10.58,38.99
"2016-02-12",22195,27.690001,13.66,10.52,39.21
"2016-02-15",23549,27.75,14.11,10.73,40.61
"2016-02-16",23427,27.719999,14.04,10.74,41.19
"2016-02-17",24158,27.74,14.16,10.84,41.08
"2016-02-18",24068,27.83,14.47,10.94,42.05
"2016-02-19",23552,27.84,14.32,10.88,41.99
"2016-02-22",24113,27.870001,14.45,11.04,42.33
"2016-02-23",23557,27.85,14.43,11.02,42.33
"2016-02-24",23140,27.91,14.18,10.88,41.76
"2016-02-25",23934,27.9,14.31,11.03,41.14
"2016-02-26",24570,27.950001,14.44,11.09,42.21
"2016-02-29",24192,28.01,14.37,11.02,41.6
"2016-03-01",24624,28.02,14.41,11.07,42.07
"2016-03-02",25127,27.959999,14.71,11.16,43.36
"2016-03-03",25124,27.98,14.76,11.23,43.48
"2016-03-04",25592,27.969999,14.81,11.33,43.88
"2016-03-07",25177,27.98,14.76,11.33,44.03
"2016-03-08",24758,27.99,14.67,11.32,43.58
"2016-03-09",24708,27.959999,14.63,11.35,43.27
"2016-03-10",24903,28.040001,14.65,11.41,43.23
"2016-03-11",25467,28.02,14.74,11.45,43.69
"2016-03-14",25564,28.08,14.95,11.49,44.35
"2016-03-15",25136,28.02,14.85,11.43,43.99
"2016-03-16",25279,28.040001,14.77,11.44,43.77
"2016-03-17",25074,28.110001,,11.59,44.59
"2016-03-18",25013,28.17,14.96,11.66,45.24
"2016-03-21",25057,28.16,15.02,11.61,45.59
"2016-03-22",25183,28.16,14.98,11.62,45.66
"2016-03-23",25253,28.15,15,11.58,45.51
"2016-03-24",24969,28.190001,14.86,11.51,45.01
"2016-03-25",25370,,,,
"2016-03-28",25568,,,,
"2016-03-29",25687,28.25,14.91,11.57,45.05
"2016-03-30",25887,28.25,15.19,11.71,45.94
"2016-03-31",25510,28.24,15.29,11.68,46.16
"2016-04-01",24785,28.280001,15.13,11.55,45.43
"2016-04-04",24596,28.280001,15.31,11.62,
"2016-04-05",23869,28.309999,15.15,11.49,45.16
"2016-04-06",23969,28.27,15.06,11.45,45.25
"2016-04-07",23678,28.26,15.25,11.52,45.6
"2016-04-08",24400,28.25,15.18,11.56,45.49
"2016-04-11",24367,28.219999,15.24,11.6,45.66
"2016-04-12",24851,28.18,15.22,11.57,45.7
"2016-04-13",25672,28.200001,15.38,11.68,47.05
"2016-04-14",25811,28.190001,15.55,11.7,47.17
"2016-04-15",25477,28.23,15.53,11.71,47.12
"2016-04-18",25448,28.219999,15.48,11.68,46.75
"2016-04-19",26064,28.190001,15.66,11.85,47.07
"2016-04-20",26261,28.209999,15.63,11.82,46.45
"2016-04-21",26333,28.15,15.67,11.8,46.99
"2016-04-22",26738,28.139999,15.63,11.76,46.54
"2016-04-25",26423,28.09,15.55,11.72,46
"2016-04-26",26412,28.07,15.51,11.78,45.96
"2016-04-27",26340,28.08,15.58,11.75,45.81
"2016-04-28",25439,28.110001,15.48,11.73,45.8
"2016-04-29",24479,28.08,15.39,11.64,45.37
"2016-05-02",24680,28.120001,,11.65,
"2016-05-03",24351,28.190001,15.33,11.6,44.67
"2016-05-04",24331,28.17,15.17,11.52,44.15
"2016-05-05",24525,,15.13,,
"2016-05-06",24537,28.200001,15.07,11.44,43.43
"2016-05-09",24965,28.219999,15.18,11.48,43.5
"2016-05-10",25694,28.25,15.26,11.53,43.47
"2016-05-11",25747,28.219999,15.34,11.54,43.51
"2016-05-12",25593,28.190001,15.32,11.51,43.34
"2016-05-13",25776,28.209999,15.21,11.43,42.8
"2016-05-16",25841,,15.15,,
"2016-05-17",25895,28.24,15.3,11.46,43.63
"2016-05-18",26033,28.219999,15.19,11.37,43
"2016-05-19",25797,28.200001,15.16,11.27,42.57
"2016-05-20",26201,28.200001,15.18,11.34,42.95
"2016-05-23",25948,28.209999,15.25,11.36,42.96
"2016-05-24",26251,28.23,15.24,11.37,42.83
"2016-05-25",26258,28.280001,15.51,11.43,43.69
"2016-05-26",26145,28.290001,15.58,11.46,43.58
"2016-05-27",26216,28.309999,15.57,11.5,44.39
"2016-05-30",26506,28.26,,11.51,44.49
"2016-05-31",26610,28.26,15.64,11.53,44.73
"2016-06-01",26312,28.32,15.61,11.51,44.79
"2016-06-02",25906,28.299999,15.63,11.52,44.69
"2016-06-03",25580,28.360001,15.72,11.61,44.9
"2016-06-06",25970,28.35,,11.65,45.07
"2016-06-07",26146,28.379999,15.87,11.71,45.85
"2016-06-08",26046,28.41,15.93,11.75,45.76
"2016-06-09",25760,28.48,15.89,11.71,
"2016-06-10",25512,28.469999,15.73,11.61,44.88
"2016-06-13",24913,28.440001,15.41,11.52,43.98
"2016-06-14",24525,28.41,15.23,11.43,43.89
"2016-06-15",24940,28.41,15.28,11.45,44.23
"2016-06-16",24197,28.4,15.17,11.35,43.55
"2016-06-17",24129,28.41,15.28,11.46,43.75
"2016-06-20",24988,28.42,15.64,11.59,44.15
"2016-06-21",25163,28.41,15.68,11.57,44.59
"2016-06-22",25224,28.41,15.73,11.62,44.96
"2016-06-23",25695,,15.81,,
"2016-06-24",24069,28.459999,15.04,11.38,43.99
"2016-06-27",23706,28.549999,14.94,11.23,43.8
"2016-06-28",24257,28.6,14.82,11.36,43.62
"2016-06-29",24661,28.66,15.13,11.51,44.3
"2016-06-30",24633,28.68,15.35,11.56,45.16
"2016-07-01",24636,28.77,15.49,11.75,
"2016-07-04",24679,28.780001,15.55,11.76,45.63
"2016-07-05",24274,28.799999,15.48,11.69,45.11
"2016-07-06",24000,28.84,15.26,11.61,44.61
"2016-07-07",23979,28.809999,15.35,11.7,45.12
"2016-07-08",23888,28.860001,15.35,11.69,44.93
"2016-07-11",24929,28.870001,15.62,11.8,45.42
"2016-07-12",25491,28.83,15.81,11.86,46.03
"2016-07-13",25252,28.870001,15.84,11.87,46.32
"2016-07-14",25656,28.83,15.92,11.93,46.69
"2016-07-15",25341,28.82,15.88,11.93,46.74
"2016-07-18",25342,28.83,15.95,11.91,46.86
"2016-07-19",25388,28.83,15.97,11.9,46.52
"2016-07-20",25823,28.84,16.01,11.92,46.8
"2016-07-21",25456,28.809999,16.06,11.91,47.27
"2016-07-22",25472,28.82,15.97,11.93,47.16
"2016-07-25",25430,28.870001,16.02,11.93,47.25
"2016-07-26",25276,28.889999,,11.98,47.28
"2016-07-27",25531,28.92,16.04,11.94,47.4
"2016-07-28",25353,28.93,16.05,11.9,47.21
"2016-07-29",25548,28.98,16.12,11.94,46.52
"2016-08-01",25520,29,,11.98,46.98
"2016-08-02",24974,28.91,16.12,11.97,47.04
"2016-08-03",24808,28.93,16.04,11.88,46.4
"2016-08-04",24660,28.969999,16.09,11.89,46.58
"2016-08-05",24859,28.99,16.14,11.93,47.1
"2016-08-08",25047,28.98,16.24,11.95,47.82
"2016-08-09",25243,29.01,16.24,11.98,47.93
"2016-08-10",25290,29.08,16.33,12.02,48
"2016-08-11",25489,29.08,16.32,12.03,48.54
"2016-08-12",25452,29.08,16.36,12.07,49.15
"2016-08-15",25551,,16.37,,
"2016-08-16",25212,29.040001,16.44,12.04,49.85
"2016-08-17",24990,28.99,16.24,11.93,49.44
"2016-08-18",24869,29.040001,16.3,12,50.09
"2016-08-19",24754,29.02,16.3,11.92,50.26
"2016-08-22",24923,29.040001,16.3,11.93,50.15
"2016-08-23",25043,29.040001,16.39,12.04,49.67
"2016-08-24",25033,29.040001,16.44,12.01,49.57
"2016-08-25",25007,28.99,16.33,11.99,49.35
"2016-08-26",24876,29.02,16.32,11.97,49.62
"2016-08-29",25108,29,,11.9,49.63
"2016-08-30",25171,29.040001,16.37,11.9,50.13
"2016-08-31",25199,29.02,16.32,11.86,49.74
"2016-09-01",25128,28.950001,16.3,11.86,49.92
"2016-09-02",25495,28.950001,16.36,11.95,50.27
"2016-09-05",25184,28.969999,16.5,11.97,51.02
"2016-09-06",25208,29.030001,16.54,12.01,51.49
"2016-09-07",25391,29.1,16.59,12.04,51.57
"2016-09-08",25379,29.049999,16.58,12.02,51.74
"2016-09-09",25228,28.9,16.36,11.88,51.99
"2016-09-12",24936,28.84,15.96,11.74,50.21
"2016-09-13",24732,28.85,16.1,11.74,50.14
"2016-09-14",24734,28.83,15.93,11.67,50.11
"2016-09-15",24859,28.790001,15.92,11.65,50.31
"2016-09-16",24728,28.809999,16.04,11.71,
"2016-09-19",24824,28.82,15.99,11.82,50.83
"2016-09-20",25040,28.889999,16.02,11.82,50.83
"2016-09-21",25287,28.879999,16.09,11.86,51.18
"2016-09-22",25713,28.99,16.28,12.02,51.7
"2016-09-23",25578,29,16.35,11.98,51.72
"2016-09-26",25201,29.02,16.18,11.89,50.9
"2016-09-27",25575,29.030001,16.12,11.91,51.23
"2016-09-28",25580,29.059999,16.21,11.93,51.41
"2016-09-29",25692,29.030001,16.25,11.94,51.64
"2016-09-30",25724,29.049999,16.03,11.86,50.62
"2016-10-03",25628,29.030001,16.19,11.89,51.17
"2016-10-04",25935,28.99,16.18,11.88,51.34
"2016-10-05",26078,28.889999,16.1,11.83,51.5
"2016-10-06",26032,28.85,16.12,11.77,51.85
"2016-10-07",25852,28.83,16.01,11.77,51.64
"2016-10-10",26102,28.790001,15.95,11.78,
"2016-10-11",25860,28.790001,15.96,11.71,51.46
"2016-10-12",26043,28.76,15.78,11.64,51.18
"2016-10-13",25835,28.790001,15.7,11.58,50.36
"2016-10-14",26056,28.780001,15.75,11.7,50.7
"2016-10-17",26006,28.77,15.68,11.66,50.35
"2016-10-18",26229,28.8,15.77,11.7,51.08
"2016-10-19",26206,28.83,15.84,11.71,51
"2016-10-20",26213,28.82,15.85,11.74,51.19
"2016-10-21",26052,28.87,15.79,11.69,
"2016-10-24",26214,28.87,15.83,11.77,51.49
"2016-10-25",26338,28.84,15.86,11.74,51.48
"2016-10-26",26428,28.74,15.72,11.72,50.88
"2016-10-27",26491,28.65,15.66,11.72,50.54
"2016-10-28",26608,28.59,15.6,11.62,50.01
"2016-10-31",26633,28.6,,11.67,50.01
"2016-11-01",26371,,15.58,,
"2016-11-02",25984,28.6,15.48,11.61,49.81
"2016-11-03",25910,28.57,15.45,11.6,49.45
"2016-11-04",25853,28.59,15.31,11.52,49.58
"2016-11-07",26223,28.59,15.47,11.59,50.01
"2016-11-08",26323,28.6,15.57,11.61,50.38
"2016-11-09",26419,28.54,15.3,11.57,49.59
"2016-11-10",26707,28.33,15.62,11.67,50.04
"2016-11-11",26394,28.25,15.44,11.57,48.56
"2016-11-14",26770,28.12,15.35,11.53,48.43
"2016-11-15",26864,28.28,15.27,11.55,48.38
"2016-11-16",26971,28.22,15.36,11.59,48.42
"2016-11-17",27149,28.21,15.37,11.59,48.37
"2016-11-18",27141,28.25,15.44,11.57,48.75
"2016-11-21",27239,28.2,15.41,11.6,48.84
"2016-11-22",27436,28.27,15.55,11.67,49.55
"2016-11-23",27751,28.18,15.46,11.65,49.35
"2016-11-24",27594,28.24,15.41,11.66,49.15
"2016-11-25",27498,28.22,15.42,11.71,49.32
"2016-11-28",27458,28.24,15.46,11.71,49.56
"2016-11-29",27749,28.27,15.44,11.72,49.4
"2016-11-30",27926,28.27,15.5,11.72,49.7
"2016-12-01",27718,28.17,15.36,11.66,49.92
"2016-12-02",27386,28.19,15.2,11.67,49.27
"2016-12-05",27613,28.14,15.25,11.69,48.88
"2016-12-06",27393,28.21,15.34,11.74,49.08
"2016-12-07",27450,28.22,15.35,11.77,49.08
"2016-12-08",27859,28.17,15.52,11.87,49.16
"2016-12-09",28064,28.19,15.51,11.88,48.99
"2016-12-12",27920,28.12,15.54,11.91,48.41
"2016-12-13",28114,28.22,15.55,11.99,48.5
"2016-12-14",27971,28.31,15.6,12.01,48.61
"2016-12-15",28494,28.24,15.44,11.86,47.65
"2016-12-16",28095,28.28,15.51,11.87,47.65
"2016-12-19",28190,28.35,15.48,11.89,47.21
"2016-12-20",28589,28.37,15.47,11.89,46.97
"2016-12-21",28346,28.4,15.48,11.91,47.09
"2016-12-22",28276,28.36,15.47,11.87,46.68
"2016-12-23",28309,28.4,15.42,11.85,46.58
"2016-12-26",28322,,,,
"2016-12-27",28456,28.43,,11.88,
"2016-12-28",28470,28.45,,11.85,47.16
"2016-12-29",27979,28.47,15.44,11.85,47.44
"2016-12-30",28166,28.44,15.51,11.88,47.88
"2017-01-02",28197,28.47,,11.87,
"2017-01-03",28419,28.36,15.45,11.86,47.82
"2017-01-04",28770,28.32,15.58,11.96,47.98
"2017-01-05",28660,28.27,15.73,11.96,48.66
"2017-01-06",29045,28.26,15.78,11.96,48.89
"2017-01-09",28923,28.29,15.79,11.94,48.9
"2017-01-10",28793,28.3,15.83,11.95,49.14
"2017-01-11",28829,28.34,15.84,11.94,49.52
"2017-01-12",28369,28.33,15.97,11.98,49.48
"2017-01-13",28836,28.29,15.97,11.99,49.64
"2017-01-16",28521,28.31,15.96,11.98,49.07
"2017-01-17",28035,28.35,16.01,12.04,49.33
"2017-01-18",28205,28.31,16.01,12.02,49.85
"2017-01-19",28543,28.23,16.06,11.99,49.75
"2017-01-20",28753,28.19,16.03,12.01,49.42
"2017-01-23",28298,28.2,16.06,12.02,49.42
"2017-01-24",28467,28.23,16.1,12.07,49.74
"2017-01-25",28907,28.13,16.24,12.13,49.98
"2017-01-26",29366,28.07,16.34,12.11,50.63
"2017-01-27",29188,28.05,16.23,12.08,50.36
"2017-01-30",28655,27.99,16.19,12.03,
"2017-01-31",28633,28.02,16.18,12.07,
"2017-02-01",28904,27.98,16.21,12.07,50.25
"2017-02-02",28724,28.05,16.19,12.07,50
"2017-02-03",28808,28.03,16.16,12.12,50.01
"2017-02-06",28647,28,16.26,12.13,50.43
"2017-02-07",28756,27.99,16.18,12.13,50.59
"2017-02-08",28725,28.05,16.18,12.15,50.87
"2017-02-09",29081,28.13,16.27,12.19,51.35
"2017-02-10",29234,28.05,16.35,12.24,51.31
"2017-02-13",29580,28.07,16.47,12.25,51.74
"2017-02-14",29437,28.08,16.48,12.26,51.86
"2017-02-15",29482,28.04,16.47,12.25,52
"2017-02-16",29221,28.09,16.57,12.31,52.17
"2017-02-17",29125,28.12,16.57,12.29,51.76
"2017-02-20",29389,28.1,16.58,12.33,51.94
"2017-02-21",29578,28.07,16.54,12.34,51.74
"2017-02-22",29430,28.09,16.59,12.37,52.31
"2017-02-23",29293,28.15,16.61,12.41,52.32
"2017-02-24",29171,28.21,16.6,12.41,51.84
"2017-02-27",28900,28.27,16.54,12.42,51.43
"2017-02-28",28879,28.3,16.55,12.36,51.23
"2017-03-01",29643,28.25,16.53,12.38,51.31
"2017-03-02",29613,28.21,16.66,12.38,51.38
"2017-03-03",29606,28.18,16.55,12.36,51.14
"2017-03-06",29391,28.18,16.59,12.37,51.26
"2017-03-07",29377,28.16,16.54,12.34,51.42
"2017-03-08",29509,28.09,16.48,12.33,51.63
"2017-03-09",29494,28.04,16.45,12.32,51.07
"2017-03-10",29783,27.97,16.59,12.36,51.03
"2017-03-13",29774,27.97,16.69,12.37,51.61
"2017-03-14",29669,27.97,16.79,12.35,51.9
"2017-03-15",29662,28.04,16.73,12.36,51.79
"2017-03-16",29644,28,16.91,12.49,52.68
"2017-03-17",29454,27.99,,12.5,52.88
"2017-03-20",29477,27.98,17,12.49,53.04
"2017-03-21",29071,27.98,17.03,12.46,53.27
"2017-03-22",28779,28.08,16.79,12.4,52.45
"2017-03-23",28872,28.11,16.85,12.44,52.37
"2017-03-24",28981,28.11,16.9,12.45,52.54
"2017-03-27",28834,28.15,16.95,12.42,52.17
"2017-03-28",29215,28.17,16.98,12.46,52.38
"2017-03-29",29410,28.21,17.03,12.47,52.45
"2017-03-30",29343,28.22,17.06,12.48,52.13
"2017-03-31",29095,28.21,17.01,12.46,51.85
"2017-04-03",28887,28.21,17,12.48,52.15
"2017-04-04",28899,28.28,16.94,12.44,
"2017-04-05",28988,28.28,16.95,12.49,52.4
"2017-04-06",28642,28.3,16.91,12.45,52.07
"2017-04-07",28630,28.34,16.9,12.45,52.22
"2017-04-10",28689,28.32,16.89,12.48,52.09
"2017-04-11",28354,28.3,16.96,12.49,51.91
"2017-04-12",28153,28.29,16.96,12.51,52.07
"2017-04-13",27984,28.32,16.97,12.51,52.03
"2017-04-14",27680,,,,
"2017-04-17",27913,,,,
"2017-04-18",27879,28.31,16.99,12.5,51.42
"2017-04-19",28126,28.34,17.01,12.49,51.27
"2017-04-20",28338,28.28,17.03,12.48,51.71
"2017-04-21",28381,28.29,17.1,12.53,51.76
"2017-04-24",28648,28.31,17.36,12.61,51.81
"2017-04-25",29177,28.28,17.39,12.66,52.38
"2017-04-26",29339,28.27,17.46,12.65,52.6
"2017-04-27",29209,28.3,17.55,12.66,52.48
"2017-04-28",29303,28.33,17.59,12.64,52.45
"2017-05-01",29497,,,,
"2017-05-02",29689,28.34,17.68,12.67,52.37
"2017-05-03",29706,28.38,17.72,12.67,
"2017-05-04",29844,28.35,17.72,12.68,51.99
"2017-05-05",29952,28.35,17.76,12.71,51.46
"2017-05-08",30367,28.34,17.92,12.74,51.59
"2017-05-09",30639,28.3,17.9,12.73,52.25
"2017-05-10",30626,28.35,17.99,12.73,52.64
"2017-05-11",30573,28.29,18.06,12.68,52.82
"2017-05-12",30727,28.32,18.04,12.69,52.94
"2017-05-15",30885,28.31,18.09,12.73,53.47
"2017-05-16",30770,28.31,18.19,12.75,53.73
"2017-05-17",30405,28.36,18.23,12.71,53.76
"2017-05-18",30345,28.41,17.96,12.63,53.21
"2017-05-19",30604,28.39,18.09,12.72,53.47
"2017-05-22",30558,28.35,18.22,12.8,54.14
"2017-05-23",30711,28.35,18.27,12.8,54.3
"2017-05-24",30881,28.37,18.26,12.78,54.2
"2017-05-25",31006,,18.33,,
"2017-05-26",30774,28.44,18.32,12.84,54.76
"2017-05-29",30781,28.45,,12.86,54.84
"2017-05-30",30877,28.45,18.27,12.86,
"2017-05-31",30912,28.49,18.27,12.88,54.69
"2017-06-01",31333,28.42,18.31,12.94,54.58
"2017-06-02",31491,28.44,18.5,12.98,54.76
"2017-06-05",31809,,,,
"2017-06-06",31466,28.46,18.55,12.96,54.85
"2017-06-07",31502,28.47,18.48,12.97,54.81
"2017-06-08",31665,28.5,18.45,12.93,55.07
"2017-06-09",31610,28.54,18.44,12.94,55.7
"2017-06-12",31083,28.58,18.33,12.96,54.77
"2017-06-13",31130,28.58,18.31,12.97,54.89
"2017-06-14",30825,28.64,18.41,13.04,54.82
"2017-06-15",30989,28.58,18.28,12.96,54.29
"2017-06-16",30906,28.59,18.25,12.98,54.22
"2017-06-19",31363,28.6,18.32,13.05,54.74
"2017-06-20",31642,28.63,18.38,13.06,55.06
"2017-06-21",31553,28.65,18.25,13,54.77
"2017-06-22",31581,28.68,18.34,13,55.4
"2017-06-23",31520,,18.34,,
"2017-06-26",31698,28.69,18.43,13.09,55.94
"2017-06-27",31830,28.59,18.42,13.06,55.98
"2017-06-28",31581,28.54,18.35,13.04,55.39
"2017-06-29",31513,28.44,18.43,13.01,55.87
"2017-06-30",31395,28.39,18.27,12.99,55.32
"2017-07-03",31577,28.39,18.21,13,55.38
"2017-07-04",31103,28.39,18.23,12.97,54.75
"2017-07-05",31369,28.37,18.26,12.97,55
"2017-07-06",31241,28.29,18.22,12.94,55.12
"2017-07-07",31393,28.23,18.07,12.92,54.59
"2017-07-10",31478,28.28,18.19,12.94,54.64
"2017-07-11",31655,28.27,18.25,12.94,55.48
"2017-07-12",31770,28.33,18.36,13.02,55.77
"2017-07-13",31875,28.32,18.56,13.06,56.75
"2017-07-14",31783,28.36,18.6,13.08,57
"2017-07-17",31915,28.35,18.69,13.1,57.41
"2017-07-18",31858,28.38,18.72,13.1,57.3
"2017-07-19",31907,28.42,18.77,13.13,58.13
"2017-07-20",32052,28.42,18.87,13.15,58.15
"2017-07-21",32150,28.48,18.92,13.11,57.94
"2017-07-24",32145,28.49,18.84,13.1,58.06
"2017-07-25",32323,28.44,18.9,13.13,58.14
"2017-07-26",32084,28.43,18.93,13.13,58.31
"2017-07-27",32348,28.45,19.02,13.22,58.79
"2017-07-28",31996,28.41,18.84,13.18,58.37
"2017-07-31",31848,28.43,18.92,13.17,59.11
"2017-08-01",31989,28.47,18.91,13.18,59.34
"2017-08-02",32125,28.53,18.94,13.21,59.51
"2017-08-03",32094,28.55,18.88,13.21,59.13
"2017-08-04",32394,28.56,18.91,13.21,59.45
"2017-08-07",32350,28.56,,13.24,59.78
"2017-08-08",32338,28.57,18.89,13.24,60.43
"2017-08-09",31787,28.6,18.72,13.17,60.26
"2017-08-10",31498,28.61,18.66,13.11,59.76
"2017-08-11",31262,28.62,18.44,13.06,58.2
"2017-08-14",31597,28.6,18.51,13.13,58.91
"2017-08-15",31837,,18.59,,
"2017-08-16",31939,28.57,18.6,13.15,59.35
"2017-08-17",31853,28.58,18.62,13.15,59.48
"2017-08-18",31615,28.62,18.46,13.01,59.07
"2017-08-21",31509,28.62,18.42,13.01,59.38
"2017-08-22",31875,28.59,18.44,13.08,59.94
"2017-08-23",31897,28.59,18.6,13.09,
"2017-08-24",31896,28.6,18.61,13.08,60.64
"2017-08-25",31909,28.57,18.56,13.12,61.11
"2017-08-28",32071,28.59,,13.12,60.77
"2017-08-29",32076,28.62,18.5,13.09,60.28
"2017-08-30",32314,28.62,18.54,13.12,60.68
"2017-08-31",32346,28.63,18.59,13.18,60.9
"2017-09-01",32431,28.6,18.8,13.21,60.97
"2017-09-04",32141,28.61,18.75,13.19,60.51
"2017-09-05",31678,28.63,18.74,13.18,60.68
"2017-09-06",32014,28.65,18.69,13.16,60.36
"2017-09-07",32246,28.67,18.84,13.21,60.34
"2017-09-08",32400,28.65,18.95,13.23,60.57
"2017-09-11",33095,28.63,19.02,13.33,60.68
"2017-09-12",33440,28.61,19.08,13.36,61.15
"2017-09-13",33670,28.56,19.11,13.36,61.19
"2017-09-14",33634,28.57,19.03,13.34,61.35
"2017-09-15",33855,28.55,19.05,13.38,61.26
"2017-09-18",34085,28.54,19.09,13.41,61.76
"2017-09-19",34240,28.58,19.13,13.39,61.79
"2017-09-20",34286,28.57,19.16,13.38,61.98
"2017-09-21",34046,28.55,19.08,13.34,61.95
"2017-09-22",33926,28.55,19.1,13.36,61.45
"2017-09-25",33877,28.57,19.08,13.35,60.51
"2017-09-26",33915,28.59,18.91,13.34,59.95
"2017-09-27",34024,28.51,18.87,13.32,60.22
"2017-09-28",34222,28.51,18.97,13.33,59.95
"2017-09-29",34356,28.56,19.09,13.35,60.07
"2017-10-02",34357,28.55,19.13,13.35,
"2017-10-03",34471,28.53,19.18,13.4,61.63
"2017-10-04",34550,28.55,19.25,13.39,62.08
"2017-10-05",34341,28.59,19.22,13.42,
"2017-10-06",34310,28.51,19.25,13.41,62.43
"2017-10-09",34337,28.58,19.26,13.41,62.3
"2017-10-10",34530,28.55,19.28,13.48,62.66
"2017-10-11",34686,28.57,19.32,13.51,62.64
"2017-10-12",34893,28.6,19.36,13.52,62.75
"2017-10-13",35052,28.65,19.41,13.58,62.53
"2017-10-16",35073,28.69,19.43,13.56,62.93
"2017-10-17",35216,28.71,19.28,13.55,63.08
"2017-10-18",35228,28.7,19.28,13.59,62.94
"2017-10-19",34942,28.69,19.25,13.58,62.29
"2017-10-20",35331,28.63,19.24,13.63,62.83
"2017-10-23",35765,28.66,19.26,13.64,62.86
"2017-10-24",36047,28.62,19.21,13.57,62.36
"2017-10-25",35794,28.6,19.19,13.58,62.79
"2017-10-26",36247,28.67,19.12,13.6,62.26
"2017-10-27",36573,28.68,19.12,13.56,62.45
"2017-10-30",36389,28.76,,13.56,62.32
"2017-10-31",36903,28.77,19.26,13.56,62.33
"2017-11-01",37271,,19.42,,
"2017-11-02",37464,28.8,19.38,13.57,62.97
"2017-11-03",37561,28.83,19.37,13.57,62.98
"2017-11-06",37461,28.86,19.41,13.58,63.09
"2017-11-07",37640,28.88,19.48,13.63,64.11
"2017-11-08",37870,28.88,19.48,13.62,63.98
"2017-11-09",37438,28.79,19.5,13.6,64.37
"2017-11-10",37256,28.77,19.36,13.58,64.23
"2017-11-13",37238,28.75,19.27,13.57,64.34
"2017-11-14",37082,28.75,19.28,13.58,64.16
"2017-11-15",36478,28.77,19.2,13.53,63.18
"2017-11-16",36952,28.77,19.22,13.59,63.63
"2017-11-17",36826,28.78,19.4,13.6,64.16
"2017-11-20",37123,28.8,19.38,13.61,64.36
"2017-11-21",37467,28.85,19.42,13.66,65.52
"2017-11-22",37432,28.86,19.51,13.67,65.93
"2017-11-23",37247,28.87,19.56,13.68,65.13
"2017-11-24",37695,28.85,19.55,13.7,65.44
"2017-11-27",37320,28.87,19.61,13.7,64.78
"2017-11-28",37236,28.88,19.59,13.7,64.51
"2017-11-29",37390,28.85,19.71,13.81,64.31
"2017-11-30",37282,28.86,19.62,13.87,63.03
"2017-12-01",36791,28.93,19.63,13.85,62.72
"2017-12-04",37041,28.94,19.65,13.92,62.94
"2017-12-05",37070,28.94,19.52,13.88,62.35
"2017-12-06",36526,28.98,19.39,13.84,61.1
"2017-12-07",36855,28.97,19.41,13.85,61.49
"2017-12-08",37296,28.97,19.51,13.9,62.49
"2017-12-11",37468,28.97,19.62,13.95,63.48
"2017-12-12",37637,28.95,19.67,13.95,63.06
"2017-12-13",37363,28.91,19.64,13.97,63.38
"2017-12-14",37101,28.91,19.66,13.98,63.5
"2017-12-15",37191,28.93,19.51,13.92,62.73
"2017-12-18",37559,28.94,19.69,14.02,62.78
"2017-12-19",37445,28.89,19.75,14.02,63.45
"2017-12-20",37687,28.82,19.76,14.01,63.19
"2017-12-21",37902,28.79,19.73,13.96,63.66
"2017-12-22",37965,28.8,19.85,13.96,64.43
"2017-12-26",37913,,,,
"2017-12-27",38018,28.81,,14,64.28
"2017-12-28",37713,28.79,19.92,14.02,64.76
"2017-12-29",37697,28.74,19.97,14.06,65.01
"2018-01-02",37634,28.7,20.01,14.06,66.06
"2018-01-03",38074,28.72,20.14,14.06,66.99
"2018-01-04",38989,28.73,20.35,14.14,67.47
"2018-01-05",39502,28.77,20.5,14.18,67.68
"2018-01-08",39576,28.79,20.59,14.21,68.32
"2018-01-09",39555,28.77,20.6,14.26,68.62
"2018-01-10",39393,28.71,20.61,14.21,68.92
"2018-01-11",39591,28.68,20.46,14.25,68.82
"2018-01-12",39886,28.68,20.65,14.35,69.55
"2018-01-15",39716,28.68,20.81,14.4,69
"2018-01-16",39999,28.73,20.82,14.48,70.37
"2018-01-17",40183,28.73,20.73,14.44,70.13
"2018-01-18",39777,28.71,20.79,14.51,70.62
"2018-01-19",40177,28.73,20.89,14.56,70.88
"2018-01-22",40336,28.73,20.99,14.61,71.26
"2018-01-23",40491,28.79,21.15,14.66,72.26
"2018-01-24",39856,28.75,21.18,14.72,72.57
"2018-01-25",39472,28.72,21.15,14.67,71.88
"2018-01-26",39490,28.72,21.11,14.74,72.78
"2018-01-29",39621,28.66,21.17,14.79,72.81
"2018-01-30",39129,28.66,21.03,14.62,71.83
"2018-01-31",38840,28.69,20.9,14.6,72.14
"2018-02-01",39392,28.65,20.89,14.58,71.96
"2018-02-02",39192,28.63,20.76,14.47,71.59
"2018-02-05",38148,28.64,20.34,14.26,70.57
"2018-02-06",36698,28.66,19.61,13.84,67.19
"2018-02-07",37349,28.68,19.79,14,66.66
"2018-02-08",36393,28.61,19.75,13.92,66.41
"2018-02-09",35616,28.61,19.19,13.62,64.23
"2018-02-12",36211,28.59,19.45,13.73,64.58
"2018-02-13",35418,28.56,19.53,13.75,65.67
"2018-02-14",35255,28.53,19.59,13.75,66.8
"2018-02-15",35783,28.53,19.94,14,68.32
"2018-02-16",36285,28.59,20.17,14.08,
"2018-02-19",36674,28.56,20.16,14.1,
"2018-02-20",36713,28.56,19.99,14.03,67.96
"2018-02-21",36758,28.58,19.94,14.04,69.02
"2018-02-22",36414,28.56,19.84,13.93,68.58
"2018-02-23",36502,28.59,19.99,14.01,69.31
"2018-02-26",36969,28.63,20.22,14.16,70.07
"2018-02-27",37298,28.64,20.27,14.19,69.4
"2018-02-28",36595,28.66,20.07,14.05,68.26
"2018-03-01",35893,28.69,19.85,13.81,68.65
"2018-03-02",34927,28.7,19.66,13.68,67.63
"2018-03-05",35294,28.66,19.69,13.74,66.58
"2018-03-06",35523,28.64,20.01,13.87,67.63
"2018-03-07",35375,28.68,19.93,13.82,67.55
"2018-03-08",35418,28.68,20.08,13.92,68.43
"2018-03-09",35944,28.72,20.16,13.98,68.91
"2018-03-12",36075,28.73,20.4,14.07,70.14
"2018-03-13",36204,28.75,20.36,14.1,70.14
"2018-03-14",35964,28.74,20.27,14,69.59
"2018-03-15",36314,28.8,20.2,13.99,69.82
"2018-03-16",36111,28.8,20.15,14.03,69.81
"2018-03-19",35396,28.78,,13.91,69.76
"2018-03-20",35535,28.79,19.97,13.87,69.62
"2018-03-21",35605,28.78,19.99,13.86,69.52
"2018-03-22",35335,28.85,20.02,13.71,68.66
"2018-03-23",34309,28.83,19.62,13.62,66.45
"2018-03-26",34073,28.83,19.67,13.58,66.47
"2018-03-27",35173,28.88,19.83,13.65,67.76
"2018-03-28",35090,28.9,19.64,13.6,66.2
"2018-03-29",35534,28.92,19.62,13.63,65.68
"2018-03-30",35554,,,,
"2018-04-02",35014,,,,
"2018-04-03",35430,28.92,19.54,13.52,65.72
"2018-04-04",35036,28.95,19.41,13.55,64.66
"2018-04-05",35704,28.93,19.9,13.74,
"2018-04-06",34970,28.92,19.98,13.78,65.13
"2018-04-09",35345,28.93,19.81,13.71,65.4
"2018-04-10",35626,28.91,20.06,13.78,66.41
"2018-04-11",35524,28.93,20.14,13.81,66.94
"2018-04-12",35528,28.93,20.09,13.83,66.7
"2018-04-13",35643,28.91,20.2,13.82,66.35
"2018-04-16",35737,28.9,20.18,13.84,65.32
"2018-04-17",35670,28.94,20.26,13.89,64.54
"2018-04-18",36009,28.95,20.48,13.9,65.03
"2018-04-19",35947,28.88,20.55,13.85,66.29
"2018-04-20",35830,28.85,20.36,13.77,65.48
"2018-04-23",36361,28.83,20.2,13.72,64.89
"2018-04-24",36685,28.81,20.27,13.7,65.69
"2018-04-25",36481,28.81,20.03,13.54,65.03
"2018-04-26",36641,28.84,20.08,13.64,64.14
"2018-04-27",36381,28.88,20.23,13.7,64.8
"2018-04-30",36567,28.86,20.32,13.75,65.98
"2018-05-01",36205,,20.2,,
"2018-05-02",36358,28.85,20.14,13.6,65.82
"2018-05-03",35699,28.88,20,13.53,65.02
"2018-05-04",36247,28.88,19.94,13.53,64.71
"2018-05-07",36319,28.89,,13.65,65.18
"2018-05-08",36428,28.82,20.1,13.57,66.03
"2018-05-09",36179,28.8,20.12,13.62,66.32
"2018-05-10",36306,,20.25,,
"2018-05-11",36822,28.82,20.43,13.81,67.07
"2018-05-14",37087,28.77,20.51,13.82,67.68
"2018-05-15",36934,28.72,20.44,13.67,67.58
"2018-05-16",36951,28.69,20.29,13.72,67.26
"2018-05-17",37327,28.64,20.32,13.7,67.2
"2018-05-18",37272,28.61,20.37,13.67,67.35
"2018-05-21",37519,,20.35,,
"2018-05-22",37443,28.6,20.46,13.78,
"2018-05-23",36863,28.6,20.27,13.67,67.27
"2018-05-24",36217,28.65,20.32,13.67,67.43
"2018-05-25",36220,28.64,20.2,13.67,67.31
"2018-05-28",36289,28.63,,13.66,67.67
"2018-05-29",35779,28.51,19.95,13.56,67.1
"2018-05-30",35743,28.49,19.89,13.57,66.41
"2018-05-31",35627,28.56,20.16,13.61,67.41
"2018-06-01",36111,28.62,20.19,13.64,67.29
"2018-06-04",36546,28.66,,13.73,68.28
"2018-06-05",36476,28.64,20.4,13.72,68.71
"2018-06-06",36627,28.5,20.43,13.73,68.89
"2018-06-07",36822,28.45,20.55,13.82,69.39
"2018-06-08",36584,28.43,20.37,13.81,68.33
"2018-06-11",36920,28.46,20.48,13.84,68.45
"2018-06-12",36662,28.45,20.51,13.85,68.66
"2018-06-13",36684,28.5,20.5,13.86,68.2
"2018-06-14",36667,28.56,20.41,13.83,67.34
"2018-06-15",36348,28.65,20.4,13.79,67.29
"2018-06-18",36044,28.68,20.24,13.73,
"2018-06-19",35448,28.7,19.98,13.63,65.68
"2018-06-20",35525,28.7,20.2,13.72,65.72
"2018-06-21",35382,28.66,20.19,13.66,65.3
"2018-06-22",35667,28.64,20.23,13.71,65.17
"2018-06-25",34977,28.6,20.18,13.6,64.39
"2018-06-26",35288,28.57,20.03,13.58,63.29
"2018-06-27",35500,28.6,20.03,13.59,62.12
"2018-06-28",35306,28.62,19.98,13.45,61.74
"2018-06-29",35509,28.66,20.14,13.55,63.35
"2018-07-02",34895,28.68,20.02,13.4,
"2018-07-03",34959,28.7,20.07,13.5,62.6
"2018-07-04",34657,28.72,20.03,13.49,61.93
"2018-07-05",34464,28.68,20.06,13.52,61.73
"2018-07-06",34756,28.72,20.14,13.61,61.79
"2018-07-09",35344,28.71,20.45,13.72,62.97
"2018-07-10",35415,28.71,20.54,13.76,62.96
"2018-07-11",35097,28.71,20.5,13.7,62.2
"2018-07-12",35183,28.72,20.44,13.7,62.3
"2018-07-13",35556,28.78,20.54,13.73,62.64
"2018-07-16",35541,28.76,20.67,13.75,62.33
"2018-07-17",35791,28.78,20.58,13.76,61.79
"2018-07-18",35774,28.79,20.63,13.79,61.89
"2018-07-19",35763,28.78,20.6,13.75,61.7
"2018-07-20",35500,28.75,20.6,13.8,61.79
"2018-07-23",35581,28.72,20.62,13.8,61.89
"2018-07-24",35799,28.68,20.73,13.85,62.94
"2018-07-25",35772,28.71,20.75,13.88,63.32
"2018-07-26",36163,28.71,20.88,13.97,63.07
"2018-07-27",36222,28.7,20.87,13.96,63.05
"2018-07-30",35901,28.65,20.88,13.98,62.45
"2018-07-31",35709,28.66,20.8,14.02,61.9
"2018-08-01",35891,28.63,20.81,14.01,61.66
"2018-08-02",35560,28.6,20.65,13.88,60.57
"2018-08-03",35358,28.61,20.66,13.94,60.24
"2018-08-06",35222,28.65,,13.96,60
"2018-08-07",35537,28.66,20.8,14.04,60.83
"2018-08-08",35535,28.66,20.75,14.02,61.03
"2018-08-09",35492,28.65,20.71,14.03,61.51
"2018-08-10",34940,28.66,20.52,13.92,61.21
"2018-08-13",34590,28.62,20.26,13.88,60.53
"2018-08-14",34882,28.63,20.32,13.89,59.38
"2018-08-15",34276,,20.17,,
"2018-08-16",34533,28.62,20.05,13.91,57.28
"2018-08-17",34578,28.62,20.17,13.93,57.45
"2018-08-20",34573,28.64,20.32,14.02,57.86
"2018-08-21",34494,28.67,20.44,14.05,58.81
"2018-08-22",34855,28.66,20.58,14.06,59.29
"2018-08-23",34734,28.63,20.57,14.05,59.15
"2018-08-24",34894,28.61,20.53,14.02,58.74
"2018-08-27",35386,28.59,,14.11,60
"2018-08-28",35437,28.56,20.85,14.14,60.36
"2018-08-29",35795,28.53,20.85,14.12,60.11
"2018-08-30",35417,28.53,20.93,14.12,59.67
"2018-08-31",35389,28.54,20.84,14.09,59.27
"2018-09-03",35206,28.55,20.74,14.07,58.74
"2018-09-04",35117,28.58,20.66,13.99,59.14
"2018-09-05",34799,28.59,20.5,14.01,57.97
"2018-09-06",34502,28.58,20.42,14.05,57.19
"2018-09-07",34542,28.59,20.41,13.96,56.98
"2018-09-10",34565,28.6,20.43,14.05,56.49
"2018-09-11",34746,28.59,20.4,13.99,55.75
"2018-09-12",34591,28.6,20.5,14.03,55.35
"2018-09-13",34964,28.6,20.62,14.1,56.56
"2018-09-14",35537,28.57,20.73,14.1,57.35
"2018-09-17",35587,28.58,20.7,14.14,56.77
"2018-09-18",36264,28.61,20.74,14.13,57.18
"2018-09-19",36495,28.58,20.92,14.17,58.17
"2018-09-20",36750,28.56,20.98,14.2,58.59
"2018-09-21",36994,28.59,21.09,14.25,59.93
"2018-09-24",36821,28.56,21.09,14.21,59.15
"2018-09-25",37441,28.52,21.1,14.2,
"2018-09-26",37640,28.52,21.13,14.2,59.62
"2018-09-27",37607,28.53,21.12,14.17,59.5
"2018-09-28",37599,28.49,21.08,14.14,59.67
"2018-10-01",37736,28.47,21.11,14.16,
"2018-10-02",37474,28.45,21.05,14.07,58.68
"2018-10-03",37301,28.47,21.02,14.07,58.69
"2018-10-04",36948,28.39,20.87,13.95,57.97
"2018-10-05",36712,28.35,20.67,13.92,57.78
"2018-10-08",36441,28.31,20.46,13.85,56.62
"2018-10-09",36210,28.3,20.38,13.84,56.7
"2018-10-10",35876,28.3,20.39,13.84,56.55
"2018-10-11",35045,28.3,19.81,13.57,54.44
"2018-10-12",34775,28.31,19.8,13.48,55.06
"2018-10-15",34654,28.32,19.81,13.44,54.66
"2018-10-16",35130,28.36,19.82,13.55,54.44
"2018-10-17",35183,28.39,20.03,13.6,
"2018-10-18",34901,28.33,19.89,13.59,54.36
"2018-10-19",34841,28.31,19.62,13.55,54.5
"2018-10-22",34693,28.36,19.67,13.47,55.26
"2018-10-23",33626,28.38,19.3,13.26,54.18
"2018-10-24",33431,28.38,19.32,13.33,53.78
"2018-10-25",33382,28.38,18.9,13.15,53.02
"2018-10-26",32425,28.43,18.78,13.06,52.62
"2018-10-29",32614,28.45,,13.22,52.13
"2018-10-30",32964,28.41,18.62,13.12,51.49
"2018-10-31",33648,28.43,18.96,13.3,53.03
"2018-11-01",33442,,19.17,,
"2018-11-02",33722,28.43,19.5,13.43,56.78
"2018-11-05",33733,28.43,19.34,13.4,55.68
"2018-11-06",33929,28.44,19.34,13.45,55.97
"2018-11-07",34149,28.43,19.55,13.58,56.17
"2018-11-08",34386,28.4,19.72,13.68,56.6
"2018-11-09",33943,28.41,19.5,13.61,55.19
"2018-11-12",33504,28.43,19.37,13.52,55.09
"2018-11-13",33464,28.4,19.12,13.5,55.2
"2018-11-14",33283,28.37,19.12,13.53,55.01
"2018-11-15",33256,28.37,19.15,13.29,55.73
"2018-11-16",33235,28.35,19.17,13.42,56.06
"2018-11-19",33102,28.3,19.23,13.45,56.1
"2018-11-20",32763,28.29,18.87,13.19,55.21
"2018-11-21",33268,28.3,18.73,13.23,55.13
"2018-11-22",33069,28.33,18.86,13.22,55.18
"2018-11-23",33201,28.35,18.76,13.19,54.93
"2018-11-26",33573,28.39,18.98,13.33,55.29
"2018-11-27",33683,28.39,18.96,13.28,55.52
"2018-11-28",33655,28.37,18.98,13.36,56.11
"2018-11-29",33659,28.4,19.23,13.45,56.07
"2018-11-30",33760,28.42,19.22,13.46,56.04
"2018-12-03",34133,28.43,19.56,13.59,57.08
"2018-12-04",33391,28.44,19.44,13.56,57.85
"2018-12-05",33193,28.47,18.98,13.35,56.89
"2018-12-06",32032,28.46,18.52,13.14,55.51
"2018-12-07",32333,28.43,18.67,13.32,55.18
"2018-12-10",31824,28.44,18.36,13.02,54.45
"2018-12-11",32073,28.44,18.37,13.18,54.47
"2018-12-12",32635,28.47,18.49,13.26,55.14
"2018-12-13",32602,28.49,18.55,13.22,55.93
"2018-12-14",32236,28.48,18.38,13.12,55.07
"2018-12-17",31995,28.48,18.23,12.95,54.78
"2018-12-18",31689,28.51,17.95,12.9,53.97
"2018-12-19",31718,28.54,17.92,12.87,53.7
"2018-12-20",30660,28.57,17.81,12.67,53.04
"2018-12-21",29996,28.54,17.47,12.61,52.82
"2018-12-24",29524,,17.3,,
"2018-12-26",29336,,,,
"2018-12-27",30054,28.55,,12.42,52.57
"2018-12-28",30381,28.55,17.6,12.69,52.75
"2018-12-31",30247,28.54,17.64,12.72,53.31
"2019-01-02",30222,28.63,17.52,12.63,52.05
"2019-01-03",29686,28.55,17.44,12.63,51.83
"2019-01-04",30464,28.51,17.58,12.69,52.35
"2019-01-07",30953,28.46,17.91,12.84,53.25
"2019-01-08",30941,28.43,18.09,12.95,53.42
"2019-01-09",31099,28.45,18.35,13.08,54.28
"2019-01-10",31191,28.48,18.4,13.01,54.78
"2019-01-11",31101,28.52,18.56,13.06,55.11
"2019-01-14",31012,28.55,18.39,13.05,54.44
"2019-01-15",31526,28.57,18.45,13.1,55.16
"2019-01-16",31502,28.58,18.52,13.16,55.63
"2019-01-17",31391,28.61,18.56,13.14,55.55
"2019-01-18",32029,28.61,18.77,13.3,55.99
"2019-01-21",31887,28.61,18.93,13.31,56.3
"2019-01-22",31631,28.64,18.89,13.26,55.82
"2019-01-23",31417,28.64,18.76,13.28,55.66
"2019-01-24",31704,28.71,18.79,13.23,55.93
"2019-01-25",32227,28.75,18.88,13.31,56.77
"2019-01-28",31792,28.73,18.96,13.24,56.84
"2019-01-29",31850,28.75,18.91,13.33,56.88
"2019-01-30",31983,28.76,18.89,13.33,56.93
"2019-01-31",32321,28.82,19.17,13.44,58.05
"2019-02-01",32341,28.8,19.11,13.49,58.36
"2019-02-04",32653,28.79,19.14,13.48,58.53
"2019-02-05",32754,28.78,19.26,13.59,
"2019-02-06",32700,28.8,19.27,13.58,
"2019-02-07",32383,28.79,19.13,13.5,
"2019-02-08",31650,28.79,19,13.43,58.27
"2019-02-11",32065,28.8,19,13.45,58.67
"2019-02-12",32759,28.8,19.04,13.49,58.78
"2019-02-13",32956,28.82,19.23,13.55,59.46
"2019-02-14",32722,28.85,19.23,13.51,59.47
"2019-02-15",32938,28.82,19.21,13.6,58.25
"2019-02-18",33141,28.85,19.45,13.65,59.01
"2019-02-19",33203,28.86,19.41,13.64,58.78
"2019-02-20",33359,28.87,19.54,13.69,59.28
"2019-02-21",33097,28.85,19.59,13.68,59.6
"2019-02-22",33244,28.87,19.51,13.74,60.17
"2019-02-25",33527,28.88,19.62,13.79,61.18
"2019-02-26",33446,28.93,19.58,13.8,61.14
"2019-02-27",33216,28.89,19.58,13.82,60.65
"2019-02-28",33167,28.86,19.52,13.86,60.31
"2019-03-01",33321,28.84,19.49,13.9,61.07
"2019-03-04",33467,28.87,19.6,13.87,61.71
"2019-03-05",33434,28.88,19.47,13.83,62
"2019-03-06",33303,28.93,19.47,13.82,62.08
"2019-03-07",32734,29.03,19.29,13.73,61.21
"2019-03-08",32245,29.08,19.01,13.63,59.54
"2019-03-11",32676,29.05,19.01,13.74,60.08
"2019-03-12",32993,29.05,19.25,13.83,60.99
"2019-03-13",32862,29.04,19.34,13.89,60.81
"2019-03-14",32627,29.08,19.48,13.91,60.81
"2019-03-15",32912,29.09,19.57,13.96,61.22
"2019-03-18",32966,29.12,,14.05,62.35
"2019-03-19",33129,29.1,19.73,14.08,62.37
"2019-03-20",33011,29.1,19.68,14.02,62.07
"2019-03-21",33012,29.17,19.63,14.05,61.73
"2019-03-22",32701,29.27,19.69,14,61.66
"2019-03-25",32590,29.24,19.34,13.94,60.09
"2019-03-26",33196,29.24,19.51,14.04,60.02
"2019-03-27",33113,29.31,19.55,14,60.53
"2019-03-28",32984,29.29,19.49,14,60.61
"2019-03-29",33120,29.27,19.57,14.04,61.27
"2019-04-01",33760,29.25,19.78,14.13,62.38
"2019-04-02",33649,29.25,19.89,14.13,62.37
"2019-04-03",34112,29.21,19.97,14.17,63.01
"2019-04-04",33959,29.23,19.93,14.17,62.94
"2019-04-05",34160,29.24,19.97,14.17,
"2019-04-08",33918,29.27,20.06,14.18,63.44
"2019-04-09",33747,29.28,20.15,14.16,63.84
"2019-04-10",33619,29.32,20.07,14.18,63.6
"2019-04-11",33701,29.34,20.08,14.17,62.71
"2019-04-12",33799,29.29,20.05,14.21,62.67
"2019-04-15",34169,29.23,20.16,14.22,62.69
"2019-04-16",34220,29.22,20.16,14.28,62.97
"2019-04-17",34312,29.21,20.15,14.21,63.13
"2019-04-18",34165,29.28,20.05,14.14,62.86
"2019-04-19",34100,,,,
"2019-04-22",34028,,,,
"2019-04-23",34180,29.24,20.19,14.14,62.55
"2019-04-24",33779,29.3,20.28,14.19,62.49
"2019-04-25",33820,29.3,20.2,14.11,61.57
"2019-04-26",33820,29.32,20.2,14.14,61.51
"2019-04-29",33820,29.32,20.25,14.16,62.06
"2019-04-30",33820,29.31,20.3,14.17,61.81
"2019-05-01",33820,,20.31,,
"2019-05-02",33820,29.37,20.21,14.15,61.95
"2019-05-03",33820,29.36,20.19,14.2,62.23
"2019-05-06",33820,29.37,,14.09,60.4
"2019-05-07",33169,29.4,20.2,14.09,60.39
"2019-05-08",32780,29.39,19.89,14,59.59
"2019-05-09",32048,,19.84,,
"2019-05-10",32200,29.35,19.86,13.96,58.88
"2019-05-13",31922,29.36,19.68,13.84,
"2019-05-14",32406,29.37,19.51,13.85,57.76
"2019-05-15",32541,29.41,19.61,13.84,58.32
"2019-05-16",32676,29.41,19.71,14.01,58.35
"2019-05-17",32545,29.45,19.83,13.94,57.71
"2019-05-20",32091,29.41,19.69,13.95,57.04
"2019-05-21",32286,29.39,19.62,13.98,56.86
"2019-05-22",32056,29.39,19.73,14.01,56.91
"2019-05-23",31561,29.4,19.57,13.91,55.78
"2019-05-24",31761,29.43,19.5,13.99,55.87
"2019-05-27",31955,29.45,,13.96,55.84
"2019-05-28",31958,29.45,19.5,14.02,56.21
"2019-05-29",31688,29.49,19.34,13.77,56.04
"2019-05-30",32033,,19.26,,
"2019-05-31",31438,29.51,19.1,13.71,56.21
"2019-06-03",31377,29.59,,13.74,56.42
"2019-06-04",31749,29.63,19.13,13.87,55.84
"2019-06-05",31999,29.65,19.49,14.03,55.98
"2019-06-06",31928,29.67,19.53,14.06,55.79
"2019-06-07",32330,29.8,19.63,14.16,
"2019-06-10",32741,,19.88,,
"2019-06-11",32913,29.77,20,14.26,57.86
"2019-06-12",32698,29.76,19.88,14.24,57.47
"2019-06-13",32557,29.77,19.86,14.23,57.31
"2019-06-14",32456,29.81,19.81,14.18,57.04
"2019-06-17",32412,29.81,19.77,14.16,56.83
"2019-06-18",32519,30.02,19.84,14.25,57.25
"2019-06-19",32679,30.02,20.08,14.27,58.52
"2019-06-20",32667,30.11,20.29,14.42,59.53
"2019-06-21",32631,30.04,20.32,14.38,59.58
"2019-06-24",32425,30.06,20.3,14.38,59.71
"2019-06-25",32297,30.09,20.25,14.38,59.1
"2019-06-26",32341,30.1,20.12,14.25,59.05
"2019-06-27",32563,30.09,20.17,14.28,59.77
"2019-06-28",32751,30.1,20.25,14.31,59.74
"2019-07-01",33414,30.13,20.52,14.43,
"2019-07-02",33699,30.23,20.49,14.44,60.94
"2019-07-03",33551,30.36,20.51,14.55,60.76
"2019-07-04",33565,30.41,20.58,14.57,60.78
"2019-07-05",33534,30.35,20.53,14.46,60.83
"2019-07-08",33416,30.34,20.43,14.46,59.89
"2019-07-09",33198,30.29,20.28,14.44,59.31
"2019-07-10",33159,30.24,20.33,14.52,59.63
"2019-07-11",33374,30.2,20.52,14.52,59.78
"2019-07-12",33291,30.13,20.52,14.51,59.68
"2019-07-15",33332,30.19,20.58,14.55,59.83
"2019-07-16",33257,30.26,20.53,14.54,60.15
"2019-07-17",33091,30.32,20.46,14.51,60.13
"2019-07-18",32627,30.35,20.32,14.43,59.78
"2019-07-19",33030,30.36,20.38,14.53,60.23
"2019-07-22",33087,30.37,20.29,14.43,59.5
"2019-07-23",33455,30.38,20.32,14.42,59.83
"2019-07-24",33624,30.48,20.4,14.43,60.17
"2019-07-25",33565,30.5,20.46,14.42,60.66
"2019-07-26",33395,30.46,20.39,14.45,60.32
"2019-07-29",33263,30.51,20.5,14.46,60.22
"2019-07-30",33102,30.48,20.47,14.4,60.22
"2019-07-31",33214,30.53,20.33,14.39,59.56
"2019-08-01",33356,30.57,20.16,14.32,59.34
"2019-08-02",32070,30.67,19.92,14.11,57.67
"2019-08-05",31318,30.71,,13.91,56
"2019-08-06",31433,30.74,19.32,13.84,55.27
"2019-08-07",31449,30.9,19.5,13.74,55.28
"2019-08-08",31721,30.77,19.54,13.99,55.85
"2019-08-09",31221,30.73,19.78,14.05,55.58
"2019-08-12",31150,30.73,19.69,14,55.66
"2019-08-13",31559,30.8,19.43,14.07,54.71
"2019-08-14",30939,30.9,19.63,13.92,55.15
"2019-08-15",31113,,19.2,,
"2019-08-16",31473,31.09,19.32,13.87,55.36
"2019-08-19",31581,30.94,19.54,14.03,56.61
"2019-08-20",31580,31,19.68,14.01,56.73
"2019-08-21",31713,30.97,19.66,14.08,56.89
"2019-08-22",31529,30.89,19.72,14.1,56.71
"2019-08-23",31173,30.9,19.74,14.05,56.74
"2019-08-26",31460,30.93,,13.91,55.3
"2019-08-27",31483,31.02,19.45,14.03,55.43
"2019-08-28",31401,31.19,19.42,13.93,55.45
"2019-08-29",31651,31.17,19.55,14.06,55.76
"2019-08-30",31733,31.14,19.84,14.14,56.33
"2019-09-02",31795,31.09,19.82,14.08,56.61
"2019-09-03",31795,31.12,19.79,14.08,56.3
"2019-09-04",32009,31.06,19.83,14.17,57.25
"2019-09-05",32630,30.93,20.04,14.28,57.79
"2019-09-06",32642,30.95,20.21,14.32,58.33
"2019-09-09",32967,30.89,20.29,14.26,58.22
"2019-09-10",33071,30.83,20.25,14.15,58.15
"2019-09-11",33728,30.77,20.3,14.23,58.33
"2019-09-12",34090,30.93,20.35,14.29,58.8
"2019-09-13",34461,30.74,20.47,14.34,59.4
"2019-09-16",34257,30.74,20.46,14.26,59.01
"2019-09-17",34508,30.73,20.38,14.26,58.38
"2019-09-18",34372,30.78,20.41,14.27,58.55
"2019-09-19",34607,30.78,20.44,14.32,58.21
"2019-09-20",34445,30.8,20.47,14.36,58.34
"2019-09-23",34124,30.91,20.3,14.27,57.72
"2019-09-24",34326,30.94,20.28,14.31,57.59
"2019-09-25",34353,31,20.07,14.16,56.73
"2019-09-26",34680,30.94,20.2,14.22,57.02
"2019-09-27",34602,30.93,20.15,14.22,56.74
"2019-09-30",34426,30.92,19.95,14.25,56.45
"2019-10-01",34493,30.84,20.05,14.26,
"2019-10-02",34033,30.85,19.74,13.99,56.19
"2019-10-03",33920,30.92,19.47,13.94,56.3
"2019-10-04",34134,30.93,19.6,14.04,56.22
"2019-10-07",34252,30.92,19.79,14.09,
"2019-10-08",33985,30.92,19.71,13.99,56.72
"2019-10-09",34263,30.88,19.47,13.99,56.13
"2019-10-10",34396,30.77,19.6,14.07,56.65
"2019-10-11",35065,30.71,19.82,14.29,57.43
"2019-10-14",34799,30.74,19.91,14.25,58.05
"2019-10-15",35557,30.74,19.94,14.27,57.83
"2019-10-16",35520,30.67,20.12,14.31,57.9
"2019-10-17",35382,30.66,20.15,14.39,58.19
"2019-10-18",35262,30.64,20.14,14.34,57.9
"2019-10-21",35476,30.58,20.08,14.37,57.73
"2019-10-22",35590,30.64,20.17,14.41,57.8
"2019-10-23",35763,30.67,20.01,14.35,57.27
"2019-10-24",35842,30.64,20.18,14.34,57.52
"2019-10-25",35986,30.64,20.16,14.31,57.72
"2019-10-28",36040,30.54,,14.37,58.21
"2019-10-29",36374,30.57,20.28,14.42,58.21
"2019-10-30",36263,30.58,20.21,14.33,57.93
"2019-10-31",35798,30.69,20.3,14.34,58.28
"2019-11-01",36093,,20.31,,
"2019-11-04",36386,30.59,20.49,14.47,59.06
"2019-11-05",36785,30.54,20.56,14.43,59.74
"2019-11-06",36698,30.54,20.57,14.43,59.72
"2019-11-07",37116,30.46,20.59,14.47,60.08
"2019-11-08",36821,30.36,20.63,14.4,59.98
"2019-11-11",36903,30.4,20.58,14.43,58.82
"2019-11-12",37177,30.35,20.6,14.45,59.11
"2019-11-13",37003,30.42,20.55,14.44,58.49
"2019-11-14",36634,30.47,20.57,14.45,58.08
"2019-11-15",37127,30.45,20.61,14.51,58.08
"2019-11-18",36929,30.48,20.84,14.59,58.6
"2019-11-19",36662,30.47,20.84,14.62,59.16
"2019-11-20",36687,30.5,20.81,14.62,59.01
"2019-11-21",36405,30.45,20.7,14.56,58.24
"2019-11-22",36448,30.47,20.7,14.59,58.5
"2019-11-25",36818,30.48,20.75,14.68,58.91
"2019-11-26",36856,30.5,20.92,14.71,59.16
"2019-11-27",37123,30.5,21,14.76,59.43
"2019-11-28",37064,30.49,21.06,14.76,59.57
"2019-11-29",36904,30.46,21.01,14.73,58.82
"2019-12-02",36594,30.34,20.96,14.66,58.89
"2019-12-03",36426,30.39,20.83,14.55,58.79
"2019-12-04",37161,30.44,20.77,14.64,58.44
"2019-12-05",37129,30.35,20.86,14.65,58.85
"2019-12-06",37544,30.34,20.87,14.73,59.56
"2019-12-09",37537,30.4,21.04,14.72,59.59
"2019-12-10",37510,30.38,20.96,14.69,59.52
"2019-12-11",37410,30.43,20.97,14.71,59.86
"2019-12-12",37744,30.45,21.1,14.76,60.53
"2019-12-13",37657,30.38,21.39,14.83,61.65
"2019-12-16",38172,30.46,21.43,14.92,61.62
"2019-12-17",38015,30.44,21.51,14.88,62.31
"2019-12-18",37907,30.41,21.48,14.9,62.48
"2019-12-19",37918,30.32,21.44,14.85,62.27
"2019-12-20",38076,30.33,21.5,14.93,62.23
"2019-12-23",37791,30.34,21.58,14.94,62.42
"2019-12-24",37751,,21.58,,
"2019-12-26",37949,,,,
