date,LU0161332480,LU0205439572,LU0197229882,LU0261947096,LU0329678337
2014/1/2,25752,17.26,26.8,18.82,11.85
2014/1/3,25574,17.14,27.05,18.62,11.81
2014/1/6,25736,16.99,26.94,18.48,11.73
2014/1/7,25822,17.0,26.95,18.56,11.76
2014/1/8,25988,17.03,26.99,18.66,11.82
2014/1/9,25887,16.89,26.84,18.44,11.73
2014/1/10,25817,16.99,27.35,18.45,11.8
2014/1/13,25626,17.08,27.77,18.55,11.97
2014/1/14,25606,16.99,27.62,18.53,11.96
2014/1/15,25956,17.02,27.92,18.55,12.03
2014/1/16,25796,16.97,27.86,18.51,11.99
2014/1/17,26042,16.95,27.5,18.56,11.98
2014/1/20,25956,16.94,27.84,18.51,11.97
2014/1/21,25815,16.89,27.52,18.45,11.91
2014/1/22,25944,16.99,27.72,18.57,12.01
2014/1/23,25533,16.73,27.52,18.29,11.88
2014/1/24,24721,16.36,26.74,17.89,11.58
2014/1/27,24205,16.21,26.21,17.64,11.37
2014/1/28,24468,16.34,26.38,17.87,11.48
2014/1/29,24465,16.38,26.23,17.92,11.55
2014/1/30,24445,16.42,26.25,17.97,11.61
2014/1/31,23955,16.35,26.28,17.86,11.56
2014/2/3,23257,16.19,26.06,17.7,11.43
2014/2/4,22875,16.2,26.16,17.61,11.36
2014/2/5,22990,16.08,26.16,17.43,11.32
2014/2/6,23265,16.34,26.58,17.81,11.5
2014/2/7,23707,16.46,26.63,17.98,11.57
2014/2/10,23625,16.44,26.34,17.97,11.52
2014/2/11,23918,16.68,26.54,18.25,11.65
2014/2/12,24072,16.76,26.77,18.32,11.69
2014/2/13,23697,16.69,26.27,18.33,11.64
2014/2/14,23558,16.87,26.78,18.5,11.77
2014/2/17,23730,16.92,26.82,18.55,11.88
2014/2/18,24221,16.93,26.93,18.58,11.9
2014/2/19,24209,16.99,26.98,18.57,11.94
2014/2/20,23628,16.9,26.94,18.35,11.85
2014/2/21,24057,16.96,27.29,18.49,11.94
2014/2/24,24106,17.03,27.61,18.43,11.98
2014/2/25,23994,16.98,27.61,18.42,11.94
2014/2/26,23855,17.02,27.69,18.57,12.0
2014/2/27,23598,17.17,27.87,18.74,12.12
2014/2/28,23756,17.17,28.04,18.81,12.17
2014/3/3,23123,17.01,27.52,18.64,11.99
2014/3/4,23712,17.18,28.01,18.87,12.16
2014/3/5,23602,17.19,28.33,18.85,12.16
2014/3/6,24130,17.41,29.0,19.15,12.36
2014/3/7,23973,17.25,29.02,18.95,12.31
2014/3/10,23850,17.07,29.23,18.75,12.24
2014/3/11,23628,17.07,29.14,18.83,12.27
2014/3/12,23241,16.98,29.08,18.57,12.18
2014/3/13,22566,16.95,28.96,18.48,12.08
2014/3/14,22433,16.9,29.08,18.33,12.09
2014/3/17,22459,17.06,29.21,18.4,12.14
2014/3/18,22398,17.12,29.36,18.43,12.15
2014/3/19,22379,17.14,29.28,18.39,12.12
2014/3/20,22214,16.93,29.11,18.08,12.0
2014/3/21,22324,17.04,29.33,18.16,12.04
2014/3/24,21915,17.07,29.64,18.06,12.09
2014/3/25,22084,17.15,29.93,17.99,12.09
2014/3/26,22400,17.33,29.96,18.19,12.15
2014/3/27,22361,17.3,30.06,18.07,12.08
2014/3/28,22863,17.46,30.53,18.28,12.31
2014/3/31,23098,17.55,30.51,18.38,12.34
2014/4/1,23310,17.69,30.52,18.69,12.48
2014/4/2,23523,17.69,30.76,18.78,12.51
2014/4/3,23478,17.63,30.34,18.66,12.38
2014/4/4,23493,17.72,30.56,18.67,12.38
2014/4/7,23052,17.6,30.25,18.42,12.28
2014/4/8,22500,17.75,30.47,18.55,12.4
2014/4/9,22282,17.91,30.67,18.73,12.52
2014/4/10,21960,17.94,30.62,18.85,12.51
2014/4/11,21989,17.8,30.33,18.66,12.34
2014/4/14,22149,17.79,30.38,18.66,12.38
2014/4/15,21887,17.59,30.04,18.43,12.22
2014/4/16,22558,17.73,30.01,18.64,12.28
2014/4/17,22585,17.84,30.36,18.76,12.4
2014/4/18,22681,17.79,30.26,18.78,12.37
2014/4/21,22661,17.81,30.34,18.81,12.41
2014/4/22,22525,17.89,30.3,18.89,12.42
2014/4/23,22494,17.74,30.25,18.77,12.34
2014/4/24,22383,17.75,30.32,18.77,12.34
2014/4/25,22303,17.58,30.35,18.46,12.26
2014/4/28,22323,17.57,30.29,18.38,12.14
2014/4/29,22466,17.64,30.39,18.45,12.2
2014/4/30,22203,17.59,30.28,18.19,12.12
2014/5/1,22697,17.6,30.38,18.29,12.17
2014/5/2,22681,17.63,30.45,18.34,12.17
2014/5/5,22628,17.63,30.38,18.36,12.15
2014/5/6,22498,17.69,30.57,18.41,12.16
2014/5/7,22209,17.53,30.26,18.26,12.02
2014/5/8,22284,17.58,30.42,18.17,12.0
2014/5/9,22403,17.51,31.23,18.09,12.12
2014/5/12,22490,17.71,32.31,18.35,12.4
2014/5/13,22797,17.77,32.29,18.44,12.41
2014/5/14,22753,17.89,32.1,18.62,12.49
2014/5/15,22451,17.79,31.85,18.54,12.41
2014/5/16,22462,17.9,32.85,18.69,12.62
2014/5/19,22185,17.84,33.15,18.75,12.69
2014/5/20,22034,17.77,33.17,18.71,12.64
2014/5/21,22255,17.85,33.22,18.78,12.68
2014/5/22,22504,18.0,33.63,18.91,12.81
2014/5/23,22841,18.07,33.87,18.96,12.86
2014/5/26,23050,18.09,33.52,18.98,12.77
2014/5/27,23052,18.05,33.23,18.97,12.72
2014/5/28,23060,18.09,33.31,19.08,12.76
2014/5/29,23190,18.13,33.19,19.12,12.7
2014/5/30,23311,18.02,32.8,19.02,12.58
2014/6/2,23672,18.1,33.63,19.08,12.77
2014/6/3,23772,18.13,33.66,19.19,12.88
2014/6/4,23962,18.07,33.55,19.11,12.81
2014/6/5,23877,18.13,33.98,19.2,12.91
2014/6/6,24004,18.22,34.69,19.23,13.02
2014/6/9,23903,18.27,34.69,19.27,13.06
2014/6/10,23724,18.34,34.76,19.37,13.11
2014/6/11,23753,18.31,34.61,19.31,13.06
2014/6/12,23897,18.32,35.01,19.28,13.09
2014/6/13,23986,18.26,34.3,19.27,12.99
2014/6/16,23845,18.27,33.84,19.25,12.93
2014/6/17,23843,18.19,34.02,19.21,12.91
2014/6/18,24020,18.19,33.93,19.2,12.84
2014/6/19,24403,18.33,33.99,19.28,12.85
2014/6/20,24624,18.24,33.85,19.21,12.84
2014/6/23,24344,18.17,33.84,19.03,12.78
2014/6/24,24592,18.25,34.27,19.26,12.9
2014/6/25,24378,18.22,34.26,19.21,12.88
2014/6/26,24316,18.4,34.04,19.36,12.9
2014/6/27,24175,18.46,34.23,19.38,12.94
2014/6/30,24371,18.51,34.51,19.53,13.05
2014/7/1,24810,18.57,34.85,19.64,13.13
2014/7/2,24897,18.7,35.55,19.82,13.3
2014/7/3,24963,18.75,35.65,19.92,13.35
2014/7/4,24972,18.75,35.72,19.91,13.36
2014/7/7,24773,18.78,35.73,19.99,13.44
2014/7/8,24617,18.71,35.16,19.88,13.34
2014/7/9,24731,18.65,34.91,19.78,13.29
2014/7/10,24262,18.61,34.58,19.79,13.26
2014/7/11,24290,18.63,34.29,19.73,13.17
2014/7/14,24600,18.7,34.32,19.77,13.21
2014/7/15,24661,18.69,34.34,19.77,13.21
2014/7/16,24670,18.72,34.91,19.77,13.31
2014/7/17,24604,18.61,34.81,19.6,13.25
2014/7/18,24579,18.67,34.92,19.64,13.28
2014/7/21,24510,18.64,35.07,19.6,13.3
2014/7/22,24766,18.86,35.79,19.83,13.47
2014/7/23,24718,18.96,35.84,19.83,13.55
2014/7/24,24693,18.97,35.88,19.85,13.55
2014/7/25,24688,18.88,35.77,19.76,13.49
2014/7/28,24897,18.95,35.69,19.83,13.53
2014/7/29,24920,18.99,35.57,19.86,13.51
2014/7/30,25151,18.98,35.47,19.91,13.47
2014/7/31,24965,18.81,34.76,19.64,13.31
2014/8/1,24790,18.68,34.62,19.56,13.23
2014/8/4,24827,18.75,34.63,19.76,13.35
2014/8/5,24620,18.66,34.79,19.63,13.39
2014/8/6,24257,18.63,34.42,19.57,13.3
2014/8/7,24218,18.56,34.43,19.46,13.23
2014/8/8,23910,18.53,34.23,19.47,13.21
2014/8/11,24310,18.69,34.72,19.76,13.4
2014/8/12,24211,18.71,34.8,19.69,13.41
2014/8/13,24568,18.91,35.12,19.9,13.56
2014/8/14,24550,18.92,35.46,19.9,13.6
2014/8/15,24411,18.86,35.38,19.83,13.58
2014/8/18,24608,18.96,35.88,19.88,13.67
2014/8/19,24698,19.03,36.03,19.96,13.68
2014/8/20,24609,19.11,36.17,20.07,13.72
2014/8/21,24890,19.03,36.23,19.92,13.69
2014/8/22,24724,19.07,36.35,20.0,13.72
2014/8/25,24911,19.09,36.49,20.06,13.72
2014/8/26,24834,19.11,36.63,20.04,13.72
2014/8/27,24751,19.15,36.79,19.97,13.75
2014/8/28,24586,18.99,36.49,19.82,13.64
2014/8/29,24584,19.02,36.74,19.8,13.65
2014/9/1,24726,19.07,36.85,19.88,13.7
2014/9/2,25173,19.0,37.09,19.72,13.72
2014/9/3,25253,19.24,37.44,19.93,13.91
2014/9/4,25218,19.26,37.54,19.98,13.94
2014/9/5,24966,19.19,37.56,19.89,13.91
2014/9/8,25192,19.16,37.86,19.88,13.99
2014/9/9,25157,19.07,37.36,19.73,13.85
2014/9/10,25357,18.88,37.17,19.49,13.7
2014/9/11,25317,18.79,37.25,19.43,13.67
2014/9/12,25361,18.7,37.15,19.4,13.62
2014/9/15,25263,18.53,36.98,19.22,13.49
2014/9/16,25250,18.51,36.5,19.23,13.42
2014/9/17,25190,18.45,36.62,19.28,13.46
2014/9/18,25579,18.45,37.4,19.22,13.59
2014/9/19,25683,18.41,37.29,19.3,13.58
2014/9/22,25714,18.19,37.33,18.97,13.51
2014/9/23,25609,18.19,36.76,18.92,13.39
2014/9/24,25786,18.29,36.86,19.05,13.46
2014/9/25,25742,18.06,36.1,18.81,13.29
2014/9/26,25993,18.0,36.42,18.87,13.31
2014/9/29,26029,17.81,36.32,18.68,13.22
2014/9/30,25950,17.8,36.19,18.61,13.17
2014/10/1,25484,17.75,36.22,18.47,13.15
2014/10/2,24680,17.61,35.98,18.31,13.0
2014/10/3,25275,17.82,36.19,18.58,13.14
2014/10/6,25303,17.89,36.49,18.62,13.2
2014/10/7,25019,17.89,36.1,18.62,13.17
2014/10/8,24804,17.72,35.8,18.46,13.08
2014/10/9,24420,17.86,36.49,18.6,13.25
2014/10/10,24010,17.54,35.91,18.2,13.06
2014/10/13,23718,17.55,36.31,18.09,13.07
2014/10/14,23624,17.59,36.03,18.11,13.03
2014/10/15,23141,17.48,35.86,17.99,12.93
2014/10/16,22982,17.58,35.38,18.1,12.88
2014/10/17,23279,17.7,35.64,18.11,13.02
2014/10/20,23804,17.75,36.09,18.22,13.14
2014/10/21,23703,17.86,36.38,18.39,13.25
2014/10/22,24124,17.92,36.66,18.52,13.32
2014/10/23,24372,17.95,36.82,18.52,13.34
2014/10/24,24382,17.95,36.9,18.42,13.36
2014/10/27,24350,17.88,36.6,18.25,13.23
2014/10/28,24421,18.11,37.02,18.54,13.4
2014/10/29,24783,18.21,37.28,18.67,13.54
2014/10/30,24982,18.2,37.46,18.61,13.54
2014/10/31,26382,18.35,38.15,18.83,13.75
2014/11/3,26800,18.25,38.13,18.77,13.71
2014/11/4,26524,18.22,38.15,18.72,13.72
2014/11/5,26617,18.16,38.2,18.65,13.7
2014/11/6,26423,18.13,38.25,18.57,13.68
2014/11/7,26299,18.18,38.37,18.56,13.67
2014/11/10,26500,18.31,38.22,18.81,13.67
2014/11/11,26918,18.29,38.47,18.78,13.71
2014/11/12,26493,18.32,38.87,18.8,13.82
2014/11/13,26729,18.34,38.65,18.89,13.8
2014/11/14,26789,18.38,38.6,18.9,13.8
2014/11/17,26371,18.22,38.68,18.66,13.73
2014/11/18,26763,18.18,38.71,18.62,13.73
2014/11/19,26897,18.07,38.41,18.56,13.65
2014/11/20,26853,18.06,38.49,18.65,13.67
2014/11/21,27003,18.23,39.04,18.8,13.81
2014/11/24,27071,18.29,39.01,18.81,13.93
2014/11/25,27233,18.19,38.59,18.89,13.86
2014/11/26,27184,18.42,38.8,19.08,14.0
2014/11/27,26991,18.4,38.84,19.02,13.97
2014/11/28,27466,18.32,38.81,19.01,13.98
2014/12/1,27465,18.04,38.94,18.69,13.85
2014/12/2,27964,18.12,38.92,18.68,13.92
2014/12/3,27932,18.11,39.07,18.67,13.91
2014/12/4,27892,18.18,39.17,18.69,13.95
2014/12/5,28525,18.18,38.93,18.71,13.95
2014/12/8,28110,18.13,38.57,18.65,13.91
2014/12/9,27451,17.88,38.15,18.45,13.67
2014/12/10,27027,17.83,38.16,18.49,13.69
2014/12/11,27454,17.82,37.71,18.49,13.57
2014/12/12,26847,17.65,37.21,18.32,13.46
2014/12/15,25998,17.54,36.46,18.13,13.27
2014/12/16,26386,17.6,35.7,18.11,13.19
2014/12/17,26417,17.46,35.87,17.89,13.13
2014/12/18,27037,17.64,36.86,18.11,13.38
2014/12/19,27467,17.75,37.04,18.27,13.46
2014/12/22,27406,17.91,37.45,18.39,13.55
2014/12/23,27582,17.79,37.04,18.27,13.48
2014/12/24,27576,17.79,36.68,18.3,13.41
2014/12/26,27735,17.95,36.72,18.49,13.5
2014/12/29,27488,18.03,36.98,18.5,13.59
2014/12/30,26852,17.95,37.34,18.44,13.61
2014/12/31,26930,18.02,37.48,18.52,13.68
2015/1/2,26869,17.96,37.98,18.44,13.76
2015/1/5,26561,17.84,37.63,18.28,13.68
2015/1/6,25758,17.68,36.67,18.18,13.52
2015/1/7,26506,17.76,36.69,18.37,13.64
2015/1/8,26820,18.04,37.87,18.66,13.93
2015/1/9,26331,18.0,38.0,18.5,13.88
2015/1/12,26275,17.97,38.37,18.5,13.94
2015/1/13,26505,18.14,38.58,18.66,14.05
2015/1/14,25876,17.91,38.18,18.44,13.91
2015/1/15,26113,18.09,39.4,18.63,14.16
2015/1/16,26579,18.11,40.09,18.62,14.21
2015/1/19,26453,17.94,40.03,18.41,14.02
2015/1/20,26918,18.01,40.7,18.51,14.16
2015/1/21,26706,18.25,41.01,18.82,14.4
2015/1/22,26760,18.33,41.4,18.88,14.54
2015/1/23,26893,18.42,41.43,19.12,14.68
2015/1/26,27343,18.43,41.54,19.22,14.72
2015/1/27,27186,18.37,41.88,19.1,14.68
2015/1/28,27298,18.4,41.88,19.1,14.66
2015/1/29,27138,18.17,41.58,18.87,14.5
2015/1/30,26977,18.09,40.73,18.68,14.34
2015/2/2,26983,18.25,40.98,18.77,14.39
2015/2/3,26870,18.41,40.75,18.93,14.45
2015/2/4,27042,18.48,40.51,19.02,14.44
2015/2/5,26932,18.47,40.55,18.9,14.42
2015/2/6,27128,18.34,40.26,18.79,14.33
2015/2/9,26806,18.24,39.53,18.66,14.18
2015/2/10,26932,18.18,39.56,18.69,14.19
2015/2/11,27210,18.12,39.82,18.68,14.19
2015/2/12,26898,18.26,40.4,18.75,14.32
2015/2/13,27343,18.51,40.92,18.86,14.46
2015/2/16,27117,18.49,40.59,18.83,14.44
2015/2/17,27228,18.48,40.58,18.8,14.4
2015/2/18,27697,18.48,41.04,18.76,14.47
2015/2/19,27932,18.52,41.4,18.76,14.53
2015/2/20,28047,18.5,41.06,18.74,14.49
2015/2/23,28067,18.48,40.72,18.79,14.46
2015/2/24,28202,18.62,41.0,18.96,14.56
2015/2/25,28142,18.71,41.04,18.98,14.55
2015/2/26,28474,18.66,40.79,19.08,14.54
2015/2/27,28560,18.69,41.47,19.02,14.63
2015/3/2,28513,18.75,41.96,19.03,14.74
2015/3/3,28387,18.71,42.29,18.95,14.7
2015/3/4,28185,18.59,41.78,18.89,14.62
2015/3/5,28609,18.54,42.01,18.85,14.63
2015/3/6,28718,18.48,41.45,18.83,14.52
2015/3/9,28663,18.36,40.91,18.71,14.44
2015/3/10,28329,18.07,40.48,18.39,14.24
2015/3/11,28646,18.08,40.45,18.44,14.22
2015/3/12,29280,18.36,41.05,18.61,14.39
2015/3/13,29272,18.11,39.99,18.39,14.2
2015/3/16,29646,18.26,40.16,18.64,14.32
2015/3/17,29545,18.3,40.66,18.7,14.38
2015/3/18,29691,18.41,40.69,18.81,14.43
2015/3/19,29599,18.57,40.53,18.98,14.51
2015/3/20,29939,18.83,40.56,19.1,14.54
2015/3/23,29913,18.85,40.28,19.11,14.56
2015/3/24,29860,18.85,40.22,19.13,14.49
2015/3/25,29640,18.73,39.94,18.98,14.4
2015/3/26,29239,18.6,39.07,18.89,14.27
2015/3/27,29321,18.6,39.16,18.85,14.33
2015/3/30,29761,18.63,40.03,19.12,14.57
2015/3/31,29325,18.67,40.16,19.15,14.63
2015/4/1,29078,18.75,40.68,19.28,14.8
2015/4/2,29518,18.9,40.95,19.47,14.89
2015/4/3,29512,18.92,40.72,19.48,14.85
2015/4/6,29820,19.1,41.16,19.7,15.02
2015/4/7,30148,19.02,41.12,19.59,15.01
2015/4/8,30192,19.45,41.48,19.98,15.29
2015/4/9,30210,19.56,41.68,20.16,15.43
2015/4/10,30147,19.63,41.39,20.26,15.4
2015/4/13,30126,19.72,41.54,20.55,15.53
2015/4/14,29918,19.66,41.67,20.38,15.39
2015/4/15,30012,19.64,41.25,20.36,15.33
2015/4/16,29915,19.9,40.93,20.55,15.43
2015/4/17,29439,19.64,40.18,20.28,15.16
2015/4/20,29692,19.65,39.24,20.29,15.04
2015/4/21,30259,19.77,38.85,20.4,15.16
2015/4/22,30620,19.94,39.23,20.58,15.29
2015/4/23,30400,19.95,38.77,20.62,15.18
2015/4/24,30306,20.16,38.2,20.7,15.14
2015/4/27,30436,20.28,37.59,20.76,15.07
2015/4/28,30298,20.32,38.02,20.71,15.1
2015/4/29,30060,20.16,37.83,20.6,14.98
2015/4/30,29950,19.87,37.39,20.43,14.81
2015/5/1,29895,19.86,37.37,20.4,14.81
2015/5/4,30021,19.97,38.05,20.47,14.92
2015/5/5,29533,19.79,38.14,20.14,14.76
2015/5/6,29381,19.62,37.0,20.0,14.57
2015/5/7,29548,19.35,36.7,19.75,14.43
2015/5/8,30124,19.62,37.65,20.07,14.67
2015/5/11,29996,19.56,37.81,20.1,14.74
2015/5/12,29806,19.5,37.1,19.96,14.56
2015/5/13,30069,19.62,37.61,20.01,14.59
2015/5/14,30201,19.63,37.98,20.1,14.67
2015/5/15,30410,19.71,38.1,20.2,14.75
2015/5/18,30804,19.64,38.44,20.22,14.72
2015/5/19,31014,19.65,38.43,20.31,14.82
2015/5/20,31077,19.62,38.66,20.32,14.88
2015/5/21,31096,19.69,38.86,20.34,14.95
2015/5/22,31273,19.79,39.15,20.55,15.11
2015/5/25,31312,19.8,38.73,20.54,15.05
2015/5/26,31224,19.72,38.28,20.5,15.04
2015/5/27,31704,19.68,38.33,20.36,14.98
2015/5/28,31745,19.39,38.22,20.05,14.7
2015/5/29,31552,19.42,38.92,20.04,14.74
2015/6/1,31936,19.42,38.85,20.06,14.79
2015/6/2,31743,19.32,37.98,19.92,14.65
2015/6/3,31861,19.42,37.61,19.9,14.6
2015/6/4,31808,19.14,37.6,19.75,14.54
2015/6/5,31866,19.03,37.56,19.66,14.51
2015/6/8,31405,18.99,37.02,19.64,14.44
2015/6/9,30885,18.83,36.99,19.41,14.28
2015/6/10,30971,18.99,37.56,19.58,14.36
2015/6/11,31216,19.02,36.71,19.52,14.32
2015/6/12,31149,19.09,36.73,19.64,14.37
2015/6/15,31227,18.93,36.85,19.46,14.25
2015/6/16,31088,18.86,36.98,19.38,14.21
2015/6/17,31045,18.91,37.17,19.45,14.27
2015/6/18,30992,19.15,37.95,19.66,14.39
2015/6/19,31023,19.08,38.36,19.48,14.31
2015/6/22,31552,19.24,38.96,19.69,14.48
2015/6/23,31881,19.37,39.06,19.82,14.59
2015/6/24,31815,19.38,38.91,19.86,14.62
2015/6/25,31747,19.34,39.14,19.79,14.56
2015/6/26,31947,19.07,39.18,19.57,14.41
2015/6/29,31006,18.7,38.63,19.14,14.13
2015/6/30,31023,18.9,38.92,19.37,14.31
2015/7/1,31513,18.89,39.35,19.38,14.32
2015/7/2,31457,18.95,39.47,19.44,14.34
2015/7/3,31551,18.74,39.77,19.32,14.28
2015/7/6,31086,18.39,40.02,18.93,14.1
2015/7/7,30731,17.93,39.72,18.41,13.8
2015/7/8,29628,17.51,39.08,17.92,13.48
2015/7/9,29957,17.88,39.16,18.44,13.8
2015/7/10,30279,18.14,39.36,18.75,14.04
2015/7/13,30878,18.29,39.84,19.01,14.21
2015/7/14,31182,18.32,39.94,18.89,14.16
2015/7/15,31297,18.27,40.14,18.82,14.1
2015/7/16,31501,18.42,40.54,18.96,14.21
2015/7/17,31607,18.43,40.63,19.11,14.28
2015/7/20,31730,18.43,40.46,19.0,14.21
2015/7/21,31572,18.47,39.98,18.95,14.17
2015/7/22,31398,18.26,40.37,18.84,14.17
2015/7/23,31451,18.21,40.19,18.84,14.18
2015/7/24,31182,17.96,39.73,18.63,14.04
2015/7/27,30658,17.68,38.85,18.12,13.65
2015/7/28,30642,17.77,38.99,18.21,13.65
2015/7/29,30754,17.92,39.33,18.33,13.75
2015/7/30,30846,17.81,39.51,18.13,13.67
2015/7/31,31216,18.01,39.89,18.25,13.8
2015/8/3,31128,17.76,39.87,18.06,13.75
2015/8/4,31053,17.89,40.04,18.1,13.79
2015/8/5,31470,17.91,40.41,18.24,13.92
2015/8/6,31254,17.63,40.24,18.03,13.8
2015/8/7,31279,17.62,40.07,18.05,13.79
2015/8/10,31775,17.84,40.01,18.21,13.88
2015/8/11,31407,17.46,39.45,17.86,13.65
2015/8/12,30719,17.23,38.5,17.49,13.34
2015/8/13,30973,17.28,38.49,17.61,13.44
2015/8/14,31051,17.32,39.27,17.67,13.55
2015/8/17,31192,17.22,38.85,17.46,13.42
2015/8/18,31205,17.02,38.66,17.25,13.28
2015/8/19,30628,16.83,38.63,17.03,13.15
2015/8/20,29895,16.62,37.98,16.79,12.94
2015/8/21,28724,16.27,37.24,16.39,12.66
2015/8/24,26397,15.44,34.61,15.53,11.94
2015/8/25,27425,16.08,35.65,16.15,12.25
2015/8/26,27511,15.78,35.2,15.86,12.07
2015/8/27,28650,16.44,36.49,16.52,12.58
2015/8/28,28968,16.35,36.19,16.5,12.53
2015/8/31,28701,16.23,35.8,16.42,12.45
2015/9/1,27303,15.83,35.07,16.07,12.19
2015/9/2,27420,15.77,34.98,16.0,12.13
2015/9/3,27866,15.94,35.66,16.25,12.33
2015/9/4,26717,15.59,34.44,15.9,12.02
2015/9/7,26815,15.53,33.98,15.78,11.91
2015/9/8,26816,15.9,34.5,16.13,12.1
2015/9/9,27719,16.3,35.07,16.52,12.33
2015/9/10,27273,16.14,34.94,16.39,12.24
2015/9/11,27145,16.09,35.05,16.35,12.24
2015/9/14,27111,16.17,35.39,16.37,12.27
2015/9/15,27262,16.17,35.41,16.41,12.31
2015/9/16,27749,16.54,35.79,16.77,12.53
2015/9/17,27864,16.57,36.12,16.83,12.57
2015/9/18,27044,16.58,35.97,16.81,12.55
2015/9/21,27226,16.46,36.3,16.73,12.58
2015/9/22,26571,16.23,35.3,16.49,12.35
2015/9/23,26648,16.05,35.48,16.35,12.22
2015/9/24,26133,15.87,35.29,16.1,12.1
2015/9/25,27220,16.01,35.79,16.25,12.22
2015/9/28,26443,15.78,35.15,15.95,12.01
2015/9/29,25818,15.68,35.74,15.92,12.08
2015/9/30,26371,16.09,36.37,16.28,12.33
2015/10/1,26715,16.14,36.38,16.31,12.31
2015/10/2,26704,16.19,36.66,16.5,12.47
2015/10/5,27908,16.64,37.75,16.99,12.82
2015/10/6,27667,16.69,37.68,17.01,12.84
2015/10/7,27572,16.98,37.88,17.35,13.06
2015/10/8,27431,16.94,37.64,17.36,13.05
2015/10/9,27841,17.25,37.98,17.62,13.22
2015/10/12,27773,17.22,37.58,17.62,13.19
2015/10/13,27604,17.07,37.4,17.49,13.08
2015/10/14,27016,16.99,37.4,17.35,13.0
2015/10/15,27463,17.3,37.66,17.67,13.18
2015/10/16,27925,17.35,38.05,17.79,13.28
2015/10/19,27661,17.33,38.11,17.8,13.31
2015/10/20,27702,17.32,38.03,17.8,13.31
2015/10/21,28079,17.27,37.83,17.69,13.26
2015/10/22,28401,17.39,38.16,17.76,13.35
2015/10/23,28869,17.55,38.42,18.01,13.5
2015/10/26,28914,17.54,38.15,17.98,13.47
2015/10/27,28544,17.43,37.85,17.9,13.37
2015/10/28,28776,17.44,37.75,17.87,13.34
2015/10/29,28771,17.21,37.19,17.66,13.13
2015/10/30,28866,17.18,36.82,17.63,13.04
2015/11/2,28955,17.15,36.69,17.67,13.03
2015/11/3,29138,17.27,36.67,17.76,13.09
2015/11/4,29138,17.33,36.7,17.97,13.21
2015/11/5,29411,17.24,36.17,17.86,13.11
2015/11/6,29673,17.03,36.06,17.71,13.06
2015/11/9,29757,16.79,35.67,17.5,12.86
2015/11/10,30007,16.67,35.44,17.36,12.77
2015/11/11,30257,16.73,35.55,17.35,12.77
2015/11/12,29991,16.8,35.62,17.45,12.85
2015/11/13,29931,16.51,35.21,17.16,12.63
2015/11/16,30025,16.43,35.48,17.09,12.62
2015/11/17,30363,16.74,35.66,17.33,12.73
2015/11/18,30330,16.73,35.41,17.25,12.67
2015/11/19,30327,17.06,35.82,17.49,12.81
2015/11/20,30502,17.16,36.03,17.6,12.91
2015/11/23,30511,17.09,35.71,17.53,12.84
2015/11/24,30424,17.03,35.6,17.49,12.8
2015/11/25,30385,17.03,35.57,17.52,12.82
2015/11/26,30502,17.11,35.76,17.62,12.87
2015/11/27,30266,16.84,35.63,17.34,12.7
2015/11/30,30246,16.8,35.95,17.27,12.71
2015/12/1,30620,17.08,35.97,17.49,12.82
2015/12/2,30668,17.01,35.7,17.45,12.77
2015/12/3,30296,16.92,35.47,17.38,12.74
2015/12/4,30177,16.89,35.35,17.35,12.71
2015/12/7,30231,16.73,35.06,17.22,12.61
2015/12/8,29870,16.56,34.74,17.03,12.49
2015/12/9,29661,16.53,34.55,16.95,12.44
2015/12/10,29515,16.54,34.81,16.94,12.46
2015/12/11,29072,16.21,34.22,16.62,12.24
2015/12/14,28811,16.09,34.35,16.54,12.23
2015/12/15,29149,16.35,35.04,16.84,12.46
2015/12/16,29410,16.49,35.14,16.98,12.51
2015/12/17,29865,16.56,35.69,17.09,12.69
2015/12/18,29093,16.59,35.49,17.03,12.63
2015/12/21,29060,16.63,35.69,17.07,12.71
2015/12/22,29015,16.67,35.5,17.12,12.71
2015/12/23,29501,16.89,35.87,17.29,12.84
2015/12/24,29001,16.92,35.97,17.31,12.86
2015/12/28,29034,16.78,36.04,17.15,12.81
2015/12/29,29609,16.97,36.1,17.26,12.84
2015/12/30,29470,16.9,35.87,17.13,12.76
2015/12/31,29152,16.87,36.2,17.13,12.8
2016/1/4,28389,16.36,35.23,16.54,12.43
2016/1/5,28549,16.33,35.4,16.58,12.47
2016/1/6,28026,16.09,35.13,16.4,12.38
2016/1/7,27465,15.74,34.51,16.03,12.1
2016/1/8,26938,15.59,34.29,15.91,12.02
2016/1/11,26768,15.44,34.34,15.68,11.88
2016/1/12,26575,15.46,34.26,15.74,11.94
2016/1/13,26956,15.52,34.38,15.82,12.01
2016/1/14,26403,15.39,33.96,15.68,11.92
2016/1/15,25645,14.93,33.26,15.28,11.65
2016/1/18,25925,15.01,32.98,15.31,11.62
2016/1/19,26137,15.22,33.17,15.53,11.75
2016/1/20,24726,14.74,32.45,15.02,11.43
2016/1/21,24767,14.91,32.56,15.1,11.47
2016/1/22,26008,15.23,33.14,15.47,11.7
2016/1/25,25965,15.28,33.09,15.56,11.75
2016/1/26,25868,15.23,33.09,15.46,11.72
2016/1/27,26250,15.31,33.13,15.51,11.75
2016/1/28,26017,15.31,32.95,15.46,11.75
2016/1/29,26873,15.61,33.84,15.81,12.04
2016/2/1,27331,15.67,33.84,15.8,12.06
2016/2/2,26999,15.4,33.31,15.57,11.89
2016/2/3,25899,15.27,32.89,15.37,11.76
2016/2/4,25516,15.62,33.29,15.69,11.96
2016/2/5,25014,15.44,33.38,15.63,11.99
2016/2/8,24560,15.25,32.8,15.41,11.8
2016/2/9,23695,15.11,32.37,15.38,11.74
2016/2/10,23393,15.21,32.2,15.46,11.76
2016/2/11,22512,14.87,30.75,15.05,11.42
2016/2/12,22195,15.05,30.91,15.18,11.49
2016/2/15,23549,15.35,31.75,15.48,11.73
2016/2/16,23427,15.37,31.07,15.51,11.69
2016/2/17,24158,15.57,31.44,15.68,11.83
2016/2/18,24068,15.6,31.46,15.72,11.83
2016/2/19,23552,15.57,31.58,15.69,11.81
2016/2/22,24113,15.81,31.75,15.86,11.9
2016/2/23,23557,15.6,31.21,15.72,11.79
2016/2/24,23140,15.3,30.73,15.45,11.66
2016/2/25,23934,15.36,30.67,15.5,11.63
2016/2/26,24570,15.49,30.78,15.69,11.75
2016/2/29,24192,15.52,31.12,15.73,11.8
2016/3/1,24624,15.8,32.35,16.02,12.05
2016/3/2,25127,16.04,32.9,16.28,12.24
2016/3/3,25124,16.19,33.32,16.38,12.34
2016/3/4,25592,16.46,33.62,16.6,12.47
2016/3/7,25177,16.49,33.78,16.6,12.48
2016/3/8,24758,16.23,33.38,16.36,12.31
2016/3/9,24708,16.38,33.67,16.43,12.41
2016/3/10,24903,16.29,33.39,16.4,12.31
2016/3/11,25467,16.67,33.81,16.75,12.55
2016/3/14,25564,16.66,33.77,16.82,12.57
2016/3/15,25136,16.41,33.2,16.63,12.42
2016/3/16,25279,16.49,33.4,16.64,12.4
2016/3/17,25074,16.94,33.83,16.98,12.63
2016/3/18,25013,17.08,34.25,17.18,12.73
2016/3/21,25057,17.04,34.56,17.17,12.76
2016/3/22,25183,17.05,34.62,17.15,12.74
2016/3/23,25253,16.87,34.35,17.02,12.65
2016/3/24,24969,16.76,34.21,16.89,12.59
2016/3/25,25370,16.77,34.25,16.94,12.62
2016/3/28,25568,16.8,34.17,16.88,12.58
2016/3/29,25687,16.7,34.07,16.91,12.56
2016/3/30,25887,17.1,34.72,17.36,12.82
2016/3/31,25510,17.16,34.9,17.43,12.89
2016/4/1,24785,16.92,34.66,17.22,12.8
2016/4/4,24596,16.93,34.95,17.24,12.82
2016/4/5,23869,16.6,34.26,16.97,12.64
2016/4/6,23969,16.74,34.26,16.98,12.69
2016/4/7,23678,16.61,33.85,16.88,12.6
2016/4/8,24400,16.77,34.03,17.03,12.68
2016/4/11,24367,16.83,34.47,17.13,12.75
2016/4/12,24851,16.94,34.68,17.24,12.84
2016/4/13,25672,17.19,35.13,17.52,12.97
2016/4/14,25811,17.27,35.28,17.63,13.02
2016/4/15,25477,17.32,35.27,17.56,13.0
2016/4/18,25448,17.39,35.66,17.6,13.1
2016/4/19,26064,17.5,35.98,17.69,13.22
2016/4/20,26261,17.45,35.78,17.57,13.13
2016/4/21,26333,17.45,35.44,17.62,13.11
2016/4/22,26738,17.29,35.24,17.53,13.08
2016/4/25,26423,17.23,35.12,17.46,12.98
2016/4/26,26412,17.3,35.59,17.53,13.05
2016/4/27,26340,17.18,35.74,17.46,13.05
2016/4/28,25439,17.26,35.21,17.46,13.02
2016/4/29,24479,16.99,35.17,17.2,12.91
2016/5/2,24680,17.05,35.19,17.25,12.91
2016/5/3,24351,16.82,34.78,17.0,12.75
2016/5/4,24331,16.69,34.61,16.9,12.68
2016/5/5,24525,16.7,34.89,16.9,12.69
2016/5/6,24537,16.61,34.93,16.79,12.66
2016/5/9,24965,16.53,35.24,16.71,12.69
2016/5/10,25694,16.7,35.39,16.88,12.8
2016/5/11,25747,16.73,35.43,16.9,12.85
2016/5/12,25593,16.53,35.46,16.72,12.79
2016/5/13,25776,16.43,35.15,16.64,12.72
2016/5/16,25841,16.51,35.4,16.76,12.83
2016/5/17,25895,16.61,35.49,16.82,12.85
2016/5/18,26033,16.52,35.35,16.67,12.75
2016/5/19,25797,16.24,34.47,16.43,12.49
2016/5/20,26201,16.43,34.68,16.62,12.62
2016/5/23,25948,16.48,34.4,16.66,12.6
2016/5/24,26251,16.51,34.53,16.67,12.64
2016/5/25,26258,16.75,35.34,16.95,12.82
2016/5/26,26145,16.82,35.9,17.02,12.9
2016/5/27,26216,16.94,36.42,17.2,13.05
2016/5/30,26506,16.9,36.37,17.16,13.04
2016/5/31,26610,16.96,36.17,17.21,13.02
2016/6/1,26312,16.98,36.07,17.21,13.01
2016/6/2,25906,16.99,36.33,17.25,13.06
2016/6/3,25580,17.12,36.41,17.35,13.14
2016/6/6,25970,17.35,36.5,17.54,13.27
2016/6/7,26146,17.54,36.81,17.69,13.37
2016/6/8,26046,17.59,36.98,17.72,13.35
2016/6/9,25760,17.45,36.6,17.61,13.22
2016/6/10,25512,17.2,36.32,17.42,13.11
2016/6/13,24913,16.98,35.95,17.12,12.97
2016/6/14,24525,16.79,35.67,16.99,12.87
2016/6/15,24940,16.95,36.28,17.17,13.05
2016/6/16,24197,16.71,35.93,16.94,12.9
2016/6/17,24129,16.77,36.12,16.98,12.95
2016/6/20,24988,17.15,36.44,17.26,13.13
2016/6/21,25163,17.22,36.35,17.28,13.14
2016/6/22,25224,17.36,36.38,17.45,13.25
2016/6/23,25695,17.45,36.7,17.5,13.31
2016/6/24,24069,16.83,35.45,16.99,12.93
2016/6/27,23706,16.49,35.17,16.69,12.77
2016/6/28,24257,16.75,35.68,16.97,12.97
2016/6/29,24661,17.15,36.49,17.37,13.27
2016/6/30,24633,17.37,36.56,17.53,13.33
2016/7/1,24636,17.54,36.98,17.7,13.44
2016/7/4,24679,17.57,37.17,17.71,13.45
2016/7/5,24274,17.29,36.8,17.53,13.32
2016/7/6,24000,17.13,36.7,17.36,13.26
2016/7/7,23979,17.3,36.86,17.54,13.36
2016/7/8,23888,17.45,37.1,17.61,13.42
2016/7/11,24929,17.71,37.71,17.86,13.6
2016/7/12,25491,17.93,37.85,18.06,13.75
2016/7/13,25252,17.91,37.56,18.03,13.72
2016/7/14,25656,18.07,37.93,18.21,13.83
2016/7/15,25341,18.13,37.63,18.26,13.81
2016/7/18,25342,18.23,37.54,18.32,13.83
2016/7/19,25388,18.13,37.56,18.25,13.81
2016/7/20,25823,18.22,37.78,18.32,13.93
2016/7/21,25456,18.27,37.71,18.34,13.91
2016/7/22,25472,18.21,37.89,18.27,13.9
2016/7/25,25430,18.18,38.19,18.26,13.9
2016/7/26,25276,18.34,37.98,18.4,13.95
2016/7/27,25531,18.33,38.39,18.48,14.03
2016/7/28,25353,18.36,38.66,18.51,14.09
2016/7/29,25548,18.41,38.82,18.49,14.07
2016/8/1,25520,18.53,38.87,18.65,14.15
2016/8/2,24974,18.37,38.65,18.49,14.05
2016/8/3,24808,18.23,38.18,18.37,13.98
2016/8/4,24660,18.32,38.39,18.45,14.04
2016/8/5,24859,18.56,38.85,18.67,14.17
2016/8/8,25047,18.7,39.0,18.8,14.27
2016/8/9,25243,18.76,38.84,18.86,14.28
2016/8/10,25290,18.77,38.34,18.85,14.2
2016/8/11,25489,18.82,38.37,18.93,14.29
2016/8/12,25452,18.83,38.71,18.96,14.35
2016/8/15,25551,18.89,38.77,19.09,14.41
2016/8/16,25212,18.86,38.5,19.01,14.34
2016/8/17,24990,18.71,38.21,18.9,14.27
2016/8/18,24869,18.89,38.61,19.05,14.44
2016/8/19,24754,18.79,38.48,18.92,14.37
2016/8/22,24923,18.68,38.15,18.79,14.28
2016/8/23,25043,18.8,38.33,18.87,14.34
2016/8/24,25033,18.69,38.51,18.8,14.29
2016/8/25,25007,18.67,38.38,18.82,14.27
2016/8/26,24876,18.76,38.51,18.9,14.34
2016/8/29,25108,18.64,38.5,18.82,14.28
2016/8/30,25171,18.65,39.03,18.91,14.39
2016/8/31,25199,18.55,39.21,18.88,14.38
2016/9/1,25128,18.54,39.21,18.91,14.37
2016/9/2,25495,18.72,39.69,19.14,14.52
2016/9/5,25184,18.89,39.99,19.32,14.61
2016/9/6,25208,19.03,40.29,19.46,14.7
2016/9/7,25391,19.07,40.03,19.52,14.64
2016/9/8,25379,19.12,40.07,19.52,14.64
2016/9/9,25228,18.73,39.41,19.19,14.42
2016/9/12,24936,18.43,38.92,18.95,14.24
2016/9/13,24732,18.2,38.64,18.75,14.16
2016/9/14,24734,18.31,38.88,18.8,14.22
2016/9/15,24859,18.48,39.11,18.93,14.37
2016/9/16,24728,18.43,38.86,18.87,14.3
2016/9/19,24824,18.64,39.21,19.07,14.41
2016/9/20,25040,18.6,39.03,19.05,14.34
2016/9/21,25287,18.71,39.05,19.18,14.44
2016/9/22,25713,18.99,39.7,19.46,14.66
2016/9/23,25578,18.91,39.54,19.4,14.6
2016/9/26,25201,18.69,39.13,19.13,14.43
2016/9/27,25575,18.79,39.18,19.27,14.5
2016/9/28,25580,18.84,39.43,19.3,14.55
2016/9/29,25692,18.96,38.54,19.35,14.49
2016/9/30,25724,18.89,38.89,19.29,14.48
2016/10/3,25628,18.94,39.52,19.34,14.61
2016/10/4,25935,18.94,39.75,19.4,14.67
2016/10/5,26078,18.95,39.76,19.46,14.69
2016/10/6,26032,18.95,39.52,19.42,14.65
2016/10/7,25852,18.87,39.54,19.34,14.61
2016/10/10,26102,18.99,39.68,19.44,14.64
2016/10/11,25860,18.59,39.27,19.08,14.42
2016/10/12,26043,18.62,39.26,19.06,14.35
2016/10/13,25835,18.42,38.78,18.84,14.21
2016/10/14,26056,18.54,38.96,18.94,14.34
2016/10/17,26006,18.45,38.61,18.84,14.22
2016/10/18,26229,18.72,39.32,19.13,14.42
2016/10/19,26206,18.8,39.36,19.21,14.45
2016/10/20,26213,18.69,39.34,19.17,14.44
2016/10/21,26052,18.56,39.2,19.08,14.39
2016/10/24,26214,18.63,39.36,19.15,14.42
2016/10/25,26338,18.67,39.21,19.16,14.42
2016/10/26,26428,18.53,38.93,19.04,14.32
2016/10/27,26491,18.38,38.98,18.91,14.25
2016/10/28,26608,18.34,39.15,18.92,14.25
2016/10/31,26633,18.32,39.16,18.81,14.21
2016/11/1,26371,18.29,39.03,18.75,14.18
2016/11/2,25984,18.17,38.53,18.61,14.06
2016/11/3,25910,18.1,38.36,18.55,14.01
2016/11/4,25853,18.06,37.95,18.48,13.92
2016/11/7,26223,18.32,38.27,18.75,14.09
2016/11/8,26323,18.4,38.55,18.81,14.19
2016/11/9,26419,18.21,37.65,18.53,13.95
2016/11/10,26707,18.07,37.44,18.38,13.83
2016/11/11,26394,17.81,36.04,18.03,13.37
2016/11/14,26770,17.69,35.74,17.81,13.18
2016/11/15,26864,17.71,35.49,17.9,13.24
2016/11/16,26971,17.66,35.34,17.84,13.25
2016/11/17,27149,17.73,35.4,17.94,13.3
2016/11/18,27141,17.66,35.2,17.86,13.24
2016/11/21,27239,17.69,34.72,17.86,13.18
2016/11/22,27436,17.81,34.92,17.97,13.25
2016/11/23,27751,17.86,34.67,17.91,13.21
2016/11/24,27594,17.87,34.48,17.88,13.15
2016/11/25,27498,17.96,35.26,18.02,13.29
2016/11/28,27458,18.04,35.41,18.12,13.33
2016/11/29,27749,18.01,35.47,18.16,13.36
2016/11/30,27926,17.94,35.8,18.18,13.42
2016/12/1,27718,18.02,35.74,18.18,13.42
2016/12/2,27386,17.93,35.36,18.04,13.34
2016/12/5,27613,17.91,35.43,18.02,13.31
2016/12/6,27393,17.97,35.77,18.09,13.38
2016/12/7,27450,18.1,35.8,18.19,13.42
2016/12/8,27859,18.2,36.31,18.34,13.54
2016/12/9,28064,18.16,36.28,18.25,13.49
2016/12/12,27920,18.05,36.0,18.08,13.36
2016/12/13,28114,18.13,36.13,18.18,13.4
2016/12/14,27971,18.09,35.97,18.12,13.34
2016/12/15,28494,17.78,35.6,17.84,13.15
2016/12/16,28095,17.77,35.68,17.82,13.15
2016/12/19,28190,17.68,35.56,17.71,13.08
2016/12/20,28589,17.67,35.47,17.67,13.03
2016/12/21,28346,17.61,35.37,17.6,13.03
2016/12/22,28276,17.48,35.01,17.41,12.88
2016/12/23,28309,17.46,35.21,17.42,12.88
2016/12/26,28322,17.49,34.89,17.41,12.84
2016/12/27,28456,17.53,35.3,17.48,12.94
2016/12/28,28470,17.62,35.25,17.51,12.99
2016/12/29,27979,17.7,35.71,17.63,13.16
2016/12/30,28166,17.72,35.88,17.68,13.21
2017/1/2,28197,17.71,35.8,17.69,13.22
2017/1/3,28419,17.81,35.77,17.77,13.23
2017/1/4,28770,17.97,36.03,17.94,13.35
2017/1/5,28660,18.17,36.3,18.13,13.5
2017/1/6,29045,18.15,36.0,18.12,13.47
2017/1/9,28923,18.19,35.98,18.14,13.46
2017/1/10,28793,18.33,36.12,18.31,13.56
2017/1/11,28829,18.38,36.3,18.31,13.57
2017/1/12,28369,18.5,36.65,18.39,13.6
2017/1/13,28836,18.49,36.57,18.43,13.65
2017/1/16,28521,18.41,36.58,18.3,13.58
2017/1/17,28035,18.53,36.66,18.47,13.64
2017/1/18,28205,18.53,36.58,18.47,13.66
2017/1/19,28543,18.52,36.53,18.43,13.63
2017/1/20,28753,18.47,36.34,18.4,13.58
2017/1/23,28298,18.55,36.55,18.53,13.64
2017/1/24,28467,18.68,36.92,18.65,13.77
2017/1/25,28907,18.8,37.58,18.85,13.88
2017/1/26,29366,18.8,37.46,18.85,13.91
2017/1/27,29188,18.8,37.68,18.81,13.91
2017/1/30,28655,18.69,37.71,18.73,13.86
2017/1/31,28633,18.74,37.59,18.78,13.83
2017/2/1,28904,18.77,38.16,18.85,13.96
2017/2/2,28724,18.87,38.42,18.9,14.01
2017/2/3,28808,18.96,38.58,19.0,14.05
2017/2/6,28647,18.93,38.73,19.06,14.12
2017/2/7,28756,18.87,38.52,18.96,14.06
2017/2/8,28725,18.94,38.82,19.02,14.13
2017/2/9,29081,19.0,39.03,19.08,14.17
2017/2/10,29234,19.09,38.94,19.05,14.14
2017/2/13,29580,19.19,38.86,19.13,14.21
2017/2/14,29437,19.15,38.68,19.04,14.1
2017/2/15,29482,19.35,38.5,19.15,14.14
2017/2/16,29221,19.3,38.69,19.15,14.18
2017/2/17,29125,19.18,38.64,19.11,14.13
2017/2/20,29389,19.3,39.09,19.24,14.24
2017/2/21,29578,19.32,39.14,19.29,14.23
2017/2/22,29430,19.4,39.07,19.35,14.29
2017/2/23,29293,19.43,39.28,19.37,14.29
2017/2/24,29171,19.25,39.21,19.25,14.23
2017/2/27,28900,19.21,39.26,19.23,14.2
2017/2/28,28879,19.15,39.19,19.16,14.15
2017/3/1,29643,19.23,39.44,19.23,14.24
2017/3/2,29613,19.11,39.09,19.12,14.16
2017/3/3,29606,19.0,39.15,19.03,14.15
2017/3/6,29391,19.05,39.34,19.1,14.2
2017/3/7,29377,19.12,39.36,19.16,14.21
2017/3/8,29509,19.12,39.18,19.18,14.21
2017/3/9,29494,18.98,39.38,19.07,14.17
2017/3/10,29783,19.08,39.48,19.16,14.22
2017/3/13,29774,19.27,40.54,19.37,14.43
2017/3/14,29669,19.26,40.78,19.36,14.47
2017/3/15,29662,19.36,40.91,19.43,14.49
2017/3/16,29644,19.69,41.38,19.77,14.73
2017/3/17,29454,19.76,41.2,19.84,14.74
2017/3/20,29477,19.88,41.39,19.99,14.85
2017/3/21,29071,19.78,41.22,19.93,14.78
2017/3/22,28779,19.71,40.97,19.9,14.75
2017/3/23,28872,19.76,41.28,19.98,14.82
2017/3/24,28981,19.79,41.25,19.99,14.8
2017/3/27,28834,19.76,41.31,19.97,14.77
2017/3/28,29215,19.89,41.71,20.07,14.86
2017/3/29,29410,19.9,41.94,20.06,14.91
2017/3/30,29343,19.92,42.11,20.07,14.93
2017/3/31,29095,19.78,42.18,19.94,14.87
2017/4/3,28887,19.74,42.29,19.95,14.9
2017/4/4,28899,19.76,42.29,20.0,14.95
2017/4/5,28988,19.85,42.46,20.06,15.0
2017/4/6,28642,19.74,42.65,20.0,15.02
2017/4/7,28630,19.68,42.79,19.99,15.02
2017/4/10,28689,19.66,42.46,19.96,14.97
2017/4/11,28354,19.52,42.44,19.8,14.88
2017/4/12,28153,19.59,42.28,19.91,14.94
2017/4/13,27984,19.71,42.38,20.04,14.98
2017/4/14,27680,19.62,42.1,19.89,14.88
2017/4/17,27913,19.71,42.32,19.95,14.94
2017/4/18,27879,19.5,42.04,19.83,14.85
2017/4/19,28126,19.45,42.15,19.83,14.87
2017/4/20,28338,19.58,42.4,19.99,15.01
2017/4/21,28381,19.64,42.17,20.01,15.0
2017/4/24,28648,19.75,42.73,20.12,15.13
2017/4/25,29177,19.98,43.21,20.4,15.32
2017/4/26,29339,20.01,43.5,20.46,15.39
2017/4/27,29209,20.0,43.3,20.49,15.35
2017/4/28,29303,20.0,43.09,20.4,15.27
2017/5/1,29497,20.1,43.22,20.48,15.32
2017/5/2,29689,20.19,43.41,20.65,15.41
2017/5/3,29706,20.1,43.24,20.59,15.36
2017/5/4,29844,20.04,43.21,20.61,15.33
2017/5/5,29952,19.97,42.94,20.56,15.29
2017/5/8,30367,20.07,42.81,20.67,15.3
2017/5/9,30639,20.11,42.84,20.81,15.39
2017/5/10,30626,20.17,43.31,20.83,15.47
2017/5/11,30573,20.17,43.39,20.91,15.51
2017/5/12,30727,20.17,43.71,20.99,15.6
2017/5/15,30885,20.35,43.97,21.11,15.71
2017/5/16,30770,20.36,44.18,21.1,15.74
2017/5/17,30405,20.14,43.93,20.91,15.61
2017/5/18,30345,20.08,43.18,20.83,15.51
2017/5/19,30604,20.19,43.38,21.13,15.75
2017/5/22,30558,20.32,43.38,21.26,15.81
2017/5/23,30711,20.27,42.81,21.16,15.73
2017/5/24,30881,20.26,42.68,21.12,15.68
2017/5/25,31006,20.45,43.37,21.29,15.84
2017/5/26,30774,20.44,43.74,21.36,15.88
2017/5/29,30781,20.4,43.88,21.34,15.91
2017/5/30,30877,20.34,44.02,21.27,15.89
2017/5/31,30912,20.3,44.08,21.22,15.85
2017/6/1,31333,20.4,44.36,21.37,15.96
2017/6/2,31491,20.61,44.59,21.56,16.07
2017/6/5,31809,20.57,44.67,21.58,16.08
2017/6/6,31466,20.52,44.63,21.59,16.1
2017/6/7,31502,20.48,44.72,21.57,16.12
2017/6/8,31665,20.57,44.87,21.73,16.25
2017/6/9,31610,20.6,44.94,21.81,16.28
2017/6/12,31083,20.37,44.55,21.53,16.09
2017/6/13,31130,20.54,44.74,21.64,16.16
2017/6/14,30825,20.71,45.08,21.74,16.26
2017/6/15,30989,20.42,44.48,21.44,16.02
2017/6/16,30906,20.49,44.45,21.42,16.01
2017/6/19,31363,20.67,44.85,21.71,16.24
2017/6/20,31642,20.56,44.61,21.66,16.16
2017/6/21,31553,20.49,44.7,21.68,16.18
2017/6/22,31581,20.62,44.61,21.8,16.23
2017/6/23,31520,20.69,44.43,21.82,16.22
2017/6/26,31698,20.78,44.5,21.95,16.27
2017/6/27,31830,20.74,44.08,21.92,16.25
2017/6/28,31581,20.74,43.98,21.82,16.18
2017/6/29,31513,20.73,43.76,21.75,16.08
2017/6/30,31395,20.68,44.06,21.82,16.14
2017/7/3,31577,20.69,44.44,21.83,16.21
2017/7/4,31103,20.55,44.44,21.64,16.1
2017/7/5,31369,20.57,44.59,21.71,16.17
2017/7/6,31241,20.47,44.66,21.64,16.13
2017/7/7,31393,20.43,44.81,21.65,16.12
2017/7/10,31478,20.54,45.54,21.77,16.2
2017/7/11,31655,20.68,45.28,21.9,16.28
2017/7/12,31770,20.92,45.71,22.17,16.49
2017/7/13,31875,21.07,45.93,22.27,16.53
2017/7/14,31783,21.21,46.16,22.43,16.61
2017/7/17,31915,21.23,45.97,22.38,16.61
2017/7/18,31858,21.31,45.52,22.43,16.63
2017/7/19,31907,21.51,45.95,22.58,16.78
2017/7/20,32052,21.52,45.84,22.61,16.77
2017/7/21,32150,21.4,45.7,22.54,16.71
2017/7/24,32145,21.51,45.9,22.67,16.84
2017/7/25,32323,21.6,46.01,22.66,16.86
2017/7/26,32084,21.57,46.27,22.67,16.9
2017/7/27,32348,21.71,46.38,22.84,16.99
2017/7/28,31996,21.49,46.42,22.6,16.97
2017/7/31,31848,21.57,46.45,22.67,17.04
2017/8/1,31989,21.65,46.56,22.77,17.1
2017/8/2,32125,21.66,46.71,22.72,17.02
2017/8/3,32094,21.53,46.56,22.62,16.98
2017/8/4,32394,21.53,46.66,22.63,17.02
2017/8/7,32350,21.61,46.55,22.73,17.1
2017/8/8,32338,21.65,46.48,22.87,17.18
2017/8/9,31787,21.45,45.92,22.65,17.06
2017/8/10,31498,21.24,45.04,22.36,16.85
2017/8/11,31262,21.07,44.66,22.12,16.64
2017/8/14,31597,21.31,45.33,22.41,16.89
2017/8/15,31837,21.26,45.02,22.34,16.81
2017/8/16,31939,21.48,45.62,22.58,17.01
2017/8/17,31853,21.43,45.75,22.62,17.04
2017/8/18,31615,21.38,45.62,22.56,16.99
2017/8/21,31509,21.4,45.41,22.58,16.97
2017/8/22,31875,21.6,45.52,22.81,17.1
2017/8/23,31897,21.61,45.68,22.88,17.17
2017/8/24,31896,21.72,45.75,22.97,17.2
2017/8/25,31909,21.85,45.96,23.08,17.27
2017/8/28,32071,21.79,46.17,23.04,17.25
2017/8/29,32076,21.71,45.61,22.96,17.17
2017/8/30,32314,21.75,45.77,23.1,17.26
2017/8/31,32346,21.78,45.98,23.11,17.3
2017/9/1,32431,21.87,46.33,23.22,17.39
2017/9/4,32141,21.68,45.96,23.05,17.26
2017/9/5,31678,21.7,46.1,23.02,17.28
2017/9/6,32014,21.69,46.17,22.98,17.25
2017/9/7,32246,21.79,46.31,23.08,17.35
2017/9/8,32400,21.79,46.2,23.07,17.32
2017/9/11,33095,21.95,46.65,23.28,17.49
2017/9/12,33440,22.05,47.04,23.33,17.57
2017/9/13,33670,21.93,46.75,23.26,17.57
2017/9/14,33634,21.91,46.81,23.33,17.58
2017/9/15,33855,21.91,46.96,23.35,17.6
2017/9/18,34085,22.14,47.1,23.58,17.76
2017/9/19,34240,22.1,46.99,23.54,17.73
2017/9/20,34286,22.14,46.88,23.54,17.75
2017/9/21,34046,22.06,46.49,23.5,17.66
2017/9/22,33926,21.97,45.74,23.41,17.56
2017/9/25,33877,21.69,44.83,23.08,17.27
2017/9/26,33915,21.58,44.89,23.01,17.23
2017/9/27,34024,21.6,44.09,23.05,17.2
2017/9/28,34222,21.56,44.58,23.02,17.22
2017/9/29,34356,21.7,44.91,23.24,17.36
2017/10/2,34357,21.77,44.73,23.31,17.39
2017/10/3,34471,21.95,45.26,23.48,17.59
2017/10/4,34550,22.03,45.59,23.56,17.66
2017/10/5,34341,22.08,45.77,23.64,17.7
2017/10/6,34310,22.03,45.41,23.58,17.64
2017/10/9,34337,22.05,45.54,23.68,17.71
2017/10/10,34530,22.21,46.04,23.9,17.89
2017/10/11,34686,22.31,45.68,23.94,17.8
2017/10/12,34893,22.43,46.39,24.02,17.89
2017/10/13,35052,22.52,46.97,24.11,18.0
2017/10/16,35073,22.57,47.15,24.12,18.05
2017/10/17,35216,22.52,46.76,24.02,17.93
2017/10/18,35228,22.5,46.86,24.01,17.89
2017/10/19,34942,22.35,46.78,23.87,17.78
2017/10/20,35331,22.41,46.81,23.9,17.83
2017/10/23,35765,22.35,46.86,23.82,17.8
2017/10/24,36047,22.29,46.93,23.77,17.79
2017/10/25,35794,22.15,46.87,23.72,17.75
2017/10/26,36247,22.24,47.21,23.82,17.8
2017/10/27,36573,22.33,47.26,24.01,17.93
2017/10/30,36389,22.3,47.4,24.02,17.94
2017/10/31,36903,22.41,47.53,24.21,18.06
2017/11/1,37271,22.65,48.21,24.41,18.25
2017/11/2,37464,22.64,48.19,24.36,18.25
2017/11/3,37561,22.66,48.17,24.36,18.26
2017/11/6,37461,22.76,48.67,24.54,18.42
2017/11/7,37640,22.76,47.45,24.5,18.36
2017/11/8,37870,22.85,47.6,24.53,18.42
2017/11/9,37438,22.86,47.38,24.4,18.36
2017/11/10,37256,22.84,47.08,24.4,18.36
2017/11/13,37238,22.91,46.98,24.48,18.35
2017/11/14,37082,22.75,46.75,24.32,18.26
2017/11/15,36478,22.58,46.37,24.23,18.22
2017/11/16,36952,22.81,46.99,24.48,18.44
2017/11/17,36826,22.83,47.75,24.64,18.65
2017/11/20,37123,22.82,47.74,24.72,18.74
2017/11/21,37467,23.09,48.23,25.11,18.98
2017/11/22,37432,23.11,48.19,25.07,18.92
2017/11/23,37247,23.01,48.19,24.91,18.77
2017/11/24,37695,23.18,48.65,24.99,18.87
2017/11/27,37320,22.87,48.56,24.73,18.72
2017/11/28,37236,23.01,48.87,24.86,18.82
2017/11/29,37390,22.85,48.52,24.59,18.55
2017/11/30,37282,22.62,48.08,24.36,18.35
2017/12/1,36791,22.5,47.51,24.13,18.12
2017/12/4,37041,22.61,47.22,24.25,18.18
2017/12/5,37070,22.55,47.38,24.22,18.16
2017/12/6,36526,22.14,46.89,23.89,17.93
2017/12/7,36855,22.18,47.52,23.95,18.04
2017/12/8,37296,22.32,48.02,24.24,18.25
2017/12/11,37468,22.47,48.46,24.45,18.46
2017/12/12,37637,22.39,47.84,24.32,18.29
2017/12/13,37363,22.57,47.95,24.44,18.35
2017/12/14,37101,22.58,48.45,24.45,18.47
2017/12/15,37191,22.53,48.71,24.39,18.44
2017/12/18,37559,22.64,48.75,24.48,18.53
2017/12/19,37445,22.65,49.05,24.5,18.56
2017/12/20,37687,22.68,49.16,24.54,18.55
2017/12/21,37902,22.78,49.35,24.68,18.75
2017/12/22,37965,22.84,49.47,24.76,18.75
2017/12/26,37913,22.82,49.63,24.75,18.8
2017/12/27,38018,22.88,49.52,24.75,18.74
2017/12/28,37713,23.12,49.6,24.94,18.84
2017/12/29,37697,23.2,50.02,25.06,18.94
2018/1/2,37634,23.54,49.96,25.43,19.15
2018/1/3,38074,23.68,50.09,25.63,19.29
2018/1/4,38989,23.71,50.4,25.77,19.49
2018/1/5,39502,23.83,50.96,25.9,19.6
2018/1/8,39576,23.78,51.0,25.96,19.58
2018/1/9,39555,23.77,50.76,25.95,19.6
2018/1/10,39393,23.64,50.5,25.85,19.56
2018/1/11,39591,23.74,50.68,25.86,19.6
2018/1/12,39886,23.89,51.02,26.1,19.8
2018/1/15,39716,23.89,51.2,26.14,19.82
2018/1/16,39999,24.02,50.5,26.34,19.86
2018/1/17,40183,24.05,50.88,26.3,19.86
2018/1/18,39777,24.07,50.85,26.36,19.87
2018/1/19,40177,24.28,51.19,26.58,19.97
2018/1/22,40336,24.36,51.62,26.76,20.13
2018/1/23,40491,24.59,52.0,27.03,20.37
2018/1/24,39856,24.67,52.08,27.11,20.41
2018/1/25,39472,24.67,51.94,27.14,20.36
2018/1/26,39490,24.79,51.81,27.28,20.52
2018/1/29,39621,24.63,52.0,27.13,20.43
2018/1/30,39129,24.32,51.36,26.77,20.14
2018/1/31,38840,24.49,51.41,27.05,20.32
2018/2/1,39392,24.34,50.82,26.84,20.15
2018/2/2,39192,24.05,49.45,26.51,19.88
2018/2/5,38148,23.9,49.07,26.28,19.73
2018/2/6,36698,23.14,48.14,25.51,19.18
2018/2/7,37349,23.12,48.66,25.58,19.29
2018/2/8,36393,22.67,48.42,25.11,18.95
2018/2/9,35616,22.31,48.18,24.65,18.62
2018/2/12,36211,22.65,48.86,25.11,18.93
2018/2/13,35418,22.79,48.86,25.42,19.08
2018/2/14,35255,23.15,49.18,25.7,19.32
2018/2/15,35783,23.46,49.25,26.01,19.48
2018/2/16,36285,23.59,48.59,26.14,19.49
2018/2/19,36674,23.46,48.05,25.96,19.38
2018/2/20,36713,23.29,47.77,25.87,19.31
2018/2/21,36758,23.66,47.96,26.24,19.53
2018/2/22,36414,23.55,47.68,26.15,19.44
2018/2/23,36502,23.65,48.17,26.26,19.55
2018/2/26,36969,23.88,48.69,26.47,19.72
2018/2/27,37298,23.65,48.2,26.16,19.49
2018/2/28,36595,23.46,47.96,25.98,19.34
2018/3/1,35893,23.42,47.9,25.99,19.38
2018/3/2,34927,23.13,47.67,25.7,19.17
2018/3/5,35294,23.16,47.81,25.72,19.2
2018/3/6,35523,23.35,47.16,25.95,19.25
2018/3/7,35375,23.25,46.74,25.89,19.13
2018/3/8,35418,23.41,46.96,26.09,19.28
2018/3/9,35944,23.79,47.25,26.39,19.53
2018/3/12,36075,23.91,47.68,26.64,19.65
2018/3/13,36204,23.92,47.82,26.6,19.56
2018/3/14,35964,23.81,47.56,26.6,19.54
2018/3/15,36314,23.87,47.49,26.74,19.64
2018/3/16,36111,23.79,46.82,26.62,19.48
2018/3/19,35396,23.53,46.15,26.33,19.26
2018/3/20,35535,23.76,46.51,26.66,19.46
2018/3/21,35605,23.83,46.82,26.66,19.48
2018/3/22,35335,23.45,46.49,26.04,19.06
2018/3/23,34309,23.13,46.24,25.77,18.94
2018/3/26,34073,23.25,46.88,25.97,19.1
2018/3/27,35173,23.46,47.13,26.23,19.26
2018/3/28,35090,23.03,46.68,25.74,18.85
2018/3/29,35534,23.23,46.98,26.01,19.02
2018/3/30,35554,23.19,47.22,25.97,18.98
2018/4/2,35014,23.04,47.17,25.88,18.9
2018/4/3,35430,23.22,47.77,26.09,19.03
2018/4/4,35036,22.92,47.47,25.76,18.84
2018/4/5,35704,23.29,48.17,26.12,19.1
2018/4/6,34970,23.04,48.07,25.8,18.93
2018/4/9,35345,23.27,48.47,26.15,19.12
2018/4/10,35626,23.53,48.38,26.32,19.28
2018/4/11,35524,23.58,48.42,26.33,19.33
2018/4/12,35528,23.62,48.51,26.29,19.3
2018/4/13,35643,23.49,48.41,26.07,19.13
2018/4/16,35737,23.43,48.58,26.03,19.06
2018/4/17,35670,23.35,48.65,25.89,19.01
2018/4/18,36009,23.5,48.57,26.0,19.03
2018/4/19,35947,23.53,48.51,26.1,19.11
2018/4/20,35830,23.24,48.47,25.82,19.02
2018/4/23,36361,23.14,48.49,25.75,18.95
2018/4/24,36685,23.28,48.69,25.83,19.02
2018/4/25,36481,23.05,48.3,25.54,18.77
2018/4/26,36641,23.11,48.57,25.58,18.74
2018/4/27,36381,23.3,48.9,25.79,18.89
2018/4/30,36567,23.54,49.18,25.99,19.03
2018/5/1,36205,23.33,48.87,25.79,18.89
2018/5/2,36358,23.49,48.93,25.97,19.01
2018/5/3,35699,23.21,48.66,25.62,18.78
2018/5/4,36247,23.35,48.74,25.78,18.87
2018/5/7,36319,23.4,48.68,25.83,18.94
2018/5/8,36428,23.45,48.67,26.0,18.99
2018/5/9,36179,23.48,48.51,26.02,19.03
2018/5/10,36306,23.82,48.6,26.35,19.19
2018/5/11,36822,23.88,48.61,26.41,19.23
2018/5/14,37087,24.02,48.49,26.58,19.37
2018/5/15,36934,23.59,47.79,26.05,19.05
2018/5/16,36951,23.69,48.0,26.22,19.11
2018/5/17,37327,23.66,47.65,26.11,19.02
2018/5/18,37272,23.55,47.01,26.01,18.9
2018/5/21,37519,23.71,46.54,26.09,18.84
2018/5/22,37443,23.78,46.7,26.17,18.85
2018/5/23,36863,23.47,46.35,25.88,18.65
2018/5/24,36217,23.48,46.59,25.83,18.68
2018/5/25,36220,23.58,47.39,25.95,18.81
2018/5/28,36289,23.66,47.99,26.12,18.95
2018/5/29,35779,23.39,47.45,25.82,18.79
2018/5/30,35743,23.3,47.7,25.71,18.78
2018/5/31,35627,23.44,47.97,25.91,18.92
2018/6/1,36111,23.6,48.04,26.14,19.09
2018/6/4,36546,23.85,47.55,26.33,19.19
2018/6/5,36476,23.87,47.2,26.4,19.22
2018/6/6,36627,24.12,47.98,26.65,19.43
2018/6/7,36822,24.09,48.03,26.58,19.42
2018/6/8,36584,23.89,48.0,26.32,19.23
2018/6/11,36920,23.9,48.09,26.29,19.24
2018/6/12,36662,23.94,48.38,26.37,19.34
2018/6/13,36684,23.81,48.46,26.23,19.22
2018/6/14,36667,23.59,48.3,26.01,19.15
2018/6/15,36348,23.31,47.86,25.7,18.95
2018/6/18,36044,23.23,47.92,25.56,18.84
2018/6/19,35448,22.96,47.62,25.2,18.56
2018/6/20,35525,23.13,47.85,25.26,18.62
2018/6/21,35382,22.92,47.9,25.01,18.45
2018/6/22,35667,23.03,48.11,25.18,18.54
2018/6/25,34977,22.62,47.54,24.7,18.21
2018/6/26,35288,22.71,47.51,24.7,18.14
2018/6/27,35500,22.55,46.85,24.46,17.94
2018/6/28,35306,22.37,46.3,24.27,17.81
2018/6/29,35509,22.78,47.32,24.77,18.14
2018/7/2,34895,22.47,46.78,24.43,17.94
2018/7/3,34959,22.5,47.1,24.45,17.95
2018/7/4,34657,22.42,47.29,24.34,17.93
2018/7/5,34464,22.42,47.09,24.23,17.83
2018/7/6,34756,22.58,47.46,24.4,17.99
2018/7/9,35344,22.88,47.8,24.76,18.22
2018/7/10,35415,22.87,48.25,24.76,18.27
2018/7/11,35097,22.6,48.3,24.43,18.13
2018/7/12,35183,22.8,48.93,24.72,18.3
2018/7/13,35556,22.84,48.65,24.8,18.33
2018/7/16,35541,22.72,47.96,24.78,18.22
2018/7/17,35791,22.7,48.52,24.74,18.28
2018/7/18,35774,22.7,48.14,24.7,18.27
2018/7/19,35763,22.55,47.62,24.53,18.12
2018/7/20,35500,22.8,48.19,24.79,18.31
2018/7/23,35581,22.66,48.52,24.72,18.28
2018/7/24,35799,22.93,48.91,24.87,18.44
2018/7/25,35772,22.97,48.91,25.1,18.53
2018/7/26,36163,22.96,49.08,25.1,18.58
2018/7/27,36222,22.99,49.5,25.1,18.56
2018/7/30,35901,22.87,49.75,24.94,18.46
2018/7/31,35709,22.94,50.06,24.92,18.52
2018/8/1,35891,22.78,50.14,24.83,18.43
2018/8/2,35560,22.43,49.52,24.37,18.15
2018/8/3,35358,22.52,50.04,24.43,18.22
2018/8/6,35222,22.45,50.17,24.34,18.15
2018/8/7,35537,22.69,50.27,24.61,18.28
2018/8/8,35535,22.72,50.4,24.58,18.27
2018/8/9,35492,22.85,50.46,24.82,18.38
2018/8/10,34940,22.57,49.94,24.58,18.23
2018/8/13,34590,22.28,49.03,24.26,17.96
2018/8/14,34882,22.15,49.37,24.07,17.86
2018/8/15,34276,21.8,49.2,23.54,17.59
2018/8/16,34533,22.0,49.19,23.69,17.67
2018/8/17,34578,21.92,49.68,23.57,17.63
2018/8/20,34573,22.14,50.08,23.81,17.83
2018/8/21,34494,22.31,50.29,24.15,17.99
2018/8/22,34855,22.47,50.35,24.31,18.06
2018/8/23,34734,22.3,50.19,24.11,17.99
2018/8/24,34894,22.42,50.46,24.19,18.07
2018/8/27,35386,22.75,50.78,24.62,18.31
2018/8/28,35437,22.82,50.89,24.62,18.33
2018/8/29,35795,22.89,50.53,24.63,18.31
2018/8/30,35417,22.61,49.94,24.36,18.01
2018/8/31,35389,22.5,50.15,24.26,17.98
2018/9/3,35206,22.44,49.48,24.21,17.89
2018/9/4,35117,22.29,48.82,24.05,17.74
2018/9/5,34799,21.94,48.48,23.65,17.45
2018/9/6,34502,21.75,48.4,23.51,17.4
2018/9/7,34542,21.76,48.87,23.61,17.51
2018/9/10,34565,21.54,47.67,23.29,17.23
2018/9/11,34746,21.45,47.14,23.14,17.08
2018/9/12,34591,21.53,47.76,23.21,17.16
2018/9/13,34964,21.75,48.04,23.52,17.43
2018/9/14,35537,21.92,48.36,23.68,17.51
2018/9/17,35587,21.68,47.39,23.36,17.24
2018/9/18,36264,21.74,46.77,23.42,17.23
2018/9/19,36495,21.94,46.86,23.74,17.41
2018/9/20,36750,22.04,47.12,23.86,17.5
2018/9/21,36994,22.23,46.58,24.15,17.56
2018/9/24,36821,21.99,45.32,23.82,17.23
2018/9/25,37441,22.06,45.76,23.92,17.37
2018/9/26,37640,22.23,45.72,24.1,17.42
2018/9/27,37607,22.23,45.35,24.1,17.43
2018/9/28,37599,22.22,45.1,24.12,17.41
2018/10/1,37736,22.22,44.74,24.13,17.4
2018/10/2,37474,21.88,44.62,23.77,17.23
2018/10/3,37301,21.79,43.96,23.68,17.06
2018/10/4,36948,21.36,42.72,23.14,16.64
2018/10/5,36712,21.13,41.62,22.9,16.39
2018/10/8,36441,20.91,41.5,22.53,16.24
2018/10/9,36210,20.89,41.41,22.51,16.26
2018/10/10,35876,20.67,41.85,22.17,16.11
2018/10/11,35045,20.12,41.28,21.64,15.82
2018/10/12,34775,20.51,42.31,22.15,16.18
2018/10/15,34654,20.43,42.65,22.09,16.15
2018/10/16,35130,20.63,43.46,22.2,16.34
2018/10/17,35183,20.59,42.67,22.09,16.22
2018/10/18,34901,20.36,42.27,21.71,16.0
2018/10/19,34841,20.48,42.05,21.91,16.02
2018/10/22,34693,20.59,41.58,22.25,16.1
2018/10/23,33626,20.12,41.32,21.75,15.8
2018/10/24,33431,19.97,41.64,21.53,15.7
2018/10/25,33382,19.88,41.49,21.49,15.71
2018/10/26,32425,19.54,41.21,21.09,15.51
2018/10/29,32614,19.55,41.91,20.93,15.4
2018/10/30,32964,19.57,41.94,20.82,15.34
2018/10/31,33648,19.93,42.39,21.36,15.69
2018/11/1,33442,20.37,43.13,21.87,16.01
2018/11/2,33722,20.63,43.56,22.3,16.25
2018/11/5,33733,20.54,43.58,22.19,16.23
2018/11/6,33929,20.57,43.55,22.22,16.28
2018/11/7,34149,20.83,44.13,22.5,16.47
2018/11/8,34386,20.75,43.98,22.28,16.36
2018/11/9,33943,20.37,43.76,21.85,16.08
2018/11/12,33504,20.15,43.07,21.57,15.83
2018/11/13,33464,20.5,44.05,22.06,16.22
2018/11/14,33283,20.36,44.06,22.01,16.2
2018/11/15,33256,20.6,44.55,22.27,16.37
2018/11/16,33235,20.68,44.84,22.37,16.51
2018/11/19,33102,20.57,45.21,22.27,16.52
2018/11/20,32763,20.22,44.85,21.88,16.3
2018/11/21,33268,20.47,44.97,22.23,16.46
2018/11/22,33069,20.42,44.94,22.1,16.38
2018/11/23,33201,20.4,45.04,22.02,16.39
2018/11/26,33573,20.65,45.34,22.36,16.59
2018/11/27,33683,20.7,45.6,22.38,16.67
2018/11/28,33655,20.87,46.04,22.6,16.83
2018/11/29,33659,20.98,47.06,22.71,17.01
2018/11/30,33760,20.93,47.29,22.74,17.09
2018/12/3,34133,21.4,46.8,23.25,17.28
2018/12/4,33391,21.39,46.78,23.32,17.31
2018/12/5,33193,21.1,46.38,23.04,17.15
2018/12/6,32032,20.42,45.48,22.25,16.7
2018/12/7,32333,20.63,45.42,22.37,16.81
2018/12/10,31824,20.07,43.75,21.86,16.29
2018/12/11,32073,20.45,44.42,22.21,16.53
2018/12/12,32635,20.81,45.49,22.59,16.81
2018/12/13,32602,20.74,45.83,22.61,16.82
2018/12/14,32236,20.48,45.69,22.27,16.72
2018/12/17,31995,20.5,46.18,22.23,16.71
2018/12/18,31689,20.39,46.88,22.09,16.66
2018/12/19,31718,20.46,47.41,22.22,16.77
2018/12/20,30660,20.11,47.25,21.93,16.6
2018/12/21,29996,20.1,46.51,21.89,16.52
2018/12/24,29524,19.89,46.0,21.66,16.35
2018/12/26,29336,19.9,46.36,21.68,16.39
2018/12/27,30054,20.02,46.56,21.74,16.46
2018/12/28,30381,20.33,46.97,21.97,16.58
2018/12/31,30247,20.38,47.12,22.08,16.68
2019/1/2,30222,20.17,46.82,21.87,16.61
2019/1/3,29686,19.91,46.06,21.42,16.37
2019/1/4,30464,20.38,46.86,21.95,16.82
2019/1/7,30953,20.48,46.71,22.05,16.87
2019/1/8,30941,20.44,46.52,22.01,16.84
2019/1/9,31099,20.85,46.65,22.54,17.09
2019/1/10,31191,20.96,46.68,22.63,17.16
2019/1/11,31101,20.93,46.54,22.66,17.15
2019/1/14,31012,20.81,46.1,22.5,17.04
2019/1/15,31526,21.09,46.39,22.83,17.26
2019/1/16,31502,21.19,46.46,22.99,17.28
2019/1/17,31391,21.18,46.52,22.99,17.3
2019/1/18,32029,21.46,46.38,23.27,17.48
2019/1/21,31887,21.36,46.41,23.24,17.49
2019/1/22,31631,21.17,46.19,23.03,17.37
2019/1/23,31417,21.14,45.93,22.95,17.29
2019/1/24,31704,21.31,46.26,23.2,17.44
2019/1/25,32227,21.69,45.85,23.64,17.62
2019/1/28,31792,21.51,45.19,23.41,17.48
2019/1/29,31850,21.44,44.87,23.38,17.43
2019/1/30,31983,21.57,45.08,23.58,17.52
2019/1/31,32321,21.84,46.05,23.94,17.85
2019/2/1,32341,21.82,46.11,23.93,17.86
2019/2/4,32653,21.84,46.05,23.99,17.85
2019/2/5,32754,22.04,46.13,24.15,17.96
2019/2/6,32700,21.98,46.58,24.14,18.0
2019/2/7,32383,21.78,46.68,23.9,17.88
2019/2/8,31650,21.76,46.26,23.84,17.82
2019/2/11,32065,21.86,45.95,24.05,17.88
2019/2/12,32759,22.0,46.14,24.19,17.9
2019/2/13,32956,22.01,45.78,24.31,17.93
2019/2/14,32722,21.92,45.38,24.15,17.74
2019/2/15,32938,21.89,45.12,24.04,17.69
2019/2/18,33141,21.94,44.71,24.16,17.71
2019/2/19,33203,21.96,44.66,24.11,17.68
2019/2/20,33359,22.22,45.31,24.45,17.91
2019/2/21,33097,22.13,45.24,24.35,17.83
2019/2/22,33244,22.43,45.5,24.69,18.02
2019/2/25,33527,22.67,45.92,24.96,18.26
2019/2/26,33446,22.54,45.66,24.77,18.15
2019/2/27,33216,22.46,45.47,24.67,18.07
2019/2/28,33167,22.35,45.66,24.54,17.96
2019/3/1,33321,22.42,45.77,24.62,18.04
2019/3/4,33467,22.42,45.68,24.65,18.04
2019/3/5,33434,22.54,46.54,24.82,18.21
2019/3/6,33303,22.56,47.19,24.84,18.24
2019/3/7,32734,22.34,47.23,24.52,18.09
2019/3/8,32245,22.09,47.4,24.21,17.93
2019/3/11,32676,22.37,48.14,24.59,18.21
2019/3/12,32993,22.51,48.89,24.77,18.29
2019/3/13,32862,22.51,49.09,24.84,18.37
2019/3/14,32627,22.4,49.12,24.73,18.33
2019/3/15,32912,22.63,49.61,25.01,18.52
2019/3/18,32966,22.8,49.81,25.26,18.68
2019/3/19,33129,22.84,49.87,25.32,18.72
2019/3/20,33011,22.68,50.0,25.17,18.65
2019/3/21,33012,22.76,50.08,25.29,18.64
2019/3/22,32701,22.52,49.35,24.97,18.41
2019/3/25,32590,22.42,49.19,24.84,18.32
2019/3/26,33196,22.45,49.63,24.93,18.37
2019/3/27,33113,22.34,49.28,24.8,18.28
2019/3/28,32984,22.43,49.7,24.92,18.39
2019/3/29,33120,22.64,49.95,25.26,18.6
2019/4/1,33760,22.9,50.34,25.63,18.76
2019/4/2,33649,22.93,50.63,25.64,18.8
2019/4/3,34112,23.15,50.75,25.87,18.91
2019/4/4,33959,23.08,50.2,25.81,18.84
2019/4/5,34160,23.14,50.34,25.94,18.93
2019/4/8,33918,23.11,49.81,25.86,18.87
2019/4/9,33747,23.15,50.22,25.92,18.98
2019/4/10,33619,23.22,49.9,26.01,19.02
2019/4/11,33701,23.01,49.95,25.78,18.86
2019/4/12,33799,23.14,49.97,25.88,18.93
2019/4/15,34169,23.07,49.98,25.78,18.85
2019/4/16,34220,23.21,50.26,25.92,18.95
2019/4/17,34312,23.27,50.33,26.02,19.08
2019/4/18,34165,23.22,50.2,25.98,19.06
2019/4/19,34100,23.22,50.22,26.0,19.09
2019/4/22,34028,23.09,49.43,25.83,18.89
2019/4/23,34180,23.15,49.34,25.88,18.91
2019/4/24,33779,23.06,49.74,25.78,18.91
2019/4/25,33820,22.91,49.27,25.51,18.72
2019/4/26,33820,23.04,49.95,25.62,18.9
2019/4/29,33820,23.1,49.97,25.72,18.94
2019/4/30,33820,22.99,50.01,25.59,18.93
2019/5/1,33820,23.14,50.12,25.74,19.02
2019/5/2,33820,23.07,50.05,25.76,18.98
2019/5/3,33820,23.29,50.24,25.96,19.08
2019/5/6,33820,22.76,49.8,25.31,18.67
2019/5/7,33169,22.56,49.01,25.08,18.45
2019/5/8,32780,22.54,48.52,25.04,18.37
2019/5/9,32048,21.95,47.78,24.24,17.93
2019/5/10,32200,22.02,47.9,24.46,18.06
2019/5/13,31922,21.71,46.95,24.04,17.78
2019/5/14,32406,21.9,47.52,24.21,17.9
2019/5/15,32541,21.96,47.44,24.38,17.94
2019/5/16,32676,22.01,47.78,24.34,17.98
2019/5/17,32545,21.76,48.04,23.97,17.81
2019/5/20,32091,21.74,49.98,23.85,17.95
2019/5/21,32286,21.81,49.8,23.92,17.94
2019/5/22,32056,21.73,49.84,23.95,17.92
2019/5/23,31561,21.53,49.6,23.66,17.75
2019/5/24,31761,21.59,50.41,23.7,17.85
2019/5/27,31955,21.65,50.81,23.82,17.98
2019/5/28,31958,21.69,50.92,23.84,17.99
2019/5/29,31688,21.48,50.42,23.68,17.92
2019/5/30,32033,21.59,50.86,23.82,18.03
2019/5/31,31438,21.66,51.07,23.88,18.12
2019/6/3,31377,21.85,51.89,24.1,18.31
2019/6/4,31749,21.87,51.5,24.02,18.26
2019/6/5,31999,21.83,51.49,23.98,18.23
2019/6/6,31928,21.78,50.98,23.95,18.19
2019/6/7,32330,21.97,51.0,24.16,18.29
2019/6/10,32741,22.19,51.13,24.48,18.48
2019/6/11,32913,22.29,51.17,24.62,18.56
2019/6/12,32698,22.08,51.02,24.35,18.43
2019/6/13,32557,22.01,50.88,24.29,18.4
2019/6/14,32456,21.86,50.42,24.16,18.29
2019/6/17,32412,21.86,49.87,24.14,18.21
2019/6/18,32519,22.27,50.09,24.64,18.49
2019/6/19,32679,22.48,49.89,24.89,18.6
2019/6/20,32667,22.77,50.59,25.26,18.89
2019/6/21,32631,22.76,50.16,25.25,18.81
2019/6/24,32425,22.79,50.31,25.23,18.82
2019/6/25,32297,22.66,50.58,25.07,18.78
2019/6/26,32341,22.75,50.95,25.22,18.87
2019/6/27,32563,22.88,51.07,25.42,18.97
2019/6/28,32751,22.87,50.93,25.46,18.97
2019/7/1,33414,23.08,51.34,25.82,19.27
2019/7/2,33699,23.16,51.6,25.92,19.33
2019/7/3,33551,23.09,51.69,25.76,19.29
2019/7/4,33565,23.13,51.98,25.78,19.26
2019/7/5,33534,22.98,51.44,25.66,19.18
2019/7/8,33416,22.68,50.37,25.25,18.9
2019/7/9,33198,22.61,50.53,25.25,18.88
2019/7/10,33159,22.74,50.45,25.39,18.93
2019/7/11,33374,22.86,50.6,25.54,19.0
2019/7/12,33291,22.88,50.47,25.56,18.99
2019/7/15,33332,22.97,50.64,25.67,19.12
2019/7/16,33257,22.99,50.8,25.75,19.13
2019/7/17,33091,22.91,50.69,25.64,19.1
2019/7/18,32627,22.87,50.3,25.59,19.02
2019/7/19,33030,23.08,49.74,25.84,19.08
2019/7/22,33087,22.95,49.36,25.71,18.95
2019/7/23,33455,23.02,49.2,25.8,19.0
2019/7/24,33624,23.04,48.99,25.81,19.02
2019/7/25,33565,23.01,49.07,25.82,19.06
2019/7/26,33395,22.88,49.16,25.71,18.99
2019/7/29,33263,22.81,48.95,25.5,18.91
2019/7/30,33102,22.73,48.46,25.47,18.87
2019/7/31,33214,22.58,48.5,25.27,18.79
2019/8/1,33356,22.5,48.01,25.29,18.76
2019/8/2,32070,21.86,47.55,24.46,18.32
2019/8/5,31318,21.23,46.39,23.65,17.76
2019/8/6,31433,21.16,46.55,23.7,17.78
2019/8/7,31449,21.18,46.31,23.73,17.8
2019/8/8,31721,21.5,47.27,24.1,18.09
2019/8/9,31221,21.27,47.01,23.8,17.92
2019/8/12,31150,21.18,46.8,23.74,17.87
2019/8/13,31559,21.28,46.66,23.8,17.9
2019/8/14,30939,20.95,46.48,23.44,17.67
2019/8/15,31113,21.01,46.38,23.64,17.73
2019/8/16,31473,21.31,46.82,24.07,17.97
2019/8/19,31581,21.48,46.7,24.3,18.08
2019/8/20,31580,21.54,46.48,24.32,18.05
2019/8/21,31713,21.57,46.14,24.4,18.06
2019/8/22,31529,21.31,45.27,24.1,17.85
2019/8/23,31173,21.18,45.65,24.0,17.89
2019/8/26,31460,21.13,46.42,23.94,17.92
2019/8/27,31483,21.17,46.71,23.99,17.96
2019/8/28,31401,21.26,46.44,24.03,17.95
2019/8/29,31651,21.33,46.08,24.13,18.01
2019/8/30,31733,21.4,46.39,24.21,18.1
2019/9/2,31795,21.38,45.9,24.2,18.05
2019/9/3,31795,21.27,45.3,24.0,17.88
2019/9/4,32009,21.64,45.4,24.42,18.07
2019/9/5,32630,21.89,45.56,24.75,18.21
2019/9/6,32642,22.06,46.02,24.91,18.31
2019/9/9,32967,22.09,46.22,24.93,18.31
2019/9/10,33071,22.04,46.13,24.82,18.23
2019/9/11,33728,22.2,46.34,24.99,18.33
2019/9/12,34090,22.33,46.51,25.17,18.4
2019/9/13,34461,22.44,46.91,25.34,18.49
2019/9/16,34257,22.31,46.28,25.11,18.29
2019/9/17,34508,22.19,45.74,24.93,18.19
2019/9/18,34372,22.16,45.8,24.92,18.16
2019/9/19,34607,22.18,45.26,24.95,18.12
2019/9/20,34445,22.22,47.45,24.99,18.33
2019/9/23,34124,22.15,48.66,24.87,18.35
2019/9/24,34326,22.08,48.43,24.8,18.25
2019/9/25,34353,21.95,47.89,24.7,18.2
2019/9/26,34680,21.93,48.36,24.7,18.25
2019/9/27,34602,21.9,48.36,24.68,18.25
2019/9/30,34426,21.91,47.92,24.7,18.19
2019/10/1,34493,21.8,47.4,24.52,18.03
2019/10/2,34033,21.64,47.26,24.34,17.95
2019/10/3,33920,21.74,47.38,24.5,18.04
2019/10/4,34134,21.8,46.97,24.52,18.02
2019/10/7,34252,21.8,46.62,24.54,18.0
2019/10/8,33985,21.67,46.45,24.42,17.86
2019/10/9,34263,21.72,47.11,24.48,17.93
2019/10/10,34396,21.91,46.99,24.69,18.05
2019/10/11,35065,22.28,47.13,25.1,18.28
2019/10/14,34799,22.24,47.19,25.05,18.25
2019/10/15,35557,22.37,47.44,25.23,18.39
2019/10/16,35520,22.42,47.61,25.27,18.42
2019/10/17,35382,22.51,48.22,25.34,18.56
2019/10/18,35262,22.43,48.56,25.26,18.55
2019/10/21,35476,22.46,48.5,25.3,18.56
2019/10/22,35590,22.53,48.66,25.33,18.51
2019/10/23,35763,22.44,48.77,25.19,18.49
2019/10/24,35842,22.54,48.63,25.22,18.51
2019/10/25,35986,22.62,48.89,25.31,18.54
2019/10/28,36040,22.76,48.87,25.57,18.64
2019/10/29,36374,22.73,49.66,25.46,18.69
2019/10/30,36263,22.66,49.83,25.44,18.72
2019/10/31,35798,22.67,49.85,25.5,18.7
2019/11/1,36093,22.89,49.97,25.81,18.81
2019/11/4,36386,23.13,50.04,26.13,18.97
2019/11/5,36785,23.23,49.91,26.27,19.07
2019/11/6,36698,23.23,49.98,26.28,19.08
2019/11/7,37116,23.35,50.03,26.43,19.16
2019/11/8,36821,23.16,49.44,26.2,19.0
2019/11/11,36903,22.91,49.35,25.86,18.82
2019/11/12,37177,23.01,49.28,25.98,18.87
2019/11/13,37003,22.73,48.71,25.63,18.69
2019/11/14,36634,22.68,48.83,25.59,18.67
2019/11/15,37127,22.86,49.05,25.81,18.75
2019/11/18,36929,22.98,48.98,25.95,18.76
2019/11/19,36662,23.09,49.14,26.15,18.92
2019/11/20,36687,22.93,49.39,26.02,18.86
2019/11/21,36405,22.7,49.28,25.8,18.77
2019/11/22,36448,22.72,49.11,25.82,18.75
2019/11/25,36818,22.96,49.77,26.13,18.96
2019/11/26,36856,22.96,49.66,26.03,18.92
2019/11/27,37123,23.09,49.88,26.17,19.0
2019/11/28,37064,23.04,49.88,26.11,18.98
2019/11/29,36904,22.78,49.6,25.78,18.78
2019/12/2,36594,22.72,49.62,25.69,18.72
2019/12/3,36426,22.55,49.45,25.55,18.66
2019/12/4,37161,22.63,49.78,25.65,18.72
2019/12/5,37129,22.74,49.89,25.75,18.85
2019/12/6,37544,22.96,49.54,26.01,18.93
2019/12/9,37537,22.91,49.71,26.03,18.98
2019/12/10,37510,22.86,49.49,26.0,18.9
2019/12/11,37410,23.04,49.7,26.16,18.99
2019/12/12,37744,23.38,49.92,26.61,19.13
2019/12/13,37657,23.57,50.44,26.95,19.3
2019/12/16,38172,23.78,50.24,27.04,19.31
2019/12/17,38015,23.91,50.64,27.33,19.49
2019/12/18,37907,23.98,50.75,27.47,19.65
2019/12/19,37918,23.9,50.92,27.36,19.63
2019/12/20,38076,23.92,50.89,27.41,19.71
2019/12/23,37791,23.9,50.66,27.36,19.64
2019/12/24,37751,23.86,50.51,27.26,19.56
2019/12/26,37949,23.94,50.1,27.35,19.56
2019/12/27,37879,24.1,50.57,27.59,19.65
2019/12/30,37405,24.08,50.63,27.51,19.65
2019/12/31,37275,23.96,50.33,27.39,19.53
2020/1/2,37628,24.22,50.89,27.83,19.81
2020/1/3,37271,24.13,50.42,27.67,19.7
2020/1/6,37341,23.96,49.48,27.36,19.46
2020/1/7,37605,24.1,49.83,27.55,19.64
2020/1/8,37656,24.07,49.87,27.55,19.56
2020/1/9,37829,24.39,50.95,27.95,19.88
